사용월,호선명,지하철역,04시-05시 승차인원,04시-05시 하차인원,05시-06시 승차인원,05시-06시 하차인원,06시-07시 승차인원,06시-07시 하차인원,07시-08시 승차인원,07시-08시 하차인원,08시-09시 승차인원,08시-09시 하차인원,09시-10시 승차인원,09시-10시 하차인원,10시-11시 승차인원,10시-11시 하차인원,11시-12시 승차인원,11시-12시 하차인원,12시-13시 승차인원,12시-13시 하차인원,13시-14시 승차인원,13시-14시 하차인원,14시-15시 승차인원,14시-15시 하차인원,15시-16시 승차인원,15시-16시 하차인원,16시-17시 승차인원,16시-17시 하차인원,17시-18시 승차인원,17시-18시 하차인원,18시-19시 승차인원,18시-19시 하차인원,19시-20시 승차인원,19시-20시 하차인원,20시-21시 승차인원,20시-21시 하차인원,21시-22시 승차인원,21시-22시 하차인원,22시-23시 승차인원,22시-23시 하차인원,23시-24시 승차인원,23시-24시 하차인원,00시-01시 승차인원,00시-01시 하차인원,01시-02시 승차인원,01시-02시 하차인원,02시-03시 승차인원,02시-03시 하차인원,03시-04시 승차인원,03시-04시 하차인원,작업일자
202506,1호선,동대문,575,17,11259,1969,9299,7110,15607,12323,21635,19678,21319,22064,19129,25026,20255,28225,23988,26928,26118,25575,28197,24262,28180,23442,28497,22956,26927,22782,23966,22330,18091,21598,16795,16227,15038,14989,11277,14858,5887,9784,820,2982,0,236,0,0,0,0,20250703
202506,1호선,동묘앞,181,3,2690,925,3817,5502,8686,11267,13321,22446,12449,19629,14634,25320,20146,32284,26928,32663,33321,35208,33986,29758,33934,26263,34080,20690,30848,15644,22978,13310,12237,9607,6908,6486,5407,6857,3695,6654,1372,4739,115,1872,1,261,0,0,0,0,20250703
202506,1호선,서울역,730,49,10751,10048,29185,60086,90184,123995,143724,234753,112732,163546,98328,99749,111536,95531,124637,104979,116558,103202,102665,96408,131219,108870,145385,118187,212902,139954,237451,163001,136168,110572,100704,82475,105192,77520,69756,56423,39255,29968,4636,7575,5,178,0,0,0,0,20250703
202506,1호선,시청,96,0,1803,5796,3972,26490,7355,74815,9980,193956,12772,86440,14779,46870,20100,44382,24020,39782,31341,38223,38912,31253,49166,26098,61391,25991,92565,26960,150960,25143,59642,15048,54581,10069,51883,8300,31264,5799,10279,3737,538,983,0,12,0,0,0,0,20250703
202506,1호선,신설동,436,21,9189,2288,10160,8978,21468,25241,31531,50905,22073,31406,20427,20968,21678,19142,23384,18816,24290,20245,23345,19518,24989,21037,30139,22681,40517,25232,49419,30099,20152,22145,14346,16424,12852,16278,8431,14393,3652,9485,371,2857,0,0,0,0,0,0,20250703
202506,1호선,제기동,332,2,5240,2403,9257,11022,21162,21206,30622,37345,23261,32987,26093,37180,32167,43797,36058,45130,37961,43892,41874,42220,44278,34086,44683,33127,42428,28171,37176,26328,20578,17457,13932,11891,8955,11290,5591,9309,2153,6041,187,1335,0,0,0,0,0,0,20250703
202506,1호선,종각,134,6,3971,5953,4185,38295,6514,113759,10169,250469,12827,133513,18401,58743,27708,58687,33287,51902,42704,50364,53209,42213,66853,37604,84191,40534,150038,45268,202433,45383,90380,22632,81480,12841,81761,9425,57655,7068,24537,4305,1784,1206,0,4,0,0,0,0,20250703
202506,1호선,종로3가,194,6,4041,3283,4427,13971,6348,27656,10305,63774,14708,60722,21364,54677,31417,65554,43635,63211,47441,57222,56502,49602,64623,43979,71173,42120,83400,40572,88106,37889,55006,20028,48808,12705,51827,9975,38852,7778,17354,5260,1691,2155,0,45,0,0,0,0,20250703
202506,1호선,종로5가,53,2,2119,4035,3220,16855,6013,40913,10352,83557,15387,60916,25445,57864,36091,61294,43974,55674,52677,51310,60610,46619,62160,40417,66808,38120,83762,34211,83154,29628,44015,17010,33123,10209,29726,7391,18180,5625,5180,3577,341,931,0,0,0,0,0,0,20250703
202506,1호선,청량리(서울시립대입구),1193,19,10610,2964,18162,11266,47518,17751,55262,38402,36971,39070,34868,42257,40287,47646,45333,47124,47616,48313,49254,48985,51849,47728,54091,49128,52080,51595,44582,57705,26923,37330,21170,23781,16214,22900,10430,19480,4108,11824,334,3604,0,0,0,0,0,0,20250703
202506,2호선,강남,135,14,8224,11119,17490,55395,39345,150041,59578,303651,51861,310465,53627,149452,70822,102562,86236,97983,101806,114914,114468,102843,138155,96761,162277,105052,243089,132447,305175,164271,203543,97285,160081,61878,174999,49448,149039,40786,68256,22420,11249,6050,3,69,0,0,0,0,20250703
202506,2호선,강변(동서울터미널),30,1,8808,1723,21889,21731,62952,22209,94061,39085,71368,33730,58338,31865,50126,31450,44938,34206,42921,38226,39983,42678,43392,51336,47472,53940,51122,66098,53980,85859,36527,59728,29432,44692,24613,35528,15887,30778,5792,16759,769,4119,0,38,0,0,0,0,20250703
202506,2호선,건대입구,380,11,15508,1724,22764,14137,53059,23673,87349,56136,63497,47367,43005,44835,40453,47770,46409,53101,50364,58799,53092,59630,57101,64282,66781,76455,74690,99417,83341,138637,63383,97344,66583,66766,69393,63244,66978,55129,40064,32530,6218,11217,7,917,0,0,0,0,20250703
202506,2호선,교대(법원.검찰청),25,2,2677,6295,11129,26995,24045,55945,34104,151545,28726,125087,26752,66391,31019,57369,33629,51642,40629,54533,48893,48204,52923,46771,56765,49153,91273,63774,125809,67589,59845,39512,53204,26323,50924,23387,37023,21662,15197,11325,2820,3197,0,23,0,0,0,0,20250703
202506,2호선,구로디지털단지,474,18,38367,5115,52885,20021,133186,79938,174292,212226,110873,131928,70964,56033,64759,46418,71254,51242,68533,64387,62206,62381,69436,66834,84670,80855,133592,108622,189379,157507,95849,121302,62730,84680,51432,85984,39511,81070,18349,48601,3357,12853,4,175,0,0,0,0,20250703
202506,2호선,구의(광진구청),90,3,13620,1306,28290,12055,73108,17897,114731,42216,73532,26051,42888,24809,35070,26039,36559,28979,36861,32948,35940,33972,37279,41861,41404,49210,42540,65099,48805,100394,27946,71144,23235,50436,21316,46848,18584,42278,8848,23918,1429,7122,2,91,0,0,0,0,20250703
202506,2호선,낙성대(강감찬),70,3,11773,2412,27337,9747,80832,20115,117688,39902,78857,32950,46336,26895,39680,26471,43104,29071,42252,30532,38164,32951,39599,39109,41686,44919,45444,62051,50846,98038,28924,78835,24782,55613,21353,53417,15617,52950,8148,32466,1355,8279,1,59,0,0,0,0,20250703
202506,2호선,당산,38,7,7944,3372,19112,14956,47219,27897,56046,71579,35020,31852,26963,17012,25112,17068,25926,19793,24074,22159,22297,22988,24298,26755,29150,33963,41312,49661,54333,73447,25681,48393,21877,34378,21400,33348,17424,29994,9168,19312,1430,4526,2,112,0,0,0,0,20250703
202506,2호선,대림(구로구청),884,42,35441,3432,29459,10821,65586,23257,91970,50172,62589,34906,41318,33710,35412,34808,37252,33001,36687,33611,33811,34083,35364,41755,37469,49678,42399,61432,47183,67081,25520,49957,19730,39908,15003,49637,10928,45437,5356,22627,733,5498,4,141,0,0,0,0,20250703
202506,2호선,도림천,3,0,443,353,1454,870,3333,3545,3350,5121,2043,2244,1849,1485,1818,1587,2149,1801,1661,1654,2067,1983,2583,1628,2880,1966,3188,2437,3564,3197,1529,2479,1065,1849,888,1580,560,1291,196,911,30,293,0,6,0,0,0,0,20250703
202506,2호선,동대문역사문화공원(DDP),277,6,5008,1158,3853,9283,6871,22195,12988,46329,16287,33535,18241,33858,21000,33915,24624,33556,26825,33848,29962,34529,37126,32957,42479,31446,48282,33401,47419,36182,31470,33667,27225,25766,26266,21809,18714,18447,10236,11190,1955,3251,1,106,0,0,0,0,20250703
202506,2호선,뚝섬,11,0,3594,2289,9101,16380,19156,40907,24942,134413,18880,94025,16636,48763,21220,40690,24497,41717,29896,43108,36306,39251,43124,39122,55106,39935,82971,43068,129945,49850,70900,30025,55387,17128,44270,14351,27189,11970,10141,7975,1406,2478,0,18,0,0,0,0,20250703
202506,2호선,문래,13,4,4481,2856,14913,11165,42455,40070,48418,128812,27523,60463,21537,28922,21344,23803,25848,27680,27113,29119,28601,27701,30257,29887,36718,34422,63148,43585,106140,64236,39953,42164,30353,23897,34006,21138,27957,18758,13205,10438,2161,3237,1,104,0,0,0,0,20250703
202506,2호선,방배,5,1,2637,3514,8846,12803,21708,26959,29118,70012,23486,52928,19516,30160,21193,24829,23273,26101,26065,24433,28853,24933,32852,23631,38717,24343,47673,31645,58401,35449,28385,23776,22916,17002,22739,15365,18170,15767,6660,8663,1401,2428,0,20,0,0,0,0,20250703
202506,2호선,봉천,105,3,15049,1401,28876,6659,81841,13523,117345,27687,74817,22647,43540,21286,37031,23749,38236,25509,37351,27999,33877,31276,32530,39078,34163,45657,33791,58811,33231,89829,21111,69561,18249,46450,15380,44796,11308,40863,5165,24118,873,7404,2,509,0,0,0,0,20250703
202506,2호선,사당,132,5,13321,4206,31033,35141,77695,48192,100300,70104,76162,52930,52914,47874,49106,62104,54853,61793,59591,57817,66152,56640,68648,69143,70368,91589,83779,132272,97967,173806,70808,114239,71490,74958,75768,70009,67794,64640,37220,39751,6116,10970,1,520,0,0,0,0,20250703
202506,2호선,삼성(무역센터),91,2,4773,5968,7290,51849,14273,137248,19614,303977,20491,241268,25312,120747,37871,89283,50228,82970,65802,87972,82962,75254,106776,64973,140276,59944,227102,62518,276736,59114,150631,32687,120198,19909,98431,15517,60571,11898,15796,6341,2036,4258,1,989,0,0,0,0,20250703
202506,2호선,상왕십리,12,0,5864,834,14640,6401,39953,11911,62458,28624,35962,18174,23029,14485,20603,13710,21846,14878,21120,17333,19445,18176,20176,22198,22033,28038,24428,35526,25740,53006,17692,35069,12638,24715,10852,23274,7315,21430,2888,12528,465,3935,0,11,0,0,0,0,20250703
202506,2호선,서울대입구(관악구청),4282,27,27131,2954,44767,14693,121059,28436,165002,69251,114670,62267,70635,49303,61235,45293,69787,49073,71009,55844,64223,56996,68163,65987,73060,76741,80159,104846,86953,162446,53559,125658,46908,86212,46445,82006,39831,81868,21436,46830,3573,18521,0,3023,0,0,0,0,20250703
202506,2호선,서초,3,0,1865,4623,8894,25013,17873,51704,28044,107902,27977,83507,21323,42591,31649,36707,27987,27989,36901,29075,37576,28156,44938,24019,50950,25489,71380,27326,87322,28070,40527,19563,30607,12467,30047,11399,16433,10813,5961,5907,947,1317,1,8,0,0,0,0,20250703
202506,2호선,선릉,160,3,4349,5731,12081,44840,22561,126003,35390,266692,36093,201622,39520,96862,49320,65934,59227,63873,68242,71885,76558,57504,102358,51826,127158,51792,204372,57769,275246,57501,138605,37636,93088,25108,83258,22220,69632,18977,24583,10664,3851,4498,1,76,0,0,0,0,20250703
202506,2호선,성수,143,5,5481,4816,8684,34987,19855,71655,26828,235765,22984,156678,23168,106016,29165,99225,40042,102534,53732,107392,69461,104851,90214,99590,116375,94056,169408,90200,259793,86459,147257,50886,125517,26904,104608,19393,67388,14745,23675,11656,3143,5763,1,812,0,0,0,0,20250703
202506,2호선,시청,16,0,1058,2240,2302,21182,5117,73820,8734,210468,13578,84324,18962,31324,24488,28727,25332,28858,31306,28930,37376,24594,44367,21278,55383,19920,102589,23627,160539,23427,58132,14312,46844,9560,43717,8899,26401,7226,9425,4221,1145,1297,2,39,0,0,0,0,20250703
202506,2호선,신답,9,2,1268,62,2170,646,6103,952,10005,1516,4445,1045,2731,1078,2325,1153,2070,1533,2045,1678,1781,2022,1774,2860,2033,3739,1939,4728,1950,9344,1069,6258,768,3629,546,3695,355,2936,187,1894,49,502,0,2,0,0,0,0,20250703
202506,2호선,신당,46,5,5849,1094,11185,7301,30033,15404,49307,28784,28770,21073,20598,18654,20591,20597,23070,21647,23603,22341,23395,23015,24493,25951,27037,30882,29213,40442,32616,54877,22196,36403,18740,24124,16962,21912,15232,19682,7799,11724,1417,3509,2,11,0,0,0,0,20250703
202506,2호선,신대방,258,3,24603,2029,35103,9443,86102,15114,124621,25065,80148,20311,46636,21404,38156,22332,38899,24135,37261,28267,33731,32150,33613,40837,35672,47230,36387,61484,32211,89797,22158,73794,17413,54314,14047,58251,10528,53756,5091,31551,875,8406,2,61,0,0,0,0,20250703
202506,2호선,신도림,4148,27,36972,5378,55638,21055,137203,43132,141068,101223,89450,73756,65322,63092,62594,66279,72240,65859,75127,71694,77707,72560,82178,79777,89155,92220,107033,117715,121355,168875,75847,115371,69264,74303,56146,69538,45792,67365,22398,47527,2695,20559,14,2500,1,1,0,0,20250703
202506,2호선,신림,221,13,36519,4178,68006,18087,172609,29595,255104,43874,159662,43134,93205,41856,77600,46528,82767,52801,78593,59530,73160,65303,72128,82135,76253,98676,77310,132939,77060,214653,54086,177454,47566,123880,43692,122069,36266,111905,20686,73246,4178,22297,2,214,0,0,0,0,20250703
202506,2호선,신설동,35,2,1131,254,1652,1966,4780,5155,8884,12117,5635,8866,5318,8400,6329,7429,8011,7346,8617,8083,8593,6444,8897,5957,9729,5498,11926,5819,11727,7218,4649,5138,3007,4083,2452,3705,1702,3653,727,2225,118,824,1,131,0,0,0,0,20250703
202506,2호선,신정네거리,128,0,8647,866,18067,2303,47527,4496,42835,11267,24890,8348,18137,7892,16464,8360,16423,10052,14543,11765,12813,13599,11778,17723,12449,21947,12352,30788,11078,46063,7265,33666,5695,20097,4853,18585,3549,16400,1516,9979,314,3007,1,86,0,0,0,0,20250703
202506,2호선,신촌,83,2,7018,2646,14385,14724,34494,34500,50524,80981,39344,89197,41169,68727,47880,64085,58122,67247,63941,74744,66364,66202,74042,61771,86691,68973,99085,82784,95299,106444,68937,72145,72183,46625,74717,42338,67861,38384,32913,25190,5291,5982,0,63,0,0,0,0,20250703
202506,2호선,아현,20,1,4688,1067,11357,5288,28641,11220,40509,19657,24822,14055,18395,11892,17352,10457,18831,12509,17167,14133,15815,14760,18418,16840,20552,19590,19967,24755,19454,32974,12841,24673,9747,17941,7624,17073,5864,15169,2054,8312,341,2408,2,19,0,0,0,0,20250703
202506,2호선,양천구청,41,0,5081,830,11894,2734,30935,5672,28864,8698,16607,4998,12457,4509,10901,5338,10959,6850,9888,8344,8606,9066,7930,11651,8922,14725,9153,20018,8587,28662,4229,22743,3405,14303,2659,13003,2279,10564,727,7489,162,2173,0,11,0,0,0,0,20250703
202506,2호선,역삼,21,3,3659,5832,8643,43474,15628,149553,25561,335710,24509,275598,26126,112928,33805,62783,39978,57743,47855,61095,57349,48592,74417,42593,99423,41527,210273,49254,249138,53836,138104,34348,81598,22967,74084,20035,50213,16346,18671,10401,3197,2849,2,17,0,0,0,0,20250703
202506,2호선,영등포구청,61,6,5342,3405,13655,13768,38963,39443,48877,118569,31111,54111,24515,28681,25653,25860,28212,26440,29885,29840,30359,26386,33095,28449,38831,32221,58424,40110,96146,58023,36673,37823,29317,24458,26350,22157,19389,20106,8803,13129,1527,4464,7,187,0,0,0,0,20250703
202506,2호선,왕십리(성동구청),575,1,6201,919,9615,8212,25135,13745,42503,26446,27469,20455,19931,15958,19580,17644,23790,19503,24019,20898,23735,21378,27243,22777,32452,27273,34484,36479,34043,52935,23435,33097,22428,23273,24428,20495,23944,19545,13863,13292,2404,4541,2,16,0,0,0,0,20250703
202506,2호선,용답,23,0,2205,480,3565,1489,8326,1986,13034,3321,7613,3888,5637,2908,4986,2973,5248,3301,5157,3855,4741,3887,4712,4864,5640,6088,5309,7302,4312,10831,2717,7380,2217,5694,1568,6584,1251,6224,557,3438,146,939,0,0,1,0,0,0,20250703
202506,2호선,용두(동대문구청),47,1,1073,95,1921,966,5465,2564,8788,5205,5417,3452,4161,3951,4045,3567,4501,3381,4530,4297,4660,4135,5329,4691,5111,4751,4902,5713,5362,8483,2543,5751,1874,3972,1648,3475,904,2559,359,1647,58,513,0,3,0,0,0,0,20250703
202506,2호선,을지로3가,25,0,1151,2055,2969,23514,6696,71559,13637,160509,18901,64399,24336,33256,26945,29292,28008,28790,30292,31265,35043,27542,38355,28347,49280,33465,91143,39028,130836,44254,53527,28305,43439,19147,46432,17418,39369,14962,21836,9154,3661,2081,0,60,0,0,0,0,20250703
202506,2호선,을지로4가,6,0,1317,1109,2311,14427,6012,34205,12199,71626,14489,37043,18455,24816,20943,24854,21419,22800,23181,22688,25753,20619,29026,19711,34727,19291,59290,20304,63590,20273,28245,14223,18907,11271,15891,11158,11227,10484,5549,6754,981,1502,0,22,0,0,0,0,20250703
202506,2호선,을지로입구,63,1,2626,3115,4634,33025,10774,122853,17201,312781,26736,157682,33797,88838,43812,76491,49275,68226,61829,72201,70291,65262,84765,63763,102279,66599,171888,74297,260898,73626,128511,48454,124997,36200,89254,29566,72872,21853,31075,11876,3815,5086,12,1005,0,0,0,0,20250703
202506,2호선,이대,14,2,3491,998,9574,7122,26487,15324,36212,43608,23916,40326,20785,34703,22607,25953,29289,30536,28775,33421,28152,27212,33033,27920,36352,29886,44595,36050,39739,46367,25470,33445,22845,23471,22441,23493,18914,22671,7291,15870,972,4171,1,48,0,0,0,0,20250703
202506,2호선,잠실(송파구청),133,2,13473,5077,51104,35955,117313,77587,158426,165896,118609,149415,85766,121749,86639,120601,96562,119600,105713,124209,117242,125643,141366,134852,164244,148863,192147,180103,223678,226719,159107,152965,155431,107568,140729,93479,96208,83771,31952,45311,4865,9129,0,55,0,0,0,0,20250703
202506,2호선,잠실나루,7,0,3604,3006,13651,17959,38392,22905,45086,36770,30340,22252,24993,17668,24037,15997,21976,19150,20683,21100,21959,19290,24530,20514,32121,22195,37267,27914,28962,39539,14939,27998,11209,19017,8390,18320,5785,16696,2695,9140,440,2537,0,13,0,0,0,0,20250703
202506,2호선,잠실새내,61,0,6004,1121,19304,9053,60431,17296,80416,28271,52027,30409,37161,24840,34412,26647,35755,30473,34533,36535,32481,40868,36633,49029,39742,53745,40597,66614,40683,84947,30826,57431,28670,38023,30406,33920,30908,29565,15866,16757,2485,4649,0,82,0,0,0,0,20250703
202506,2호선,종합운동장,8,1,1792,1479,5997,15254,16978,19684,22114,30850,16148,15155,12953,14698,12389,13938,15562,16684,15848,19695,16837,29132,20608,60634,25113,103396,24995,81273,26665,73700,36651,24460,100623,13920,86121,12703,44483,10820,3977,5393,400,1399,2,98,0,0,0,0,20250703
202506,2호선,충정로(경기대입구),18,0,3445,946,6692,6711,15662,24149,21795,57399,15068,25959,11881,12521,12515,11174,12977,11736,13174,13755,13143,12123,14503,12616,18251,13991,31408,17369,43476,21537,14568,14587,10771,10907,9408,11127,6209,10081,2840,6310,599,1799,0,44,0,0,0,0,20250703
202506,2호선,한양대,5,0,1267,735,2781,6895,5716,13364,8750,55161,6815,49277,8564,38362,14295,17921,17267,33316,20203,25316,23325,19528,27042,14224,33319,12164,42834,14430,36806,17446,19267,9560,16103,7178,16680,6524,12553,6339,7867,4294,1704,1336,0,4,0,0,0,0,20250703
202506,2호선,합정,161,15,11297,2985,17188,13425,38031,30313,48772,88838,33988,81624,27712,52344,30645,49527,37021,54921,40721,59636,43226,54942,47671,57487,56934,65585,75374,84047,107865,109284,73290,74598,65955,44728,70422,36899,65310,31508,35315,22376,5536,7934,1,195,0,0,0,0,20250703
202506,2호선,홍대입구,916,32,27785,3399,30856,17700,57978,41314,76969,107002,63164,136394,61931,117820,70349,140878,81815,160827,96789,174446,107483,167099,129367,165308,154270,174295,178765,194927,200489,223265,170573,163364,175400,110630,197491,92293,184321,73717,94089,51748,11114,18505,3,1975,0,0,0,0,20250703
202506,3호선,가락시장,74,14,3078,766,7940,6114,21373,11581,22270,24817,16706,13383,15240,10369,14037,11149,14078,11736,13711,12670,13595,12886,14981,15072,15763,16779,19602,19666,24766,25073,11784,17998,9584,12248,8344,10778,5901,10098,2245,5214,328,1577,1,36,0,0,0,0,20250703
202506,3호선,경복궁(정부서울청사),39,16,2409,1846,6341,15357,13295,44204,20247,142000,20797,101474,21923,78039,32529,76573,42825,64691,52559,61800,63690,53655,74262,42863,82153,41251,99524,37776,117729,38754,51375,23353,46564,13171,42466,11173,26114,9677,9455,5676,1070,1558,2,33,0,0,0,0,20250703
202506,3호선,경찰병원,11,1,3005,251,8136,3373,22534,9887,25364,24924,15573,14707,12181,8753,11008,7505,9931,8602,10124,9544,10626,8967,10833,9843,10631,10759,15109,15335,17954,21535,6829,16552,5780,10400,4897,9006,3070,8416,993,5049,154,1354,0,0,0,0,0,0,20250703
202506,3호선,고속터미널,111,2,5391,4281,8203,35291,25239,49101,45303,73708,53083,97030,58104,102112,70508,110632,84405,103110,93826,103501,108937,108860,125179,111498,135259,110673,147033,114160,137251,116992,116724,74679,131643,50195,85619,37334,52760,25944,18607,12969,1711,2103,0,0,0,0,0,0,20250703
202506,3호선,교대(법원.검찰청),63,1,2020,869,4914,7293,10529,18444,15368,45933,13514,33577,15088,17219,18137,12335,20081,12074,24832,11810,29005,10768,30336,10485,32661,11627,49237,15876,66504,18618,32343,10386,30150,6173,28666,5152,20330,4692,8197,2754,1219,863,0,5,0,0,0,0,20250703
202506,3호선,구파발,203,4,12907,1594,34621,12607,79741,22829,76659,30410,45714,26927,33252,29318,32623,27524,32990,28073,32181,30058,32451,32016,37254,32783,42315,39701,40660,48307,30710,72872,21252,57635,17513,35263,14665,32146,11988,29119,3112,20598,506,8129,0,237,0,0,0,0,20250703
202506,3호선,금호,61,6,4269,669,10313,2685,26423,4778,36095,9504,22625,7053,14912,7054,13106,7547,12559,8381,11632,10012,10276,11107,10289,13879,11013,16888,11787,21458,11154,29172,8209,20415,6270,14969,4755,13213,3803,12564,1889,6435,354,1632,0,0,0,0,0,0,20250703
202506,3호선,남부터미널(예술의전당),31,0,3119,1378,9130,30486,28596,63988,43455,145204,37341,84723,35372,50691,39445,37508,41358,39390,44413,46494,45952,45873,52293,45275,65258,48771,103179,53097,126956,60888,59761,39052,42909,24879,38723,19782,28362,16468,7779,9729,846,2496,1,1,0,0,0,0,20250703
202506,3호선,녹번,71,3,10000,456,24973,3679,66024,7873,72954,15705,42503,10628,28110,9637,23354,10610,22802,12830,20703,14798,17707,16502,17226,21335,17997,27804,17517,35458,18125,59493,9801,46536,7456,30134,5964,27110,4236,24144,1557,13961,211,3548,0,1,0,0,0,0,20250703
202506,3호선,대청,122,0,3909,1155,12575,6614,31514,19383,36167,25078,21399,11965,16824,8792,14938,8668,14745,10415,14840,11852,13574,12895,18200,15531,20492,16803,24930,22687,25442,29799,11667,23725,8771,16976,7064,15562,5280,16193,1817,7967,266,2614,1,4,0,0,0,0,20250703
202506,3호선,대치,14,0,3191,651,13270,8147,29247,17762,29155,26590,18497,19376,15358,13715,14556,13018,17048,16460,17171,21649,16082,19566,17421,23224,20147,27492,30025,31294,27441,32296,18338,23321,13710,13675,16730,13772,31550,11179,3737,6564,357,1972,0,1,0,0,0,0,20250703
202506,3호선,도곡,28,3,1355,430,4762,4837,12062,14690,15105,20428,9640,15923,7863,7643,8047,7059,8394,6600,8365,7735,8652,7635,11349,7808,13355,8477,17054,10284,17331,12337,9101,9653,6562,5923,5946,5799,4908,5084,1321,3003,160,1781,2,296,0,0,0,0,20250703
202506,3호선,독립문,202,3,4760,964,6351,6599,15272,15226,19096,22106,15546,19710,14194,17638,14540,12838,16374,12854,14899,13729,15009,13128,17800,13418,18347,14520,17668,15121,16281,17543,8338,13776,6694,9445,5176,8306,3617,7687,1452,4517,156,1962,6,524,0,0,0,0,20250703
202506,3호선,동대입구,30,4,1497,1164,2910,9831,4934,16703,7946,54032,8196,36671,9818,31867,12472,25215,13313,23569,19072,24045,20938,18675,21180,15365,24715,16181,35475,19004,42057,19765,22676,10491,26107,6264,18628,6117,15157,4543,4539,2902,576,1062,1,65,0,0,0,0,20250703
202506,3호선,매봉,24,0,1928,802,7518,9592,18142,23494,21462,71123,15740,31552,15086,17268,14487,15909,15315,14434,16427,14376,18638,13548,20944,14279,23535,15988,37700,20022,55654,24386,19596,15604,14901,10368,16399,9294,9782,8260,3219,4430,420,1302,0,50,0,2,0,0,20250703
202506,3호선,무악재,4,0,1907,162,5471,1348,15134,2964,18262,5346,11539,3776,8294,3624,7187,4031,6767,4480,5996,5030,5717,5574,5263,7121,5632,9016,6144,11240,6470,15914,3198,12224,2423,8259,2103,7807,1238,6551,529,4221,112,1121,0,0,1,1,0,0,20250703
202506,3호선,불광,40,2,10127,1560,19723,7121,50745,11715,60041,31169,36588,28222,27287,25138,26570,25440,27112,27194,27672,30134,27924,28529,29050,31917,30359,35850,30160,41096,29525,58449,16960,43939,14060,28523,11721,26000,7645,23067,3346,13495,587,4049,0,0,0,0,0,0,20250703
202506,3호선,수서,112,3,4610,2551,13508,17109,37541,34684,44660,55536,30483,34741,37577,24957,28188,21578,33887,26179,31778,22710,24583,24784,35467,29468,38153,32646,46983,38316,51134,51946,23685,37440,24050,27316,15784,22946,15706,21081,6825,9109,572,3231,0,245,1,0,0,0,20250703
202506,3호선,신사,64,3,3286,1686,6475,16222,11331,40240,17470,98648,15772,125735,18886,65463,23842,45220,28220,42269,33863,44941,40297,41620,47274,37662,55932,40333,82033,48320,113504,57926,81008,31289,54565,17248,53962,14514,44123,11261,18454,7665,2523,3114,0,0,0,0,0,0,20250703
202506,3호선,안국,20,0,1525,1999,3058,25436,6238,89051,10725,117733,14154,85538,17485,75190,27592,75348,39718,64273,46623,62397,57723,57902,74373,45870,96522,40514,122422,34754,122636,28961,58061,14003,49236,7866,39460,6749,20625,5794,7064,3431,629,996,0,0,0,0,0,0,20250703
202506,3호선,압구정,58,4,3189,2216,9004,24024,15720,48215,23715,131790,21464,141142,25767,76473,31817,64846,38180,52384,44490,54576,53732,49747,62354,46906,71169,47021,93160,56147,125457,56442,88142,31683,71897,17609,52308,14627,37511,11458,11295,6369,1617,2108,4,224,0,0,0,0,20250703
202506,3호선,약수,92,4,6217,1205,10302,6209,25115,14398,34170,31636,24732,20813,19336,16230,17673,16163,19817,15943,19541,17058,19404,18931,21098,20203,22270,25009,26342,29864,29263,39905,18685,24804,15592,18164,15600,16549,11247,14726,5177,8787,778,3428,5,502,0,0,0,0,20250703
202506,3호선,양재(서초구청),45,2,5032,2914,13934,39829,36003,106958,45268,213437,32190,113704,31636,53736,33167,46519,37706,42464,43712,46605,48701,41461,58345,41728,73335,45963,124688,62120,175032,71979,82075,46717,61454,31075,56079,27888,35471,23861,11867,12583,1378,3280,2,40,0,0,0,0,20250703
202506,3호선,연신내,271,10,25452,2624,48982,14224,112548,29323,137511,43242,84878,39636,61347,37139,56616,38960,61084,40828,56230,44521,52053,47684,53570,59189,61174,69741,58908,85616,54143,127224,38987,100517,31644,64113,27273,60891,22217,50490,10857,33510,1871,10226,2,4,5,0,0,0,20250703
202506,3호선,오금,20,2,4543,14,9671,2469,28600,5881,29276,11911,15758,6251,10004,5000,7992,4630,8617,5938,8263,6485,7088,6680,6959,8667,8415,10403,10042,14367,10833,21426,4763,14989,3884,10325,3093,8991,2634,10214,750,5350,120,1771,0,1,0,0,0,0,20250703
202506,3호선,옥수,168,1,3124,835,9233,4394,22715,7620,30544,12949,22085,10450,15959,8686,14581,10930,14379,11596,14043,13710,14374,14262,14784,17125,15628,19391,16492,26209,16395,33694,11567,24338,10384,16664,9193,15005,6239,13548,2519,6511,421,1838,0,0,0,0,0,0,20250703
202506,3호선,을지로3가,10,0,724,1169,1647,10129,4172,34373,8246,72474,11359,28832,12498,15571,13158,14511,12774,14339,15105,15198,16596,13465,18610,14538,22229,16644,43716,19804,64556,23258,26620,14007,20685,8189,21532,6591,18010,5115,9983,4095,1428,1032,0,9,0,0,0,0,20250703
202506,3호선,일원,14,0,2491,1498,9416,12830,24737,34921,24438,26721,18652,19496,18468,17367,18180,12278,18430,14741,16886,15674,17805,15447,23554,14979,29816,14142,38140,16898,18832,21940,10823,17756,7130,12457,5448,11839,3934,12314,1409,5158,155,1518,0,22,0,0,0,0,20250703
202506,3호선,잠원,1,0,1431,771,4878,8407,13469,7619,17608,10173,11396,7073,8816,5019,8306,4938,8709,6165,9075,7290,7285,7232,8970,8365,12000,8659,12128,11705,9414,14749,5724,10298,4412,7307,4253,7268,2935,7323,996,3491,142,1080,0,0,0,0,0,0,20250703
202506,3호선,종로3가,34,2,1069,1100,1331,7075,2281,16262,3641,40355,6200,40875,9124,36078,11675,30856,14378,28004,16461,27441,19448,24670,23603,23331,28462,23805,39662,24196,50419,22753,28770,13508,21943,8576,24690,6561,19900,4729,9152,3147,1086,1086,0,18,0,0,0,0,20250703
202506,3호선,지축,33,2,3310,731,11939,4472,30858,6188,31431,12643,17161,8341,12179,6854,10389,6791,11053,7890,10076,9601,9119,9584,10232,11176,11162,14847,12211,19750,11094,30759,7892,22503,6296,15712,5706,13960,4209,11693,1836,6495,346,1144,0,0,0,0,0,0,20250703
202506,3호선,충무로,0,0,0,0,0,0,3,0,5,0,7,0,4,0,10,0,11,0,6,0,4,0,14,0,10,0,16,0,16,0,17,0,9,0,4,0,8,0,5,0,0,0,0,0,0,0,0,0,20250703
202506,3호선,학여울,0,0,725,232,2266,2007,4486,3474,4416,7085,3488,5847,2919,4688,3121,4010,3741,4001,4043,4767,4147,4225,5181,4047,6109,3780,7940,4043,7345,5077,2930,3630,1927,2595,1810,2303,1269,1990,306,1137,27,342,0,0,0,0,0,0,20250703
202506,3호선,홍제,119,9,10004,1309,24195,6852,61305,10862,67214,24289,44403,20244,33680,20182,30714,19545,31379,20296,28924,22382,27650,25328,27804,30875,29178,35767,28128,44415,26546,60485,15726,47922,13185,30760,10391,28596,6919,23700,2886,14336,453,3529,0,1,0,0,0,0,20250703
202506,4호선,길음,20,2,11516,1604,33713,7811,84062,15224,85374,30777,49985,24652,35497,21662,31764,23852,31946,24564,30881,28059,29509,29258,30583,33881,34176,42076,34319,54492,31318,76175,18887,59934,15930,39598,12349,36874,11624,35414,4505,20257,647,4983,0,9,0,0,0,0,20250703
202506,4호선,남태령,13,0,610,73,1010,1914,2264,5633,3592,5430,2829,1721,2418,1335,2437,1173,2335,1377,2210,1329,1997,1394,2881,1505,3943,1882,5216,1721,3963,1865,1718,1494,1024,1551,753,1168,487,1089,229,579,32,155,0,0,0,0,0,0,20250703
202506,4호선,노원,258,4,12890,848,24913,10138,51992,14966,53833,31765,34923,34903,28837,26815,29072,27323,33413,31094,32595,34880,31981,33966,35123,38347,38089,46074,37269,58507,35724,81570,27271,62293,28282,39692,27111,34681,22978,30157,11006,20530,2252,7157,11,774,0,0,0,0,20250703
202506,4호선,동대문,248,5,4381,1992,2930,15222,5168,32461,7556,61177,13508,59830,19920,56989,26825,54381,32258,44624,38775,42616,46644,40062,54230,33731,65709,26705,78465,21451,54515,18761,31311,19799,25404,14281,26389,10638,15131,8222,8039,5556,1182,1377,7,154,0,0,0,0,20250703
202506,4호선,동대문역사문화공원(DDP),343,8,5692,1507,4724,13101,8887,28391,14510,63712,18011,39918,20271,33685,22695,32763,25609,30280,29161,30448,34942,30387,42478,27493,49648,25887,66381,27455,77056,29172,45844,29050,40005,19865,36945,17935,27469,15620,15102,10785,2372,3302,3,133,0,0,0,0,20250703
202506,4호선,동작(현충원),15,5,305,2764,918,8383,2289,3999,2595,6417,2440,5518,2815,4676,4511,3473,3554,2797,3800,3798,3213,3509,4073,3278,9697,3112,8675,3609,6235,4484,3427,3827,3593,3234,3679,1564,2316,1058,1045,651,131,357,0,94,0,0,0,0,20250703
202506,4호선,명동,38,4,1604,1099,4239,27655,9027,53637,17719,123321,30830,95451,37040,69879,44589,74461,46650,79318,53394,77265,63836,73387,78971,71321,92958,73496,100851,76229,134388,71254,82684,55645,78944,44693,79322,33364,73343,19063,32705,10557,1942,3349,1,95,0,0,0,0,20250703
202506,4호선,미아(서울사이버대학),35,4,12168,1659,21494,6549,46774,18874,50287,37724,34419,21501,27448,17990,25897,19417,27279,18876,25876,20110,24364,22560,24948,26608,31198,30838,29385,35783,28946,45819,17782,36880,12857,24881,11586,22976,9456,20101,3124,13316,467,3544,2,0,0,0,0,0,20250703
202506,4호선,미아사거리,110,6,14754,2782,36111,8789,81750,20501,90328,33270,57404,30867,42464,28638,39738,30740,41222,31621,40797,35592,39463,38471,42935,48027,46333,55211,41459,67717,41452,91214,30487,70094,29764,44948,18716,40916,12965,35362,6326,20716,906,4352,0,0,0,0,0,0,20250703
202506,4호선,불암산,80,0,8522,42,18191,4933,43825,6969,34779,10164,23222,10879,17357,10242,16046,10410,15518,10220,14874,10911,13491,11844,13193,14441,13846,17229,13430,19844,11922,25593,7886,23603,5777,16648,4659,15145,2964,14303,1397,9510,258,3066,0,352,0,0,0,0,20250703
202506,4호선,사당,163,30,11241,1325,28259,18971,65863,24704,74902,34605,61848,27079,42791,24812,37427,34327,38909,33888,39547,30357,39458,29684,38960,35371,41119,47690,46316,67372,47714,93765,34067,57947,32520,36227,35388,33920,30018,31563,14833,20867,1775,5975,3,563,0,0,0,0,20250703
202506,4호선,삼각지(전쟁기념관),6,1,576,492,2405,5672,6644,11723,10739,21956,6908,12292,5736,10867,6025,12123,7750,13594,8627,13756,9507,11786,10374,12517,12039,15066,16519,20435,24732,26452,12246,15859,13111,8590,15969,6804,14368,5725,7487,3902,987,1424,0,32,0,0,0,0,20250703
202506,4호선,상계,82,3,15413,278,39901,7841,81578,18691,68986,20542,44394,18947,33343,16891,29148,18106,31985,22189,30528,22647,25527,24220,26637,30305,28634,38180,27835,46375,25029,65053,16620,55730,13536,36920,12197,32448,12180,28598,3882,19846,592,5363,3,552,0,0,0,0,20250703
202506,4호선,서울역,271,8,4887,1112,6515,17158,12675,42448,16028,90461,14343,56946,13682,33692,15927,35192,16493,36879,15737,37869,16178,34935,19069,39173,22999,41714,46812,44219,61519,43992,23266,33088,16396,25120,14769,24503,10545,19393,4836,10238,578,2993,0,213,0,0,0,0,20250703
202506,4호선,성신여대입구(돈암),61,17,6307,1705,19549,7517,45628,17697,52934,39130,38094,29902,31902,24407,32139,31351,36607,29063,37894,32228,37260,33693,38623,35304,44324,42087,47140,52349,46653,66585,32105,51613,29736,36029,30441,34124,26905,31667,12323,21435,2005,5744,0,8,0,1,0,0,20250703
202506,4호선,수유(강북구청),114,11,22930,3272,46381,11961,106515,21682,114784,53139,78643,39344,57776,31707,53320,34222,56173,36590,54451,42310,50184,44921,50044,55275,54363,70785,55839,84541,61712,117798,37482,99300,29782,68525,26060,64081,20602,58292,11048,38843,1703,10008,0,0,0,0,0,0,20250703
202506,4호선,숙대입구(갈월),6,1,3283,1395,8251,10758,19043,23579,27608,49909,21529,30721,18096,22814,18518,22823,22296,20533,23475,22972,24227,22195,28117,22079,35813,25649,40418,32468,47075,39925,25702,25978,24032,17399,24821,16121,21150,14802,9779,9532,1257,1857,0,46,0,0,0,0,20250703
202506,4호선,신용산,12,0,1455,1243,4168,14750,11771,42607,18409,91537,17622,68854,15391,37613,21869,36694,24296,38963,29299,38060,29675,36428,38335,38348,48462,41426,71001,47169,95402,52980,50238,31084,44042,18391,42871,14009,32401,9702,14298,4906,1618,1207,2,67,0,0,0,0,20250703
202506,4호선,쌍문,203,7,25274,1242,53612,9433,117267,16071,120064,28211,75650,23393,55440,21182,46726,23807,47598,27838,43522,30595,38208,34336,36618,44381,39046,55983,37406,70155,33144,100408,23281,88175,17685,58105,13749,54821,10548,48005,4605,32893,641,9606,2,12,0,0,0,0,20250703
202506,4호선,이촌(국립중앙박물관),34,2,1319,988,5324,8498,12587,13461,17171,25867,12218,23064,10408,22367,12539,21086,17119,21970,19697,26936,20464,25352,26673,23026,34707,19907,36965,18838,31404,22606,12201,15072,10178,10094,9119,9301,4835,7564,1686,4389,160,1097,2,93,0,0,0,0,20250703
202506,4호선,창동,2032,38,17415,2339,39118,15519,84292,22851,76275,47317,51614,37732,43997,34400,43373,34030,44515,40209,41883,47481,40706,48934,46163,52467,52031,58460,51836,70067,52375,90769,31716,72787,24716,47036,21152,41745,16813,36716,7311,22410,1366,7687,0,113,0,0,0,0,20250703
202506,4호선,총신대입구(이수),78,1,6544,1205,18161,12687,46245,19580,57833,40793,38088,30733,30163,26383,29050,26116,31511,29222,32682,31730,30447,33975,32067,38777,34259,45223,39134,56276,41791,76966,26210,46779,24868,29204,21274,25693,16508,22040,7484,13002,1033,3087,3,527,0,1,0,0,20250703
202506,4호선,충무로,52,3,3472,2639,5761,23753,12764,60541,21384,171174,28144,99961,31856,57164,35042,49008,34983,46392,40999,47276,46514,39955,51512,37808,63244,41204,101850,46872,150060,50113,67265,31213,54677,23125,51542,24441,39052,22624,22047,15450,3792,4640,4,223,0,0,0,0,20250703
202506,4호선,한성대입구(삼선교),50,3,6987,1570,13030,9972,29277,18474,36056,31095,26387,26375,21245,21281,20383,21392,23681,21148,25463,21899,24207,22866,27351,22631,33198,26431,36011,30604,31877,36127,20465,28528,18377,19459,16407,18806,11619,16779,5334,11197,772,5906,0,1395,0,0,0,0,20250703
202506,4호선,혜화,31,0,3714,2043,8106,24529,17186,50927,21669,113489,25956,84283,32183,64737,37357,64202,41968,77434,44414,92520,57514,79273,77154,63491,93962,59806,111313,69322,112966,74608,67430,53751,75237,23109,94227,21550,86506,18256,30013,11149,3482,3158,7,410,0,0,0,0,20250703
202506,4호선,회현(남대문시장),21,1,1456,815,3872,23266,5429,55201,9968,144032,14702,98849,21928,85675,34036,85246,44521,67995,56289,59800,68807,55014,78789,45405,91241,34701,107838,27617,119768,22429,57826,14034,53595,8144,22562,7963,12841,6684,4712,4418,584,1215,0,85,0,0,0,0,20250703
202506,5호선,강동,126,3,11234,1378,21479,11454,53781,27902,65530,51496,36506,30092,27743,20736,25796,19427,28652,20149,25998,25870,26070,23563,27501,25789,31505,29383,41161,35590,43791,54554,21761,40387,16167,28147,12701,26843,9527,23303,3852,15092,727,6159,0,1,0,0,0,0,20250703
202506,5호선,강일,2,0,3108,638,9570,3147,28642,5779,24786,8325,15622,4166,12274,4113,9394,4262,9354,6489,8773,6051,7245,7658,8146,9307,8781,9824,8893,14606,8606,18745,4035,18497,3153,11288,2287,10250,1606,9677,657,5911,167,1933,0,0,0,0,0,0,20250703
202506,5호선,개롱,10,0,3833,835,9724,2684,22954,7434,22364,15673,13975,8703,11687,6369,10164,6775,10223,6904,9932,8984,8501,10050,9888,10845,13317,14029,12731,17245,12216,21178,6353,19411,4828,11239,4670,9967,2618,11040,929,5530,76,1920,0,0,0,0,0,0,20250703
202506,5호선,개화산,1,0,4777,165,9745,3675,22328,6248,22591,13272,12696,6569,9248,5982,9020,5971,9182,6941,8688,6938,8125,7149,7762,8883,8577,10450,12440,12891,11036,18556,5364,15823,4000,9975,3392,9677,2426,8471,852,4978,111,1705,0,48,0,0,0,0,20250703
202506,5호선,거여,6,1,6923,652,16694,3525,43252,9021,40869,18243,23474,9134,16853,7557,15037,8681,15313,8508,14026,12031,12306,11355,12994,15576,14959,20018,15642,23825,14851,37539,7433,31552,5851,17421,5432,15831,3442,16339,1237,8887,157,2970,0,0,0,0,0,0,20250703
202506,5호선,고덕,14,0,4162,1531,10858,6752,26936,18826,24264,22072,16795,16808,15790,15097,17099,11700,17434,13342,15426,18337,16557,15177,19819,18002,23428,18952,24011,18809,19263,27662,12078,23055,9758,12853,9789,12017,9918,10918,2305,6029,424,2308,1,160,0,0,0,0,20250703
202506,5호선,공덕,32,0,1808,1032,5391,9608,20198,33607,30890,70529,16541,38405,14608,17910,15890,17255,17838,16366,20664,17294,18142,14948,21072,16436,26476,19691,41669,29555,59874,43672,24522,21458,20043,13880,20640,12957,15229,11447,6505,6364,799,1495,0,0,0,0,0,0,20250703
202506,5호선,광나루(장신대),2,0,4467,2098,12451,9717,28839,14649,31918,31192,20141,19834,16798,17450,16040,14085,17804,15581,19353,16185,17980,15495,21690,16855,25107,20763,24031,23990,27367,31008,15558,21894,13230,14567,11652,13907,8511,12960,2568,8003,391,2173,0,0,0,0,0,0,20250703
202506,5호선,광화문(세종문화회관),7,2,1345,1036,3491,31124,8391,83614,12197,257890,11426,123589,15364,65848,23393,63031,31122,55261,42063,57445,49097,45889,60171,37720,78473,38625,127121,43263,202034,48028,75743,21627,63579,10133,66661,8079,51894,5368,15428,2989,1462,711,0,4,0,0,0,0,20250703
202506,5호선,군자(능동),52,1,7149,756,11182,5941,32202,9627,44116,25165,22220,18008,14759,13590,14248,13251,15901,15057,16405,17100,15569,16711,15680,19082,18280,23885,23379,33530,26115,51771,16260,33585,14657,21342,14354,19396,11452,18988,6240,11515,1212,5510,0,846,0,0,0,0,20250703
202506,5호선,굽은다리(강동구민회관앞),2,0,7870,739,13757,2780,34021,6962,36680,14806,21955,11701,17158,10273,15972,12316,16889,12583,16338,14453,14755,14709,14947,15729,16007,21023,15891,22620,15524,35484,9637,26216,7994,16473,7628,14062,4989,14255,1634,7253,321,2906,0,17,0,0,0,0,20250703
202506,5호선,길동,12,0,5462,853,9711,3976,24374,7755,28599,19568,17457,14745,15953,11388,15053,11702,15825,12840,16031,12822,14016,14539,14221,15021,15217,18817,16343,21582,17367,27899,9806,22044,7577,13879,7164,11600,4996,10832,2023,6077,394,2881,0,1,0,0,0,0,20250703
202506,5호선,김포공항,7,0,1062,3175,4930,9115,17929,17541,22907,22940,12474,13538,12367,14800,17313,16488,19456,16488,23732,16922,25331,15606,27994,15313,27600,15341,29275,15903,34210,15126,22279,8343,20035,4504,17917,2778,16203,1907,6915,1080,326,486,0,8,0,0,0,0,20250703
202506,5호선,까치산,347,0,24809,1575,44249,8019,113968,11437,138667,20848,76602,18359,48294,18090,42944,21238,42893,25222,37927,28152,32723,32964,31123,44554,32833,56112,31406,72117,30338,116062,20311,86385,16216,59291,13342,58197,10530,47692,5078,29001,826,8895,2,345,0,0,0,0,20250703
202506,5호선,답십리,25,3,8699,1350,19524,10267,54344,14636,72370,32281,36344,17411,23048,13485,19860,13823,21448,15453,20828,17831,19260,17552,20398,21023,25777,25008,29655,33292,31208,55464,16564,35386,11665,24731,9409,22291,6909,20752,3265,11997,439,3677,0,58,0,0,0,0,20250703
202506,5호선,동대문역사문화공원(DDP),1,0,222,248,757,3282,1563,10014,2693,26925,3040,10700,3606,3722,3228,3535,3139,3698,3121,3875,3966,3515,4269,3166,5894,3403,12953,3617,19255,4160,7387,2569,4134,2215,3508,2578,2250,2624,1059,1865,163,450,0,5,0,0,0,0,20250703
202506,5호선,둔촌동,9,0,6449,526,16631,6297,43510,11433,43667,23169,26787,14498,19678,12833,18163,13251,18417,15111,18310,18282,17582,17481,18540,21543,20356,25037,22695,31996,23266,46741,13713,33408,11296,17783,9395,18696,7828,14684,3245,8639,357,2416,0,0,0,0,0,0,20250703
202506,5호선,마곡,3,0,2992,3032,8739,12174,23850,21983,24266,60954,14413,35623,12545,18823,13084,16080,14985,17179,16654,18599,18475,16774,23075,17483,29189,19951,39724,23596,50977,30929,24538,21807,19860,12529,16839,11155,11665,9522,4217,5292,539,1959,0,0,0,0,0,0,20250703
202506,5호선,마장,5,1,2522,540,6337,3543,15733,6765,18963,14389,11412,9471,9063,7424,8524,7206,10653,7650,9185,7897,8960,7010,10007,7650,11081,9154,10773,12247,10918,17474,7066,10962,5795,7492,5110,7161,3725,7004,1343,4097,207,1257,0,10,0,0,0,0,20250703
202506,5호선,마천,79,0,6994,279,14669,2624,40172,4512,30659,10895,17160,6901,11765,6317,9991,5654,10752,6651,9252,8236,8012,7319,7894,12070,8918,13721,8161,15882,9970,23334,4440,21109,3545,11177,2368,11365,1632,11353,627,6461,117,2367,0,0,0,0,0,0,20250703
202506,5호선,마포,5,0,2730,1398,8478,10997,27145,20813,36006,65157,20123,34536,17602,17339,17207,17634,18997,16138,19772,16806,18866,15189,20300,16941,24956,21737,36780,31095,53409,43040,20525,24348,18608,16311,19604,15042,13574,13219,5675,7628,683,1854,0,0,0,0,0,0,20250703
202506,5호선,명일,4,0,5719,1652,12517,3470,30086,7662,29079,13205,17277,9423,15817,10092,13759,9449,14613,8943,12293,11654,12110,11250,11928,14832,13831,17923,12554,18542,11810,31298,7940,23713,6884,13153,6312,11808,3888,11483,1752,6707,405,2296,0,24,0,0,0,0,20250703
202506,5호선,목동,33,0,8382,1440,20781,5980,56748,16093,66975,27645,35367,20665,26249,16213,24817,14577,24499,17892,23356,23242,21873,22431,22207,26245,24696,34124,27414,47285,27874,76279,15818,50092,14291,30457,13529,29259,14009,26169,4533,14298,580,4534,0,0,0,0,0,0,20250703
202506,5호선,미사,6,0,8107,963,22098,9027,67096,14212,63076,26291,33703,23919,25751,18660,23643,19333,25222,21233,25112,21427,23229,25136,27421,25801,28015,34664,30074,46250,31168,64168,19319,61100,17677,34610,17866,28513,15504,24508,7355,16000,1818,5231,0,0,0,0,0,0,20250703
202506,5호선,발산,1,0,3735,2737,11001,15481,28036,43796,30009,117774,21402,60762,21854,34969,25521,33261,30226,32465,32326,33463,36150,30991,43583,30827,49871,33378,75196,39243,88966,51555,40460,36391,35441,22266,34101,17744,27158,15014,11253,9258,1423,2833,0,0,0,0,0,0,20250703
202506,5호선,방이,2,0,2601,924,7031,3849,18579,8489,17748,22362,12109,12674,11037,9426,9680,8985,11440,10798,12075,10734,10387,12115,11445,13385,12668,15488,15835,20468,19081,21639,10091,17056,8891,9767,11608,8517,12172,7229,2632,4676,264,1240,0,0,0,0,0,0,20250703
202506,5호선,방화,37,1,5579,8,11758,3816,26989,6042,24473,13360,15418,8508,12632,6600,12179,7347,12010,8188,11483,8921,10094,9858,10985,11212,11980,13202,11509,16023,10570,22130,5591,18906,4245,11774,2991,11118,2045,10365,864,6270,143,2194,2,274,0,0,0,0,20250703
202506,5호선,상일동,85,2,10335,1388,31665,6043,69757,11915,55272,17915,33243,10261,24829,9818,20768,9609,20711,14897,18178,17065,16438,16879,18709,22709,19289,24214,20701,36514,20511,53500,11108,44337,8240,26869,6064,25377,4046,21818,1879,13315,451,6020,0,1114,0,0,0,0,20250703
202506,5호선,서대문,39,0,2972,984,6581,17660,18939,69585,23150,160495,17811,47116,17530,23398,20483,21219,21349,20915,20920,24914,25191,19034,31920,16848,43676,17333,72071,20734,111071,25630,31460,14462,25653,10307,22877,11261,15129,8484,5359,5391,436,1313,1,34,0,1,0,0,20250703
202506,5호선,송정,7,0,3798,1093,7420,4178,17509,7279,21657,11029,14551,7301,11759,6647,10411,7536,10574,8167,9589,8318,9609,8869,9713,9788,11346,12032,11630,13759,12061,19004,7818,15166,5732,10265,5063,10095,3793,9268,2147,5303,251,1919,0,0,0,1,0,0,20250703
202506,5호선,신금호,34,0,2687,395,6947,2898,20114,8674,26441,13704,14694,7921,10014,6418,8769,6655,9558,7774,9091,8438,8613,9025,9021,11164,11696,13163,9884,16876,10479,25308,7444,16596,5470,10832,4477,10105,2919,8996,1252,5338,310,1833,0,1,0,0,0,0,20250703
202506,5호선,신길,43,0,2288,421,4518,2120,16701,5146,24919,13300,10784,6689,7916,3234,6316,3702,6651,4050,5966,4766,5172,4676,5441,6078,6289,7810,8797,12015,12770,21346,5434,12307,4090,10650,4075,10701,2898,10171,1654,6448,186,1594,1,3,0,0,0,0,20250703
202506,5호선,신정(은행정),114,1,12176,901,23605,3490,58574,8267,70088,13422,35336,8686,21682,7549,19339,8403,18553,10394,17239,12653,14610,13709,14049,17672,15811,22337,16221,30110,15352,46007,8792,33122,6869,23225,5432,22011,4351,20764,1689,12042,272,3575,0,0,0,0,0,0,20250703
202506,5호선,아차산(어린이대공원후문),26,0,9260,1527,17760,6503,40420,13862,53832,31121,31623,20029,22372,19888,20729,21221,24741,20078,27080,20133,25903,21518,27500,25864,28129,30613,29249,34947,27913,51227,17362,35339,14248,24170,12245,20298,8237,18096,3532,10610,476,2841,0,0,0,0,0,0,20250703
202506,5호선,애오개,52,19,2375,810,5979,5169,19523,7674,25803,15128,12998,11044,9232,6892,9005,6565,10207,6424,9808,8007,8828,8371,10180,8813,11403,10254,11973,14517,13237,22108,7294,13559,5267,8389,4462,8142,2899,7697,970,4527,125,2166,2,286,0,0,0,0,20250703
202506,5호선,양평,9,1,2778,1169,7200,4471,24192,10223,28484,41716,13339,16025,9369,6895,8694,6241,9247,6238,9026,7216,8511,7203,9227,7945,11210,9799,19759,13671,33835,23438,10184,15581,6600,10777,5487,10292,3734,9074,1634,5437,219,1719,0,0,0,0,0,0,20250703
202506,5호선,여의나루,22,4,1348,1574,2910,11450,6290,44932,9825,72118,6083,28303,5815,19111,7624,18563,10413,18785,11321,21698,14588,22468,19914,24539,27494,25193,52858,28517,63191,35020,32827,24327,41638,15317,37997,10636,27327,6576,11135,3385,883,887,0,0,0,0,0,0,20250703
202506,5호선,여의도,12,1,2585,2965,4157,27157,10235,144448,13808,202408,12332,76845,13668,34789,21393,34530,22219,32545,27337,35550,31582,29485,40397,28369,53640,28733,136707,33447,159157,39852,65356,19549,55779,10723,45848,9086,25228,7961,8614,4780,1072,2102,0,2,0,0,0,0,20250703
202506,5호선,영등포구청,3,0,1179,646,2973,2436,9033,7630,13996,26061,5902,11445,4932,5364,5426,4797,6198,5318,6118,5249,5986,5202,6932,5393,8163,6085,12388,8520,23421,15015,7781,7704,5643,5117,5302,5008,3807,4388,1825,2806,275,617,0,3,0,0,0,0,20250703
202506,5호선,영등포시장,35,0,3168,980,7036,5527,25635,15010,35662,43855,16588,27416,12666,16996,13578,17374,15950,20830,16775,22673,17450,18857,20772,16673,26131,17378,33584,21882,44187,34856,19650,20688,13951,13694,11624,13438,8291,11846,3677,7565,417,1648,0,0,0,0,0,0,20250703
202506,5호선,오금,27,0,1213,671,3305,2701,7322,10216,7735,20107,5841,6933,5043,3795,5051,3552,5562,3989,5407,3873,5302,4401,6757,4350,7660,5478,10208,6915,14324,7716,4520,6264,3453,4008,2881,3507,2204,4105,665,2606,103,899,0,0,0,0,0,0,20250703
202506,5호선,오목교(목동운동장앞),10,0,5260,1803,16181,8627,47300,26009,54347,57679,30740,45228,24752,29553,25388,28782,28861,29618,28657,32939,29558,32261,32748,34834,38212,41752,46913,52433,57608,69251,32081,44851,34239,27266,26377,24225,23813,20210,7377,11544,978,3358,0,0,0,0,0,0,20250703
202506,5호선,올림픽공원(한국체대),16,0,1679,913,6124,3709,11851,6894,12823,10536,9759,7849,8419,7824,8408,8096,8456,8923,8259,9327,7574,10313,9889,10742,10841,9389,11181,12081,10493,11088,7706,8293,7190,5579,10401,5138,9317,4473,1326,3126,102,779,0,0,0,0,0,0,20250703
202506,5호선,왕십리(성동구청),12,0,1796,513,2045,2993,5804,5929,8056,15153,4941,9230,4486,7057,5178,7292,5835,7912,6463,8531,6998,8057,7549,8157,9976,9282,10460,11394,13725,15078,8574,8471,7802,5086,7984,4631,6577,3910,3195,2545,514,1852,0,265,0,0,0,0,20250703
202506,5호선,우장산,0,0,7565,984,22768,4891,51637,15783,55450,22648,31303,15539,26272,14282,25203,14059,25193,17307,23128,19989,20766,22118,23633,25711,25854,30402,25016,36969,20524,53755,13449,40658,10078,25969,8681,23595,7349,23280,2195,12825,315,3197,0,0,0,0,0,0,20250703
202506,5호선,을지로4가,1,0,412,518,1225,6780,2683,18019,4018,40333,4061,19209,5152,12370,6655,12352,7690,10552,9172,9859,10626,8910,11789,8005,14813,7782,26794,7850,35550,8189,14349,4658,10182,3266,9036,3138,6430,2406,3189,1494,407,526,0,2,0,0,0,0,20250703
202506,5호선,장한평,17,2,8129,1256,20551,13569,56049,23264,75635,63306,39733,28930,25242,21605,23267,19631,25033,20522,24547,21674,23833,21346,25167,24272,31919,29711,41748,42660,59569,65149,26842,45466,16361,28549,13788,27415,10072,24787,4325,15257,745,4247,0,137,0,0,0,0,20250703
202506,5호선,종로3가,56,2,1589,429,2186,8118,3425,15513,5778,42935,7870,35517,10520,32384,14124,36128,19779,35135,22717,33286,27660,31045,33109,30223,39620,31902,47483,37692,59701,42548,37184,25111,38650,15898,43861,12493,36628,9901,21574,6022,2724,1667,1,7,0,0,0,0,20250703
202506,5호선,천호(풍납토성),61,2,7406,1780,12849,13608,34260,19333,41982,39182,25950,37563,24691,31035,27768,31856,32280,32550,33906,37861,35620,34537,40694,36182,47409,38839,52194,45692,53407,58894,36895,40922,33425,24474,24810,22174,18694,18503,8775,11715,1559,3825,0,0,0,0,0,0,20250703
202506,5호선,청구,10,0,1600,165,2292,1833,5938,3952,8766,13209,5629,7644,5273,4013,5300,3910,4727,4740,5004,4683,4819,4889,5386,5135,6962,5672,8410,7258,12850,9337,6706,6178,4463,4213,3795,4096,2961,3751,1641,2413,225,605,0,0,0,0,0,0,20250703
202506,5호선,충정로(경기대입구),2,0,949,267,2461,2977,5991,15490,8452,34523,4767,12577,4158,4479,5049,4295,5201,4051,5309,5078,5695,4789,5988,4208,7660,4711,17806,6459,27945,8651,7963,5547,5575,3989,4979,4180,2932,3999,1092,2449,217,626,2,87,0,0,0,0,20250703
202506,5호선,하남검단산,15,0,4561,16,10180,3476,23830,5050,19473,12418,13212,9900,11239,9690,9817,9002,10279,10823,10288,9905,10084,9477,11478,12745,12709,11324,12705,14558,11312,16981,7740,15380,6950,10234,5663,9421,4217,8344,1109,5280,92,2366,0,0,0,0,0,0,20250703
202506,5호선,하남시청(덕풍?신장),58,1,6202,143,13764,3575,29821,6734,27927,16044,19021,8642,14972,9943,14105,9471,14788,8888,13513,12184,12202,10746,12938,16319,15306,18378,14686,16897,14442,25615,8583,23205,6643,12892,5544,13573,3422,11863,1379,7171,349,3351,0,0,0,0,0,0,20250703
202506,5호선,하남풍산,5,0,2027,460,5469,2508,10295,7880,11764,15945,7818,9328,6827,6831,6484,6276,7086,5481,7508,6638,7007,6427,8826,6327,9984,8221,11731,7680,13033,11190,5267,10092,4054,5878,4097,5217,2645,5235,845,3164,172,1171,0,0,0,0,0,0,20250703
202506,5호선,행당,17,0,3866,636,10813,2504,30254,4945,39602,9860,20761,6596,14511,5661,12281,6491,12358,7729,11860,9098,10000,10120,10436,12834,10184,15407,10391,19265,10005,29459,6410,19165,5167,13214,3995,12446,3535,10365,1107,6238,224,1827,0,0,0,0,0,0,20250703
202506,5호선,화곡,525,5,23495,1512,42398,9894,107945,15578,135778,32931,71373,25812,47529,19060,41931,20814,43187,24458,39211,27393,34378,31654,33214,39818,36291,52300,38569,68452,39334,116608,24825,82175,18140,53476,15286,51773,10926,44332,4558,27696,586,8095,0,0,0,0,0,0,20250703
202506,6호선,고려대(종암),24,3,3708,850,7621,4831,20068,12884,25399,25252,14432,14823,11113,13477,11735,9940,13017,10165,13879,12360,14099,11059,14922,10691,20168,13099,22744,15255,20013,23283,11114,17470,9238,11824,10086,12623,8143,11511,3767,8379,628,2332,1,52,0,0,0,0,20250703
202506,6호선,공덕,114,3,5060,2543,8795,12408,21343,40454,31299,89765,23196,46913,20505,23283,22675,21204,24124,21127,25204,22308,25007,21234,29538,21772,34804,26808,57628,32002,78096,41215,35328,25903,28893,18020,26492,16984,19433,14632,8945,10512,1126,4493,0,113,0,0,0,0,20250703
202506,6호선,광흥창(서강),5,1,3049,1485,7894,6450,20756,15967,26372,33062,17395,18793,14112,12178,15653,11261,15410,11813,13941,11398,14104,12741,14889,13086,17492,14049,22518,17882,29327,23959,13269,17704,9852,11491,9300,10748,5827,10212,2521,6023,423,1672,0,0,0,0,0,0,20250703
202506,6호선,구산,27,1,6353,287,13082,2249,29891,6966,37687,7829,20559,5913,14467,5660,13182,7152,13106,7822,11949,8356,11202,9164,12553,11860,13039,14850,12159,16526,9481,22989,6496,19390,4945,11199,4147,10161,3974,8557,1245,5363,230,1521,0,0,0,0,0,0,20250703
202506,6호선,녹사평(용산구청),58,0,1418,539,2286,4286,4838,8664,7216,16873,6161,9046,4925,7493,5647,8007,5892,9933,6854,10408,7442,10671,9228,11293,12273,11579,15559,13606,18586,15587,11746,10493,11688,7030,13972,5622,11864,4940,5946,3051,665,900,0,0,0,0,0,0,20250703
202506,6호선,대흥(서강대앞),14,0,2593,1230,5458,5727,15416,18478,20904,32352,13942,20347,11243,18909,11736,14188,13386,14900,17137,18307,14855,13870,16884,14695,21626,16289,25678,19694,27340,25833,14109,16066,12308,10244,12474,9268,11997,8400,4245,6448,667,1718,0,0,0,0,0,0,20250703
202506,6호선,독바위,17,0,2351,246,4643,1002,13212,2312,12252,3054,7014,2844,4930,2977,4048,2636,4261,3256,3900,3418,3450,3619,3508,4531,3773,5904,3336,7362,3052,10940,2055,9533,1411,6184,919,5314,660,4981,362,3262,61,1247,0,1,0,0,0,0,20250703
202506,6호선,돌곶이,34,3,8088,1175,18867,3779,47532,6942,48429,17259,24830,11395,17629,9283,15239,10131,16299,12904,15604,13868,13901,12947,14772,17203,15965,19862,16568,25928,15742,39824,10875,31910,8172,19003,6754,16847,5231,16609,2533,10402,449,3373,0,0,0,0,0,0,20250703
202506,6호선,동묘앞,178,1,5123,1053,4913,4339,9970,8079,15965,20801,13623,17353,13032,16089,15767,16702,17462,16562,18125,17982,20305,17882,21360,16550,23010,16926,23684,17311,21706,19841,13464,14505,10575,10567,8404,10972,6376,11488,3135,8275,541,2403,0,67,0,0,0,0,20250703
202506,6호선,디지털미디어시티,195,24,6819,2568,17411,12228,48953,27983,51720,60144,28979,27412,19220,11944,16396,11210,16337,12667,15321,13503,14206,14766,16009,17181,21042,23632,33331,31524,43621,47704,19572,33561,10886,22712,9184,20989,7298,19997,3272,11348,785,4693,1,15,0,0,0,0,20250703
202506,6호선,마포구청,26,1,6443,1836,14767,8052,40869,16152,53593,34871,34896,18198,23723,13626,21757,13328,22589,16893,21193,18043,19337,16477,20186,20544,22504,23244,26249,28562,33166,42639,17767,30950,13530,21010,12424,19784,9461,18530,4280,12071,647,2879,0,0,0,0,0,0,20250703
202506,6호선,망원,15,0,6176,862,10554,5568,25917,10257,35664,31960,25017,31308,19995,26866,21350,30469,25989,31739,27314,37280,27292,33366,28616,36263,31091,39016,36227,42861,41097,48856,29862,34986,27738,19795,24855,17254,19376,14603,9214,10098,1315,2189,0,0,0,0,0,0,20250703
202506,6호선,버티고개,9,2,909,325,1884,1359,5085,2482,7161,5834,4948,3534,3405,2555,3123,2172,3239,2703,3054,3146,2829,3469,3559,3711,3729,3879,4781,4990,6378,6553,3086,4903,2090,3360,1786,3417,1424,2995,707,1926,88,463,1,36,0,0,0,0,20250703
202506,6호선,보문,25,0,4424,793,8211,4838,22874,10202,31711,18916,18329,10592,11352,8004,11253,8120,12159,9003,12098,9793,11217,8584,12248,10670,14107,12520,15245,17003,16954,24513,8843,18559,7588,12503,6881,12800,5631,11970,3283,8726,650,2699,0,0,0,0,0,0,20250703
202506,6호선,봉화산(서울의료원),10,1,6096,926,16863,2942,42399,5833,36006,11313,18874,7490,14354,6799,12734,6880,12888,8236,11441,9945,10307,10320,9991,13159,11462,15489,12138,20844,10265,27943,5563,25621,4111,16079,3492,13636,2786,13411,1168,7911,141,2810,2,212,0,0,0,0,20250703
202506,6호선,불광,4,0,1713,387,4289,3019,11512,3698,13460,7508,7597,6999,6935,6107,7691,6498,8277,6423,9078,7717,9311,7217,10705,7997,11585,8617,10939,10821,9904,14089,6069,10437,5502,6493,4260,5754,2145,5387,881,3374,153,1093,0,0,0,0,0,0,20250703
202506,6호선,삼각지(전쟁기념관),0,0,1676,817,2913,6439,8190,14713,13130,26765,9370,13371,7951,11630,9486,11194,11614,12106,13626,12303,14580,10776,16843,11362,20041,11314,26394,13419,29185,17090,14115,10368,12250,7273,12388,6661,9935,6559,5486,4968,829,1337,1,7,0,1,0,0,20250703
202506,6호선,상수,25,0,5840,1487,7156,4229,10462,6008,13342,21517,10207,25941,8852,18732,9266,17840,12719,20485,14049,22164,14946,19935,17042,19841,20638,22310,23618,26525,27525,33226,21853,22735,20701,15397,23262,13231,23118,12706,15974,10615,2689,3212,0,0,0,0,0,0,20250703
202506,6호선,상월곡(한국과학기술연구원),53,3,5589,579,9050,2084,23359,3865,26682,13076,15220,8794,10943,7819,10276,7573,10014,6934,10022,8658,9582,7756,9148,9253,10109,11122,10636,14150,9917,19124,6463,15778,3985,9911,4413,9846,2632,9420,1436,6260,206,1962,0,0,0,0,0,0,20250703
202506,6호선,새절(신사),76,0,11718,730,21069,5307,51747,8380,58444,14455,31089,11869,21097,10389,18685,11446,19134,12727,17663,15284,15448,14954,16626,20336,19300,23437,16903,30494,14569,45098,9574,36613,6597,22810,5775,20377,4108,18885,1823,12342,249,4020,0,1,0,0,0,0,20250703
202506,6호선,석계,1316,3,8989,2074,19473,6398,46111,8723,51024,14843,28811,11375,21566,10959,18889,13197,19617,14646,18304,15676,16111,16333,16450,20472,17562,25643,18049,32136,15590,49685,11454,38449,8617,24025,7927,21701,6911,19779,3867,12760,724,3959,0,9,0,0,0,0,20250703
202506,6호선,신내,0,0,0,0,0,0,0,0,0,0,0,0,2,0,0,0,0,0,1,0,0,0,0,0,2,0,1,0,3,0,0,0,1,0,0,0,0,0,0,0,0,0,0,0,0,0,0,0,20250703
202506,6호선,신당,143,1,5807,1222,4576,8541,7042,15079,11371,34481,8949,20045,8044,13090,10021,10919,10999,11337,11728,11798,12591,10592,15552,10383,18998,12119,21736,13988,25637,18877,16249,19776,15812,10706,14487,8696,16629,9074,7309,7941,1362,2243,0,7,0,0,0,0,20250703
202506,6호선,안암(고대병원앞),32,1,2258,1463,3641,7281,9450,18902,12346,46056,11488,35033,13748,34087,17395,23093,18715,21569,19658,25784,24059,21026,26686,15766,38898,15762,46002,17676,34080,23294,21326,16282,18103,11585,20410,12305,18638,11840,11991,8412,1860,3514,1,84,0,0,0,0,20250703
202506,6호선,약수,2,0,1441,327,1963,2470,4922,6307,7624,14987,5983,8255,5021,5352,4928,5330,6211,5040,6057,5440,6250,5181,7195,5831,7857,6122,9821,7902,13157,9779,7500,6019,5894,3952,5893,3360,4576,2750,2315,1840,450,543,0,0,0,0,0,0,20250703
202506,6호선,역촌,0,0,2341,337,5748,3113,15127,3318,16267,7996,8974,4475,6573,3654,6565,4939,6611,5357,6531,5003,5452,5939,5209,6577,5512,8357,5802,11131,4592,17251,3052,13151,2125,7859,1854,7974,1233,7165,603,4815,79,1418,0,0,0,0,0,0,20250703
202506,6호선,연신내,0,0,0,0,1,0,1,0,6,0,4,0,4,0,6,0,5,0,6,0,6,0,6,0,5,0,6,0,6,0,4,0,2,0,1,0,1,0,1,0,1,0,0,0,0,0,0,0,20250703
202506,6호선,월곡(동덕여대),24,5,7289,956,14590,3957,39192,8224,45000,24995,23889,16966,17568,13846,16785,13190,17973,12937,17423,14729,16957,14992,17202,17545,19412,22318,20680,26770,24432,39892,12790,30596,10147,18301,8209,17907,5716,15804,2832,10778,466,3089,0,1,0,0,0,0,20250703
202506,6호선,월드컵경기장(성산),32,1,891,1347,3129,4783,7480,7535,9245,11026,6203,8665,7381,9337,8628,9734,9286,10551,9094,11089,9682,11649,11748,11384,13890,11173,13419,15347,11119,24255,7369,17146,7550,5822,17235,4050,14187,3253,2291,1624,220,388,0,1,0,0,0,0,20250703
202506,6호선,응암,32,1,12602,1493,27423,6107,68973,9603,83571,18279,46616,17488,30661,16103,27879,15926,28309,18300,26539,19929,22303,22548,23245,29362,26299,35579,23143,47329,21519,72887,13758,55925,10895,36735,9564,32764,6742,27946,2767,18645,353,5663,0,2,0,0,0,0,20250703
202506,6호선,이태원,147,1,15835,2724,11273,15839,9283,12824,10193,31215,10441,25900,10196,19330,10869,16869,12053,17938,14196,20045,16803,18417,20994,20068,30871,23267,31319,26413,35878,31217,27087,28354,25310,23025,26016,22541,25487,22268,18016,19825,3041,7194,0,0,0,0,0,0,20250703
202506,6호선,증산(명지대앞),47,1,7471,713,14262,4272,35491,4902,42908,11161,25251,8821,17076,7609,14801,9055,15119,9266,14187,11239,12276,12088,12277,14796,13152,19068,12665,24895,12345,37939,7595,29086,5807,18698,4533,18550,3335,15552,1507,9386,329,2937,0,0,0,0,0,0,20250703
202506,6호선,창신,19,0,2739,264,5291,2100,14555,5250,16194,5529,9082,3488,5524,3149,4624,2982,4978,3575,4729,3833,4046,3733,4634,4244,6133,5409,5038,7122,4892,9373,3379,7700,2913,5041,1867,5101,1358,4798,659,3132,97,861,0,1,0,0,0,0,20250703
202506,6호선,청구,14,0,1430,533,2839,3031,6735,7150,9193,20684,5919,10215,4748,4773,5002,4357,5047,4573,5382,4535,5155,4499,5700,4919,7185,5407,7994,6125,12994,7515,8182,4983,5046,3677,4674,3496,3709,3193,1846,2136,282,794,0,0,0,0,0,0,20250703
202506,6호선,태릉입구,13,0,4464,1162,7797,3436,18205,3894,21805,9032,12337,7855,9683,6709,9216,9209,9498,8386,9692,9482,9807,10336,9851,10770,10700,13012,10542,16173,10100,24279,6794,17962,5612,11557,5046,11538,3881,10270,2146,7752,396,3748,0,5,0,0,0,0,20250703
202506,6호선,한강진,15,1,809,849,1489,9517,3724,21884,5794,40976,5522,28158,4094,21918,5424,20628,7771,19827,9984,23148,13396,21113,19060,23231,26110,22844,34894,20271,42112,19092,28159,10465,23817,5125,17571,4027,11075,3482,4009,2584,417,1778,0,172,1,1,0,0,20250703
202506,6호선,합정,29,0,3592,1302,5862,6187,12201,16153,18917,38798,14472,28660,12577,18950,14351,19678,17234,20618,19051,22692,20649,20440,22866,22094,25900,26844,32713,30774,44595,41129,30461,26453,28250,15597,31066,13875,26678,12178,14431,8935,2316,2569,0,0,0,0,0,0,20250703
202506,6호선,화랑대(서울여대입구),23,0,6752,1582,21879,4595,52084,8589,48153,15714,25876,11103,17676,8723,15940,9966,17183,8595,17146,10457,14613,10522,16441,13049,19152,15934,17568,23077,13533,34361,7681,29145,5837,17907,4727,16080,3828,15406,1429,9901,161,3448,0,32,0,0,0,0,20250703
202506,6호선,효창공원앞,6,1,2375,810,5803,4202,17481,7618,26849,24210,15425,12785,11083,9242,9988,8908,11299,9195,12202,9805,10636,9562,11326,9981,14113,12190,17077,13975,22599,19911,9931,13793,6765,9578,6018,8537,5025,7777,2385,5304,472,1916,0,0,0,0,0,0,20250703
202506,7호선,가산디지털단지,670,7,6240,5405,10531,29245,23354,137053,27836,354597,20631,200588,19428,55265,24456,35316,31906,34612,35945,35659,40943,29776,53143,27291,78092,26810,204528,29547,282240,35921,110804,25123,65315,16475,48458,14036,27738,12542,11592,8352,1405,2915,0,1,0,0,0,0,20250703
202506,7호선,강남구청,11,1,1997,1699,4067,15633,7731,35844,9426,98984,9726,90629,9543,39771,11727,24049,14553,22176,17099,22015,21209,19243,25734,17734,30597,17817,49291,19126,80472,19957,50370,12844,31831,9024,29534,6896,20700,5527,8658,3708,1412,1753,0,0,0,0,0,0,20250703
202506,7호선,건대입구,70,0,4438,1115,5179,9366,13473,20439,18310,38432,16149,30615,14937,26328,16769,22947,18768,24382,21998,26365,24512,25030,29175,24019,34057,24063,41622,29906,34789,36596,25038,24125,27076,15105,22813,13216,20000,10561,10929,6723,1592,3464,1,239,0,0,0,0,20250703
202506,7호선,고속터미널,15,3,1492,2970,3256,22516,12633,39077,20128,48255,25931,36148,25088,30251,27499,28160,29189,25877,29595,27866,29965,25014,40053,21860,44132,22245,58547,24021,48588,25213,34013,15899,35120,10503,31159,9913,24177,5521,7338,3267,605,672,0,8,0,0,0,0,20250703
202506,7호선,공릉(서울과학기술대),40,0,6117,1086,14477,4655,35365,12511,39854,23097,23044,18727,18741,14633,18949,14274,20379,16525,20128,18295,19147,18339,22202,21271,24846,24373,23827,29583,23882,41498,15364,33707,14543,19863,11764,17695,8947,16844,4935,11410,738,3543,0,0,0,0,0,0,20250703
202506,7호선,광명사거리,187,2,19477,6908,31506,13318,77022,15850,80433,26356,46333,24086,33683,25445,30491,28878,32882,32210,32475,32929,30711,31968,32679,37718,38618,43308,37085,54078,32931,78834,23255,56789,16305,33681,12618,30339,9299,24583,3685,14997,697,4176,0,4,0,0,0,0,20250703
202506,7호선,군자(능동),56,2,9054,829,14532,6273,34453,9395,53927,25132,36749,18274,22397,13054,19574,12551,20970,13588,21323,15268,19800,16223,20156,19483,22644,22832,28879,28986,31828,42015,20619,31708,18066,20574,17099,18485,13214,16072,7071,9934,1161,3113,2,36,0,0,0,0,20250703
202506,7호선,남구로,134,0,18211,1345,15190,7556,29680,32188,33929,86945,23972,40898,17320,18762,15285,15826,16623,15201,15768,16212,15186,15289,17484,17953,21259,22932,43190,31730,66067,30680,28348,21591,15755,15317,10705,17962,7316,14705,3188,7904,512,1856,0,0,0,0,0,0,20250703
202506,7호선,남성,41,1,6296,894,14658,3613,36781,6631,50641,15783,32516,11915,20824,11134,17377,11335,17394,12856,16906,14298,15636,14841,15207,18708,15806,21270,15401,28707,14675,41124,9274,29928,8610,20646,7044,17933,4963,16017,2138,9521,391,2918,0,1,0,0,0,0,20250703
202506,7호선,내방,6,0,2751,1963,8443,15517,18114,25805,26822,69041,20537,42162,16513,20557,16142,16909,17658,17172,19614,18457,20534,17160,22424,17554,28225,19273,44026,25278,60674,30557,24806,19577,18630,13648,17981,11868,12264,9621,3922,6280,710,2989,1,160,0,0,0,0,20250703
202506,7호선,노원,47,4,7832,2499,15270,8885,36497,16235,40625,44845,28306,43350,28247,32636,31331,33277,35346,34585,35471,38379,37078,36672,41008,40230,43881,43131,43404,47366,43973,60455,29700,47925,27952,25775,22215,21243,20972,17612,8019,12022,1461,3773,0,0,0,0,0,0,20250703
202506,7호선,논현,41,0,2972,1565,4753,16888,8930,39854,13734,98209,12024,84960,11685,36020,13567,23473,15753,22335,17468,23898,22032,22019,27071,20603,33222,23073,59825,28415,92975,32852,52587,18321,35301,11776,36110,9863,31970,7536,16074,5354,2826,2327,0,0,0,0,0,0,20250703
202506,7호선,대림(구로구청),58,0,12144,850,8741,4064,16839,7877,22079,18440,17664,15094,13937,19551,14060,19565,15774,15867,17381,15861,18137,15653,17984,17229,18823,19738,19854,24522,19373,22929,12548,14936,10126,11901,8533,13968,6651,11026,3330,5736,437,1269,0,1,0,1,0,0,20250703
202506,7호선,도봉산,95,1,5955,1238,17718,5530,46576,9347,35666,14229,20239,16509,13796,16028,12134,13477,12848,12636,11886,13219,11683,13058,13146,15472,15509,18350,12557,22510,11460,34809,5769,33911,4171,21293,3343,18076,2470,15546,885,9999,156,4168,0,104,0,1,0,0,20250703
202506,7호선,마들,33,2,11447,1275,26957,3463,62008,8268,59603,11800,32103,10782,23908,10533,21058,12011,22161,14336,18774,15111,16682,16716,17363,21478,16792,26187,14812,31272,13302,47136,8306,44646,6141,26138,4478,22587,3450,20395,1289,13217,210,3679,0,0,0,0,0,0,20250703
202506,7호선,먹골,42,1,7656,730,13146,3372,32041,5672,39893,15587,24412,10466,18230,9578,15855,10986,16493,12122,16311,12878,14330,14022,14199,17446,15208,21425,15187,25381,16500,36821,10813,29411,8381,19660,6934,16673,4719,15027,2002,9362,431,2654,0,134,0,0,0,0,20250703
202506,7호선,면목,85,2,13241,1062,23220,5658,52098,8932,65156,24617,38159,17027,26342,14224,22187,14620,23085,17224,22157,17688,19677,18642,20598,24082,22539,30197,19860,35434,20297,49523,14736,42281,9595,26800,7459,24728,4995,22881,2421,12743,402,4137,0,2,0,0,0,0,20250703
202506,7호선,반포,8,0,1050,1008,3048,15321,8499,12225,11442,18561,8804,15844,6794,10693,7462,11064,8937,10495,9808,10346,10528,9487,13717,9703,20143,9671,19510,10080,17267,11439,12265,7035,10154,5219,9496,4387,7594,4109,2123,2404,253,733,0,0,0,0,0,0,20250703
202506,7호선,보라매,13,0,3810,833,6185,3194,16482,9441,22826,20491,14125,11106,9507,10749,9533,11080,10357,10794,11117,10403,11660,10129,12225,10691,13546,12294,14309,16009,16675,23084,8249,16442,7574,10581,6729,10063,5192,8550,1919,5423,309,2076,1,19,0,0,0,0,20250703
202506,7호선,사가정,25,0,12784,1328,23157,8171,52175,11771,65903,23936,40881,17510,27539,15850,23371,16652,24656,18722,23131,20132,21887,21330,21897,27342,23101,33790,23655,41551,23466,61467,17081,48263,12691,28999,10308,27066,7731,22863,4305,12697,659,4132,0,1,0,2,0,0,20250703
202506,7호선,상도,10,0,5314,1714,12932,5868,33299,8411,42311,23071,27574,18456,19530,17171,17803,14980,18638,16318,19189,16205,17865,17974,18852,18669,21979,21339,24036,27522,21519,41722,13050,28245,11534,19152,11091,17436,9015,16102,5261,10896,1148,2810,0,0,0,0,0,0,20250703
202506,7호선,상동,0,0,0,0,0,0,0,0,0,0,0,0,0,0,0,0,0,0,0,0,1,0,0,0,0,0,0,0,0,0,0,0,0,0,0,0,0,0,0,0,0,0,0,0,0,0,0,0,20250703
202506,7호선,상봉,451,15,10337,1644,20048,7324,50483,12397,69951,26384,37856,19710,24687,16792,23100,17454,25127,19290,24260,21284,23501,21679,24529,24650,27371,30575,29331,40929,30710,62452,21999,52723,18201,31988,16848,26282,13193,25587,6904,15840,1305,6751,1,73,0,0,0,0,20250703
202506,7호선,수락산,68,3,10370,836,20828,5788,44211,8486,44374,16800,29263,15863,21880,16050,19967,16876,20613,18143,20965,15959,20693,16824,21573,19892,21105,24912,19695,29827,18823,40787,11789,37411,8785,24239,6998,19670,4310,17730,2111,10762,292,4087,0,0,0,0,0,0,20250703
202506,7호선,숭실대입구(살피재),33,0,6095,1016,13648,3858,36368,7689,44951,24707,30333,19731,21650,21395,19736,18367,20326,17353,21134,20353,20567,21167,20787,21820,25480,25177,28378,32329,20086,44664,13775,32125,13327,21362,12269,20250,10844,19504,6598,12848,1270,3608,0,0,0,0,0,0,20250703
202506,7호선,신대방삼거리,82,3,9755,802,18901,5013,48672,9189,70151,18514,40744,15393,25550,13625,22475,14696,24590,15892,21744,17865,19774,19134,19735,23009,21597,27399,20178,37138,20883,57498,12548,42748,10788,26868,9558,25375,6849,21579,3476,13992,681,4806,0,0,0,0,0,0,20250703
202506,7호선,신풍,207,2,13742,1232,16263,5298,38957,10902,48961,19919,28216,13719,18001,11450,16518,11905,17742,12539,16565,13365,15201,13904,15937,17650,17718,21738,17618,29467,18006,40183,11141,28685,8525,18720,6974,17428,5209,14792,2328,8233,379,2882,0,363,0,0,0,0,20250703
202506,7호선,어린이대공원(세종대),13,0,3408,971,7627,8541,19375,16658,30916,65927,23904,42962,17976,39111,20224,32490,21969,28808,27041,33760,29955,28389,32106,22836,42073,23198,51578,26154,48256,34381,27755,24112,22712,16565,22668,15143,19238,14581,11437,10753,2093,2974,1,6,0,0,0,0,20250703
202506,7호선,온수(성공회대입구),168,2,8900,747,18684,3858,41636,11159,48260,18231,22463,12821,13797,7541,11733,7980,13192,9106,11933,10200,10939,10262,13638,12712,16348,15396,15761,21383,13950,36014,6606,26295,5408,17196,5286,14403,3231,13012,1712,8314,303,4468,1,898,0,0,0,0,20250703
202506,7호선,용마산(용마폭포공원),9,2,4894,586,10890,2314,22021,4172,26786,9274,14951,6018,9861,5788,8714,5431,8789,6286,7994,7107,7032,7228,7080,9346,7949,11622,7380,14009,6998,20764,4715,16986,3464,10533,2697,10194,1730,9118,954,5862,160,1901,0,0,0,0,0,0,20250703
202506,7호선,이수,43,0,4787,1435,9942,17478,27733,17379,41155,41353,28730,28237,21586,21026,21596,20620,23296,21543,25040,23656,26054,23971,27256,25980,33846,30285,37713,40760,43186,54862,26413,36063,24943,20330,26786,17417,23142,15525,11815,9395,1728,2884,0,12,0,0,0,0,20250703
202506,7호선,자양(뚝섬한강공원),6,0,4881,715,9924,4976,21815,8170,29998,14921,20920,11159,13357,10202,11845,10982,12332,13224,12308,14806,12125,15261,14182,18425,17254,21149,18410,26570,18907,35971,15865,27518,19216,19007,20178,16156,16690,12406,8278,6320,1060,1863,0,5,0,0,0,0,20250703
202506,7호선,장승배기,10,1,5582,1943,11066,8968,25519,8606,35088,17694,23259,11609,16013,9682,14138,10167,14413,11176,14330,12102,13107,12424,13607,14519,17041,16906,17119,21225,14892,29667,8225,20938,7043,14334,6720,12861,4670,11514,1935,7780,427,2322,0,0,0,0,0,0,20250703
202506,7호선,장암,6,1,2251,146,7944,1261,16913,1476,11496,1776,4943,2839,2953,3388,2551,3666,3212,3093,3446,2155,4008,1662,4510,1791,4188,2210,4184,3028,3408,3964,2225,3136,1534,2060,942,862,599,986,192,561,21,184,0,0,0,0,0,0,20250703
202506,7호선,중계,40,1,10170,2244,24730,5638,58798,18301,59369,28887,33620,16938,24674,11831,22999,14050,26173,14948,21378,16473,20685,15603,18975,19088,23925,23154,21493,30154,17971,45436,10266,42561,7616,26308,9280,23157,6637,19820,2788,11938,363,3577,0,0,0,0,0,0,20250703
202506,7호선,중곡,13,0,6283,723,13082,4398,28808,15969,42778,28447,27053,14503,17067,10191,15463,9497,16647,10883,15203,12228,14342,12416,14274,15657,20299,18968,21000,22234,22016,32584,12272,25715,8501,16890,6577,15799,5468,13784,1925,7761,376,2557,0,0,0,0,0,0,20250703
202506,7호선,중화,111,0,8110,1028,14939,4562,33449,9566,42412,21006,25356,11525,17270,10023,15808,10382,16774,11585,15276,12319,13476,13533,14874,17507,16873,21308,17548,24485,18218,35170,11287,29394,8061,19066,6854,17644,5023,16049,2185,9406,387,2832,0,77,0,0,0,0,20250703
202506,7호선,천왕,22,0,8576,879,19825,5863,51771,9911,54963,18021,30818,9428,19656,8310,16295,9160,16496,12012,14869,12702,13177,13665,14245,17729,16756,22385,16113,30803,14613,44411,7235,34320,5534,21834,4219,18324,3069,15580,1173,10160,289,2796,1,41,0,0,0,0,20250703
202506,7호선,철산,32,3,10277,3368,32631,10878,79641,18064,78048,36242,46543,27619,33160,20799,30648,20913,31031,23717,28361,26058,26864,26227,28630,31391,30987,39796,35021,58134,34995,86106,20410,64261,18393,37226,17442,33916,14583,29426,6664,17524,1239,4845,0,0,0,0,0,0,20250703
202506,7호선,청담,10,0,2375,3777,6562,33570,11513,56614,14534,124471,13082,81909,12851,32894,15660,21955,20036,21399,20017,22806,23401,20316,30859,18140,43252,18612,66675,19456,96067,19642,48004,12965,28606,9892,25233,9092,18658,6969,5259,3963,731,2505,0,0,0,0,0,0,20250703
202506,7호선,태릉입구,153,1,7775,1179,7981,5464,18236,7967,23358,18395,16026,12950,12914,11080,12094,12939,13992,12289,14547,12598,14850,13273,17079,13430,18485,15165,19996,17678,19790,23070,12185,19492,9561,13183,8688,11590,6697,10875,3124,6998,544,3340,2,1078,0,0,0,0,20250703
202506,7호선,하계,72,1,9277,1854,25798,7091,64465,16809,66595,26260,39163,21356,29890,17063,28198,17533,29045,22516,26658,25762,26692,23530,30548,26709,32785,30664,30460,37793,24974,56611,14854,48926,13181,29934,11517,26916,8506,24485,3025,16764,535,4744,0,0,0,0,0,0,20250703
202506,7호선,학동,9,0,1913,1523,4599,23038,8625,53588,11422,163936,11460,119591,11615,50010,15023,26949,18951,23439,22133,26958,27007,21423,34734,18237,42907,18131,81045,19724,143907,19269,66083,11945,36152,8228,31407,7374,23694,5364,8294,3361,1288,1270,0,0,0,0,0,0,20250703
202506,8호선,가락시장,166,4,3787,2794,6720,8017,12009,15661,13674,40722,11134,17109,10990,12026,11011,11818,11543,11195,12312,12310,13360,12014,15062,12330,16163,14802,20577,17801,27764,21579,13264,14933,11527,10991,11232,8694,8539,7170,4280,4943,1054,1743,0,491,0,0,0,0,20250703
202506,8호선,강동구청,40,0,5760,978,11882,6002,28772,15603,36115,32315,23822,15314,17385,11917,15254,10730,14930,12258,15337,14624,14558,13890,15438,16949,17225,19386,21059,24692,26695,33625,10789,23444,8616,16317,7178,14408,5483,12160,2054,7320,372,1883,0,0,0,0,0,0,20250703
202506,8호선,남위례,5,1,1958,1550,7373,5451,21424,9609,24990,23965,14716,11373,10388,7489,9515,6623,10479,7358,9970,9367,9625,9502,12494,9627,14928,13330,17011,17640,18000,24435,8696,18101,7270,12038,7303,9769,5375,9757,2313,5669,796,1318,0,0,0,0,0,0,20250703
202506,8호선,남한산성입구(성남법원.검찰청),122,15,11119,1644,21043,4649,50382,10744,60912,23434,31913,19356,21713,13784,19907,10852,20753,13275,17967,15150,17281,13453,17849,18464,19804,22373,22003,28251,19659,42040,9390,31297,6971,21681,5237,21551,3747,17944,1574,10881,290,3419,0,0,0,0,0,0,20250703
202506,8호선,단대오거리,64,1,10764,1608,19633,5696,46311,11218,54481,18537,27694,11444,19114,8961,16712,9626,17754,11524,16052,12612,14903,14483,15027,18819,18053,23086,19902,29836,20277,45582,10134,33684,7511,21948,6155,20215,3935,17153,1869,10536,415,3103,0,0,0,0,0,0,20250703
202506,8호선,모란,19,0,2522,551,3359,3980,9075,5124,11056,12658,7724,7068,7763,7598,8711,7280,9779,7789,10628,7489,10496,7269,11565,8001,13915,8714,12831,8050,12121,10006,7113,6334,5014,4204,5018,4320,3816,3737,2124,2443,631,1273,2,359,0,0,0,0,20250703
202506,8호선,몽촌토성(평화의문),5,0,1913,1969,4624,8679,12876,11752,18976,29121,12614,15591,9066,10272,8547,10239,9262,9973,10208,10611,10817,9612,11728,9792,15793,12535,19449,15454,24251,18589,11586,14334,9417,9356,9561,7770,8057,7209,3603,4475,719,1239,0,0,0,0,0,0,20250703
202506,8호선,문정,2,0,2668,3535,8661,10947,26206,58156,33631,166893,21785,73660,17750,29839,19606,19573,22719,20584,24985,22704,27645,20058,29863,20122,35675,23660,84723,28350,119151,38451,41122,28208,28758,17671,24560,15415,17974,14043,7312,7388,1312,1984,0,0,0,0,0,0,20250703
202506,8호선,복정,65,0,3815,2167,11912,9490,27145,10891,34291,19120,21404,14990,14198,9855,11716,7355,13227,9286,12640,9304,11735,9256,13137,11607,17264,14315,21852,20978,23782,28902,14153,20682,9054,13556,7318,12507,6035,11327,2635,5015,515,1046,0,0,0,0,0,0,20250703
202506,8호선,산성,13,0,4988,936,10938,2767,28259,3958,29465,8431,15978,5958,11097,5867,8965,4790,8873,5748,8203,6453,7705,7266,8145,10162,9229,12006,9073,16522,6532,26183,3548,21064,2842,13420,2182,12611,1525,10803,740,6529,150,2360,0,0,0,0,0,0,20250703
202506,8호선,석촌,1,0,2798,890,6106,4872,16124,10056,22827,23123,13996,19615,11624,14016,11802,15276,12997,15907,13519,16926,13998,15642,14404,17213,15922,18003,19199,23957,21062,29918,12722,20310,11959,12633,12585,11043,10632,8984,4215,5524,693,1897,0,3,0,0,0,0,20250703
202506,8호선,송파,21,0,3348,732,10737,5152,30172,11367,34319,19603,23085,12701,17648,9639,16267,9470,16067,10991,15409,14084,13458,14225,15611,16921,16419,19390,16454,24099,17642,32308,10181,23831,7926,14889,5997,14244,5141,11581,1957,5834,276,1673,0,69,0,0,0,0,20250703
202506,8호선,수진,8,0,3985,577,7021,2575,16602,5129,20674,12914,12235,6855,9029,6228,8526,6682,9463,6644,9103,7958,8606,8079,10164,8750,12715,9790,9591,11155,7758,15448,5043,12976,4488,8408,3739,7668,2374,6902,931,4436,204,1396,0,35,0,0,0,0,20250703
202506,8호선,신흥,1,0,3783,600,7627,2543,18378,3482,20910,6830,12062,4602,7800,5415,7366,5798,7354,7319,7242,8409,7339,8727,8630,9844,9852,11732,9534,14161,8196,19227,4965,15003,4176,9489,3026,8510,1939,7623,878,4327,185,1389,0,0,0,0,0,0,20250703
202506,8호선,암사,131,1,14765,824,24500,5367,64506,8961,75938,18783,42217,14787,27943,12099,24475,15726,23888,16968,23139,18131,19764,20639,19510,27384,20301,32241,20915,40542,21226,61876,13687,44175,11150,27651,8267,25124,5802,23202,2357,12697,444,3876,0,130,0,0,0,0,20250703
202506,8호선,암사역사공원,3,0,3133,512,9556,2940,27291,6526,31005,7579,16709,4355,10883,4488,9072,4757,8725,6041,8241,6934,7672,7868,8347,8797,10143,11721,10318,15997,10712,22014,5654,17030,4026,12031,3295,9562,2449,10550,881,5300,203,1284,0,5,0,0,0,0,20250703
202506,8호선,잠실(송파구청),27,3,1794,3206,3920,13698,8079,38078,11134,86279,9671,54811,10426,40862,15131,42711,19337,41886,24586,41304,31252,38110,40310,38812,46912,37147,60823,40035,76893,44642,49544,23529,46506,14004,44771,9679,31655,6844,10988,4359,1933,1721,0,219,0,0,0,0,20250703
202506,8호선,장지,12,0,5699,3165,18938,11615,44659,27269,48947,46632,31921,32386,22454,19376,19669,20858,20765,20992,21784,20587,22935,21080,28233,24325,32630,27184,43928,33550,46691,47486,26821,30320,22569,19065,16778,17225,8155,14819,2987,9050,524,2088,0,0,0,0,0,0,20250703
202506,8호선,천호(풍납토성),112,1,10962,2301,16225,12464,42673,19339,53124,34468,32670,30825,23014,24226,22598,25769,24649,27673,25407,30829,25516,29951,28802,34731,33120,37127,38132,50037,39157,67783,25852,47223,23312,28886,17827,26979,13327,20859,6155,13092,1454,3924,0,0,0,1,0,0,20250703
202506,9호선,가양,131,1,16720,1639,28947,10545,74705,30162,76694,52921,44312,31441,34676,20113,33179,21499,35020,22777,31049,25120,28123,27612,31812,32380,35445,38474,42903,45902,49178,72818,23408,58091,17732,38490,14288,33524,10370,31228,4268,19002,713,5827,1,259,0,0,0,0,20250703
202506,9호선,개화,16,4,2509,241,7351,2290,12413,3452,9414,4380,3961,2744,3032,2140,2515,2208,2355,1896,2251,2164,2704,2307,3142,2563,3896,2774,5765,3776,5457,5637,2406,4686,1635,2648,1559,2061,633,1978,305,1277,86,422,1,40,21,21,0,0,20250703
202506,9호선,고속터미널,34,3,2675,1684,6886,15562,19615,19497,25989,30153,21318,33373,20024,39632,21731,42323,25330,43012,28183,42528,31090,46024,36449,46772,39516,50525,41404,53395,40096,59281,33492,39213,32877,29716,29134,23662,23095,21121,8431,9667,1052,2167,0,2,0,0,0,0,20250703
202506,9호선,공항시장,9,0,3287,284,4386,1292,9332,2292,11090,4690,6313,3681,5037,3053,4479,3456,4793,3873,4376,3719,4212,4072,4073,5084,4404,6067,5067,6889,4165,10676,2769,8120,2350,6246,2011,5840,1381,5512,739,3462,162,1309,2,89,0,0,0,0,20250703
202506,9호선,구반포,15,0,228,2787,765,18188,1396,3227,1863,3891,1295,2697,1215,1593,1452,1390,1562,1604,1757,2170,2054,1789,3566,1465,15257,1642,11230,2215,5486,2474,2551,1263,1418,873,1247,777,845,682,318,360,59,220,0,0,0,0,0,0,20250703
202506,9호선,국회의사당,21,4,876,1691,2209,11663,4963,49482,7808,156363,7430,56655,10496,27048,13644,21044,18086,19322,20658,21483,25072,17628,25752,13773,36099,13280,74414,16405,102614,15487,35800,9039,25875,5782,25402,5034,13823,4507,5182,2758,789,847,0,5,0,0,0,0,20250703
202506,9호선,김포공항,2,1,521,2644,2547,12976,8894,16577,9578,20257,5964,19008,6946,20415,8060,22340,8826,24512,10646,23517,11970,23057,14600,21846,14260,23248,16369,27042,18190,25658,12489,14740,11808,6032,10166,3820,9100,2939,2833,1928,123,1496,1,121,0,0,0,0,20250703
202506,9호선,노들,7,1,4320,387,6665,1537,17881,2379,22018,4503,12509,3725,9363,3796,7398,4183,8185,5120,7551,5755,6564,6975,6354,8152,7010,10042,7657,13217,7162,17833,4900,12686,5779,8754,6100,7733,3698,7157,1483,3840,249,1232,0,2,0,0,0,0,20250703
202506,9호선,노량진,497,3,17887,1946,25971,12894,65555,35722,88346,53896,50650,35993,35197,24466,33283,28493,36659,32066,39074,36208,34619,33267,35328,36242,41646,43783,49902,64051,48975,90071,30882,58605,31152,43876,36725,42319,35839,41855,11808,23222,1445,6386,0,0,0,0,0,0,20250703
202506,9호선,당산,114,0,8841,1636,17317,7759,51136,16470,59329,43660,35284,23644,27221,16458,25799,18536,28965,20010,26420,22853,25509,21964,27142,25966,29453,32251,38254,44767,46507,63863,24604,45903,21070,32188,20318,32252,16116,29187,7810,18642,1511,5116,1,264,0,0,0,0,20250703
202506,9호선,동작(현충원),61,0,960,287,1593,2528,4731,2642,5469,5969,3964,9107,5378,8713,8702,5708,8669,4320,7567,4160,6061,4078,5650,3625,6126,3284,5462,3517,4465,4585,2037,3062,1681,2177,1649,2050,1376,1945,554,1257,112,1205,0,178,0,0,0,0,20250703
202506,9호선,등촌,11,1,6341,1446,16487,5694,48705,8143,58091,18983,27014,12712,19412,11882,19225,12362,18786,13944,17724,15082,16226,16016,17445,20144,18519,21784,18168,32036,18920,46292,10334,36249,8324,21049,6688,19290,4953,15783,2226,9455,449,2730,0,1,0,0,0,0,20250703
202506,9호선,마곡나루(서울식물원),24,0,5049,1553,10931,11318,29144,25352,31220,61536,17136,27434,13938,16659,15189,15202,17695,15733,18264,16726,18704,15647,21203,16647,25632,20092,45271,26882,53199,38678,24818,29058,21317,18033,19883,18310,15704,15441,7133,10847,978,3834,0,393,0,0,0,0,20250703
202506,9호선,사평,1,0,1200,289,3568,2304,11443,5843,13802,8044,8685,4658,7057,4112,6339,3799,7042,4872,6400,6534,6072,6231,7078,7767,8672,7914,8528,9842,8847,12034,5210,8891,3803,6594,2696,5898,2318,5806,686,3002,185,759,0,1,0,0,0,0,20250703
202506,9호선,샛강,12,0,1576,1215,2590,4590,5486,17701,6641,36957,5350,13850,5683,8938,6747,8529,7637,7260,8503,8233,9247,7277,10474,7118,12252,8785,21912,11157,30129,13774,12171,8136,11455,4615,10019,4045,7686,3620,3687,2284,803,792,0,43,0,0,0,0,20250703
202506,9호선,선유도,2,0,2376,1547,6804,4486,23466,14669,27866,38750,13062,19939,9867,8255,9395,8372,10412,9281,10204,8506,10132,9086,11540,10305,14001,10698,25973,14109,35945,23647,13693,15752,8882,10232,7132,8440,4889,8164,1840,4605,340,1346,0,21,0,0,0,0,20250703
202506,9호선,신논현,71,1,4244,1550,12782,15824,30112,39498,38259,83378,30726,97813,28325,57992,33028,44271,38439,44626,41962,47085,45181,46663,51321,46925,62368,52287,82369,69784,101102,90110,75757,53386,60123,34049,62800,28145,54341,23699,26045,14231,4467,3476,0,691,0,0,0,0,20250703
202506,9호선,신목동,11,0,2501,383,6839,2545,20944,3852,20503,6719,10141,5055,7480,3007,6549,3381,6723,5024,5712,5075,4997,4980,5771,6210,6423,8155,7848,9227,6908,15504,3617,11204,2604,7262,1981,7339,1855,5744,675,3995,173,1109,0,81,0,0,0,0,20250703
202506,9호선,신반포,1,0,968,853,3079,7888,10222,9807,11826,10786,7935,7418,6478,6496,5758,5376,7092,5637,7161,6946,7206,6860,9375,7027,12909,7451,12873,9902,11063,12559,6868,9363,5538,5675,6303,4478,3722,5047,1105,2350,208,747,0,0,0,0,0,0,20250703
202506,9호선,신방화,1,0,5261,821,11993,2852,27220,5759,26329,12748,14894,7282,11306,6169,10146,6397,10659,7633,9971,8704,8828,9390,10837,10940,10730,13092,9484,17307,10472,22926,6167,19595,5159,11929,3794,10805,2741,10926,1090,5989,183,2191,0,1,0,0,0,0,20250703
202506,9호선,양천향교,5,0,4957,1192,10976,10039,29897,17740,31113,43758,15422,18293,12453,10430,13173,8561,14712,9917,13781,12224,13242,10376,14606,11966,18910,14563,26616,18520,34727,28142,12546,23938,8536,15119,7225,15739,4970,12915,2132,9916,460,2222,3,188,0,0,0,0,20250703
202506,9호선,여의도,16,0,3408,2730,4586,27642,9282,151000,11581,164901,11930,77748,15670,36942,24099,37539,25692,36476,32191,36095,36105,32200,45476,29557,61597,29749,155613,31052,152979,34151,73481,20509,62612,11558,48862,9508,26615,8586,8990,4666,1289,1940,0,319,0,0,0,0,20250703
202506,9호선,염창,7,0,13464,862,28501,5153,76310,8772,82283,18552,46244,11884,30612,10797,26485,12276,26470,14597,23565,17447,20473,19619,20234,25140,21744,30101,22892,47723,23067,69662,13450,58055,10978,38368,9234,33601,6811,33482,2762,19614,457,6152,2,293,0,0,0,0,20250703
202506,9호선,증미,2,0,2610,475,8768,2913,22563,11070,24038,45238,12735,17510,9538,6600,9321,6154,9367,6469,9082,6956,8370,7777,8762,8469,9636,9677,20679,13431,35467,19461,10373,15309,6134,9350,5096,8329,2640,8267,1087,4629,200,1466,0,0,0,0,0,0,20250703
202506,9호선,흑석(중앙대입구),4,0,4009,1048,6672,5568,18598,12939,22234,25368,15292,17542,13894,16145,14308,13762,15368,15488,16315,14400,16602,14635,17995,14538,20604,15396,25708,22206,18841,28454,12047,19147,10331,13351,10407,11650,9023,10796,4559,6394,1050,2262,0,33,0,0,0,0,20250703
202506,9호선2~3단계,둔촌오륜,0,0,2310,259,8336,1881,21470,3747,20376,4202,11594,2531,8104,2556,6513,3318,6147,3855,5737,4615,4923,5099,5775,6965,8004,8056,5882,11650,4370,18696,2745,15204,2019,10157,1701,8051,1286,9016,520,4303,109,1806,1,127,0,0,0,0,20250703
202506,9호선2~3단계,봉은사,7,0,1978,2592,5337,30225,9051,47599,9866,117726,9409,90554,10817,54924,16870,44519,24686,42208,29939,45743,36915,36923,47831,31877,70360,29850,91986,27593,112758,26427,58360,16045,40981,9996,35297,8673,22677,5755,5790,3393,907,805,0,0,0,0,0,0,20250703
202506,9호선2~3단계,삼성중앙,0,0,1075,508,3196,4914,6155,18549,8335,47804,6867,33252,6465,12643,7271,8842,8821,8591,9275,8744,9424,8108,11490,8103,15070,8945,26657,11899,43608,12876,18253,8775,11549,5889,10358,4816,7288,4665,2529,2702,579,979,0,1,0,0,0,0,20250703
202506,9호선2~3단계,삼전,30,0,5006,615,8223,3173,22478,6044,35433,18085,23895,9841,13911,6755,11703,7218,11922,8191,11509,9355,10410,9945,10947,11356,11190,14430,13908,17955,17674,28415,8636,22898,7087,14176,6042,14585,4791,11222,1869,7856,357,2268,2,451,0,0,0,0,20250703
202506,9호선2~3단계,석촌,12,0,3653,499,9451,3293,24423,5895,34760,12590,23255,12144,14854,9586,13719,9818,14527,11538,14953,12151,13605,11526,14100,13322,15754,14845,16990,21468,17553,31814,11238,25014,10132,16722,10989,13828,9311,14548,4242,7187,637,2050,0,3,0,0,0,0,20250703
202506,9호선2~3단계,석촌고분,6,0,3280,570,7445,2659,18949,5759,31861,15477,19873,10053,11891,6557,10738,6883,11544,8404,10628,8053,9576,8631,9668,10082,10922,12127,12207,16003,15249,25942,7660,20008,5935,12996,5072,11910,4285,11499,1396,6308,239,2381,0,5,0,0,0,0,20250703
202506,9호선2~3단계,선정릉,9,0,1108,1067,4323,6703,8612,21204,10638,59374,9126,47392,8086,20707,8684,13535,11294,12942,11608,13716,13156,12100,14655,11079,18251,11170,32686,13358,52565,15191,28082,11095,15326,7866,13260,7634,10098,6847,3798,4237,705,1279,0,17,0,0,0,0,20250703
202506,9호선2~3단계,송파나루,1,0,2140,262,4716,1757,13458,4863,20977,13183,13444,9233,7807,6379,7058,7641,8036,9250,8530,8788,7886,8756,8246,9737,8736,11519,11011,16193,13545,24001,7981,17933,7257,10268,7653,7666,5991,7127,2422,3919,490,1268,0,1,0,0,0,0,20250703
202506,9호선2~3단계,언주,3,0,1479,1019,3044,7599,7073,23907,10414,68149,9767,51022,10443,20690,11797,13775,13620,12062,14150,15476,16581,13360,18900,11599,23955,12041,43425,13400,57796,14932,27835,9917,15907,7118,12550,7754,9504,5813,3352,3640,612,1248,1,65,0,0,0,0,20250703
202506,9호선2~3단계,올림픽공원(한국체대),2,0,2091,664,8000,4254,16637,7348,19386,16936,13502,13219,9991,14865,10086,17200,10753,15991,11369,20266,10723,18210,12164,20921,14895,20234,16513,22864,18611,24141,18201,17985,20688,12053,30349,11649,26011,10345,2500,6515,263,1831,0,43,0,0,0,0,20250703
202506,9호선2~3단계,종합운동장,2,0,1532,192,4023,2125,9933,6229,12952,11936,8679,10012,6582,6485,6802,6760,7496,7331,8140,8252,7869,9731,9185,10970,11090,11938,12640,14578,12425,18123,8897,11815,10184,7328,12084,7054,9937,6263,4534,3253,635,932,0,15,0,0,0,0,20250703
202506,9호선2~3단계,중앙보훈병원,12,0,4962,578,23383,6385,48859,13010,52100,22306,31411,14982,22251,15386,20089,10070,18697,12740,15010,14792,17993,14182,20120,13941,19654,15341,21651,23729,16215,39760,7622,30429,5703,19578,4728,16771,3320,18142,1101,7734,182,2651,4,172,0,0,0,0,20250703
202506,9호선2~3단계,한성백제,3,0,1341,354,3851,981,8204,2218,11696,8199,6660,4785,4521,3474,4284,3608,4664,3512,4726,4383,4895,3797,5005,4027,5511,5245,6434,6436,8791,9340,4156,7753,3357,4149,3240,4572,2336,3527,700,2506,228,757,0,0,0,0,0,0,20250703
202506,경강선,경기광주,0,0,3328,331,16988,2691,40499,6063,40614,8979,19500,5460,13735,5089,11337,5430,10245,6607,9225,7369,8338,8959,8495,10397,10640,14825,10142,20280,8103,32690,4544,29245,3426,17863,2608,14299,1701,10691,584,5421,51,85,0,0,0,0,0,0,20250703
202506,경강선,곤지암,5,0,1172,358,3341,2546,7290,4999,6405,6224,4887,2591,3297,2441,3789,2810,3761,2431,3513,3455,3290,3111,4241,3388,4748,4257,6968,5404,5380,6463,2411,5002,1791,3869,1215,3168,400,2929,130,1600,7,427,0,0,0,0,0,0,20250703
202506,경강선,부발,11,0,1271,69,3999,1852,7446,6973,5832,5809,5136,2422,4025,2219,4319,2292,3579,2694,3501,2775,3330,2816,4377,3243,4419,4552,7255,5500,5070,6311,3257,4825,2236,4668,1479,4745,682,3569,466,3397,11,1400,0,0,0,0,0,0,20250703
202506,경강선,삼동,0,0,1796,56,5554,1305,11807,2091,12824,2019,6870,1149,4411,1281,3680,1305,3052,1983,2691,1947,2383,2562,2156,3636,2603,4719,3253,7680,2537,9155,1315,8163,1040,5150,679,4780,409,3278,122,1711,9,54,0,0,0,0,0,0,20250703
202506,경강선,성남,0,0,244,15,1699,819,4919,1567,4984,1895,2570,989,1929,945,1715,1114,1684,1303,1421,1393,1371,1441,1734,1843,2090,2257,2488,3253,1994,4164,1209,2346,1092,1878,913,1525,777,1087,258,543,22,113,1,1,0,0,0,0,20250703
202506,경강선,세종대왕릉,0,0,272,3,620,225,829,734,947,707,835,629,766,477,657,775,669,671,698,446,702,744,708,700,856,811,799,713,754,942,388,679,253,530,161,440,66,439,18,241,0,77,0,0,0,0,0,0,20250703
202506,경강선,신둔도예촌,2,0,1019,26,3073,548,5827,2760,4814,3146,3572,1603,2823,1260,2306,1653,2372,1335,2270,1388,1899,1740,2501,1974,2787,2655,3843,3991,3029,3973,1181,4526,1028,3014,691,2458,233,2296,111,1294,6,335,0,0,0,0,0,0,20250703
202506,경강선,여주,7,0,2609,10,5163,1030,9617,3735,7839,5000,6834,7005,6216,4249,5322,6547,5713,4915,6002,3935,6820,5124,7404,5412,7725,6225,6665,7958,5789,8856,3126,8183,2763,6467,1885,3254,923,6012,222,3222,1,1296,0,0,0,0,0,0,20250703
202506,경강선,이매,2,1,758,38,1745,1168,3851,2274,2744,3142,1620,1418,1594,1242,1281,1015,1571,1266,1345,1488,1377,1339,1694,1569,1988,1710,1977,2430,1976,2728,1221,1555,1192,1066,1222,892,1041,762,312,384,4,74,0,0,0,0,0,0,20250703
202506,경강선,이천,9,0,1041,51,3702,1926,8575,6325,6954,8493,5806,4314,5550,3984,4936,3924,4859,4656,4832,4185,4970,4644,5026,4998,6708,6092,7191,6895,6942,8730,3694,7756,3023,5974,2585,4453,1097,3402,637,2153,17,853,0,0,0,0,0,0,20250703
202506,경강선,초월,0,0,1903,166,8056,1781,17627,4329,19220,4847,8518,2054,6046,2138,5156,2260,5067,3002,4301,3237,3890,3990,3681,4692,4726,6718,5590,8399,4757,14302,2449,10911,1793,8090,1238,6794,731,6490,258,4074,32,56,0,0,0,0,0,0,20250703
202506,경강선,판교,6,0,775,16,2704,8249,6172,18647,3846,36455,2654,18754,3079,12550,5127,9580,5820,7258,5320,5326,6869,5381,9726,5279,14496,6746,20375,6720,23519,6528,17383,3455,17973,2859,10701,1936,6351,1180,1927,796,4,213,0,0,0,0,0,0,20250703
202506,경부선,가산디지털단지,1182,6,6798,2167,7760,12556,15916,59384,17538,153242,11891,70577,11232,22983,12293,16375,14208,17008,15394,16256,15673,15782,18660,16067,28662,19009,77236,24287,104310,28669,41804,20501,26168,14254,21313,13275,14372,12345,5954,7517,225,1286,0,1,0,0,0,0,20250703
202506,경부선,관악,179,2,7784,1625,13184,3944,29853,7078,26846,11687,15482,10147,11451,9599,10140,7993,11474,7486,10663,7355,9736,8183,10000,9745,11129,12503,11232,17257,10398,25789,6224,19806,4946,12306,4417,11588,2544,9760,1117,6827,56,690,0,0,0,0,0,0,20250703
202506,경부선,광명,1,0,16,1492,3409,2973,11237,6578,10072,7458,7259,6607,3805,4143,7904,2585,5511,8163,5184,165,3661,8269,6712,3934,7904,4819,8654,7066,9682,11701,8352,6283,2614,4400,7450,3073,2779,4503,1243,63,1,1,0,0,0,0,0,0,20250703
202506,경부선,구로,11372,91,20492,4376,17804,14209,35606,31375,35007,64712,25519,36622,21377,27475,21701,26361,24378,23893,24869,24456,26019,24087,29331,26895,34834,30032,50955,38095,51758,40612,23492,27313,19936,19703,16577,19328,10568,15968,3892,12230,42,10907,0,6,0,0,0,0,20250703
202506,경부선,군포,75,0,5348,2971,8140,11439,17044,31257,15563,36330,9542,7761,7749,4780,7434,4377,7566,4797,6570,5407,6049,5634,7407,6878,10981,7645,24219,10054,30884,13248,10504,11015,8063,6780,4426,6098,2497,5742,1129,3417,52,609,0,0,0,0,0,0,20250703
202506,경부선,금정,647,6,25057,5560,38549,21087,88232,46491,85388,90297,53508,35423,40425,23787,36041,26310,37556,26863,35370,30046,32014,31706,34805,40090,41442,48625,67045,65917,74807,92203,34996,70542,28502,44576,22726,43661,16711,36471,7390,24393,640,9669,0,0,0,0,0,0,20250703
202506,경부선,금천구청,562,3,11025,1215,17922,5944,40529,15529,38225,26801,23773,11455,17720,9876,16112,10261,15661,11847,14581,12921,13366,13567,13416,16251,14953,21785,16241,28314,24396,41176,10072,29294,8044,16897,6526,16804,4117,13534,1529,8500,59,681,0,0,0,0,0,0,20250703
202506,경부선,남영,172,0,2695,1846,4813,8018,12662,19484,18831,43015,11542,24695,9646,14501,10169,12769,11504,12529,12470,13427,12440,12606,16672,13387,20610,14080,27088,18260,33875,23855,15716,15237,14566,10480,14425,9543,11611,8485,4919,4833,308,1128,0,0,0,0,0,0,20250703
202506,경부선,노량진,408,17,4991,2050,7122,6134,17863,7932,22622,12413,12918,10292,10699,9010,10855,11380,12533,12002,13516,11375,13592,11234,14369,12726,15741,17494,17341,25574,17268,36486,13947,20728,14240,13077,16040,11916,13563,10425,5121,6889,281,1428,0,0,0,0,0,0,20250703
202506,경부선,당정,52,0,4670,868,11414,3586,23919,8969,20640,15630,12129,8294,9240,5907,9454,5528,9534,6508,8381,6180,8134,5835,8901,8155,9769,9507,12461,13347,13338,19964,5656,15670,4572,10824,3832,9665,3000,9347,1205,5932,82,1028,0,0,0,0,0,0,20250703
202506,경부선,대방,549,10,5063,2193,9665,9472,23713,31868,28805,42315,17670,20283,13848,11253,13250,11440,14744,12025,14306,13362,14054,12563,14720,13895,15797,17029,28411,23661,34421,31704,12934,19337,10148,14549,8440,14413,5941,12931,1984,7542,129,1886,0,0,0,0,0,0,20250703
202506,경부선,독산,721,5,8811,2191,19325,11781,46346,41380,44981,82519,25339,35844,18987,13430,18236,11724,19021,13275,17731,14122,17341,13684,18788,17004,27505,20422,50234,27386,60169,43473,25319,34015,15044,20659,11216,21541,6880,20265,2822,11611,142,791,0,1,0,0,0,0,20250703
202506,경부선,두정,925,5,5527,1294,11057,4186,17655,9661,17037,20236,14757,20303,12555,14115,12712,12770,14725,14216,13568,13206,13819,11267,15503,11141,16871,15075,17359,18089,16844,22792,11221,15842,8806,13222,7789,10504,5544,11963,2937,9088,61,2848,0,0,0,0,0,0,20250703
202506,경부선,명학,188,4,6581,1783,10339,7788,23992,24774,21032,47280,11544,12721,9021,8834,8795,10765,10538,8092,10183,9009,10619,8460,11826,8182,15307,9352,25783,12447,32384,19112,10944,15674,9492,9187,6371,7817,4156,7704,1757,5755,148,1167,0,0,0,0,0,0,20250703
202506,경부선,병점,3220,37,8141,3083,30067,12047,50111,20540,42091,28132,30558,16988,26520,14309,24921,15793,25790,17815,21453,16956,21779,20364,23794,25372,26872,30177,32325,40160,30514,48414,16997,41219,14491,30289,11440,23708,8045,23331,2897,16288,39,6927,0,7,0,0,0,0,20250703
202506,경부선,서동탄,0,0,1651,15,5973,682,10053,1273,3944,1190,2978,917,1964,702,2060,1042,1708,1137,1523,1191,1348,1329,1656,2015,1584,2490,1833,3011,1918,5089,867,5685,822,2397,446,1875,403,2403,148,1443,5,1015,0,0,0,0,0,0,20250703
202506,경부선,서울역,7,1,73,692,141,5206,12459,8158,22068,9405,19469,7596,13473,6370,18984,4246,17862,6385,17175,5510,6752,5346,20713,6462,17234,7087,22018,9589,25340,9977,24830,7128,15429,5231,20891,4608,15882,3404,9220,778,1377,108,0,0,0,0,0,0,20250703
202506,경부선,서정리,71,1,4720,2456,13169,7661,17526,14937,17084,19768,14302,9347,13226,7782,13437,8346,13437,10482,11935,11370,12855,10886,14534,12834,19279,17363,28436,19997,18348,19414,10119,18493,8729,14183,6531,11147,4804,11295,2605,8014,97,803,0,1,0,0,0,0,20250703
202506,경부선,석수,332,1,7936,2531,15311,6203,32106,11143,29971,12732,18190,9860,13584,7674,11758,6086,11838,6838,10921,7791,9959,9380,11563,10840,12355,13725,15504,19401,13322,28239,7982,21006,5752,13355,4854,13256,3232,11314,1279,6779,80,499,0,0,0,0,0,0,20250703
202506,경부선,성균관대,291,7,9733,2405,28806,7748,65883,11226,53970,24580,27948,18189,22427,14772,20562,15522,22413,14793,19978,18553,18762,17427,20157,21720,25713,27892,26508,38671,23254,57879,15383,44988,13117,28899,11865,25860,9481,22490,4923,15575,311,2421,0,0,0,0,0,0,20250703
202506,경부선,성환,35,1,2157,910,4017,3669,6888,12031,7117,16596,7463,16434,7507,8267,7569,6053,9237,9586,10987,8945,12005,6184,14257,6224,15069,7271,18612,7974,12277,8134,5906,6491,4846,6116,2976,5400,2227,5781,920,5155,84,1153,0,0,0,0,0,0,20250703
202506,경부선,세류,640,7,4048,559,9196,2708,16614,3862,11264,4153,6383,3076,4990,3124,4397,3362,4635,4105,4031,3575,3975,3738,4246,4471,5332,6062,7131,7515,5038,12482,3371,9795,2741,7068,2230,6839,1281,5165,475,3175,10,843,0,0,0,0,0,0,20250703
202506,경부선,세마,226,1,2128,1055,6966,3121,11213,5207,10015,9757,6835,2788,5018,2203,4445,2874,4660,2665,4843,3602,4285,3640,4869,3594,6291,6750,7511,8733,8490,8785,3235,8695,2642,5641,1872,5314,1384,5103,540,2566,74,303,0,0,0,0,0,0,20250703
202506,경부선,송탄,85,1,5724,923,8356,3177,13049,6344,11478,9152,9545,4597,8213,3970,8136,5025,7827,4923,7803,5531,7014,6258,7986,7363,9108,8761,8801,11345,9072,12207,5389,11851,4077,9327,3375,8113,2182,7335,1018,6076,75,462,0,0,0,0,0,0,20250703
202506,경부선,수원,2462,83,19898,4718,38016,32149,72824,53676,66318,73128,49351,72052,47482,72906,51555,72212,56196,81713,58837,75532,61552,75950,76740,76451,91657,86161,92344,96678,96681,122773,76709,85858,84909,51941,66591,43393,58363,33795,21851,22293,664,7009,0,0,0,0,0,0,20250703
202506,경부선,신길,1029,6,8415,1497,10521,5681,23499,19193,29998,28343,17509,11495,12090,7510,10435,6845,12489,7844,11385,8790,9632,8734,10797,10246,13070,12138,18780,16322,25871,21208,10483,14749,7964,11307,6694,11925,4473,9803,1934,6169,126,1779,0,0,0,0,0,0,20250703
202506,경부선,신도림,623,6,1968,959,3670,3406,8337,7330,10224,14306,6548,8238,4834,5489,4503,5392,4924,5531,4904,5917,5048,5601,5636,7061,6501,7640,10487,9655,13068,13455,6805,7683,5996,5045,4473,4698,3528,3807,1640,2523,77,1327,0,1,0,0,0,0,20250703
202506,경부선,안양,403,2,15950,3331,36999,11674,84782,19069,74157,40948,43061,39066,34570,30131,33257,33420,36823,31201,36039,35774,35923,30351,40668,39250,45722,44131,44158,56205,35824,85961,24842,62488,21484,36303,19934,32117,15892,24902,7197,18274,401,2821,0,0,0,0,0,0,20250703
202506,경부선,영등포,4281,110,14506,7259,16088,24570,39607,57220,57784,118238,38522,89275,42078,75123,47976,83877,55791,87958,60583,88805,63022,79746,89552,75642,101457,77910,116037,87191,152952,100863,92349,63603,93057,39283,69302,32033,53880,26697,21890,14583,676,3916,0,0,0,0,0,0,20250703
202506,경부선,오산,591,3,7134,1883,16771,10439,26866,25112,27665,20630,20639,14608,18999,12942,18303,11355,18751,14855,16544,15171,16517,15861,17765,20101,21956,23783,24495,26636,24586,31333,16276,24210,12404,18930,9589,15045,5616,11027,2223,8131,131,819,0,0,0,0,0,0,20250703
202506,경부선,오산대,213,2,2975,896,8018,2837,13520,4442,10663,9184,7136,4905,5685,5982,5266,5583,5509,4392,6227,4848,6101,4979,7221,4428,8499,6728,8686,8870,9022,12281,4166,10062,3730,6332,3331,5618,2198,4775,1199,2733,143,274,0,0,0,0,0,0,20250703
202506,경부선,용산,403,5,4048,5621,6518,37085,22551,85486,33240,140896,48136,111331,31966,88218,56423,80715,53992,87060,67552,85857,56585,82986,102998,84346,111654,86372,127968,93398,158044,90850,106405,62050,109355,42679,105026,29424,73020,16100,26923,7293,1191,2188,1,1,0,0,0,0,20250703
202506,경부선,의왕,166,1,6543,2436,13530,9176,26625,32527,26536,27629,14452,11602,11663,6850,10846,7770,11332,7629,10283,9142,10090,7873,11256,11207,16319,14115,27736,17703,22735,25039,11828,19117,9632,12987,6805,11518,4026,9986,1729,6886,130,1192,0,0,0,0,0,0,20250703
202506,경부선,직산,84,1,725,402,1883,1368,2712,3542,2592,3704,2172,1161,1704,1089,1640,1041,1424,1095,1479,1237,1297,1252,1682,1355,1596,1742,3841,2314,3238,2355,1328,2278,1082,1498,625,1376,360,1191,169,1040,27,171,0,0,0,0,0,0,20250703
202506,경부선,진위,24,0,1040,380,1619,3145,2867,8330,2780,7695,2056,2811,1811,2197,1679,1171,1777,1054,1790,1217,1913,1158,3775,1652,3966,1796,7130,2256,7036,2536,2893,2259,1726,1724,1160,1449,579,1169,219,820,10,40,0,0,0,0,0,0,20250703
202506,경부선,천안,1298,2,3243,913,6247,3982,12252,6685,11032,14284,14616,14519,11718,12522,13340,14265,12864,14270,13518,13374,18180,12716,18306,14830,20053,14187,18078,19665,15745,17531,10874,11810,8979,9625,6825,6719,4036,5538,2218,3671,20,2342,0,0,0,0,0,0,20250703
202506,경부선,평택,190,2,8205,3480,14300,10016,27038,16359,29364,23938,26125,21758,24020,18494,22305,22882,22313,22848,23415,22952,23387,25499,24745,27696,27625,33067,30530,36923,27660,35966,20461,23579,21346,21165,15281,16398,12807,12942,6651,7701,78,2292,0,0,0,0,0,0,20250703
202506,경부선,평택지제,21,0,2781,3464,5568,7881,11643,12134,10612,6837,7578,5113,6227,3748,5763,4663,6677,4743,4818,4313,5263,4893,7466,6444,7440,7767,12838,9117,9233,10173,7443,9133,5640,6417,4592,6319,4520,5514,2732,3473,36,336,0,0,0,0,0,0,20250703
202506,경부선,화서,461,27,9634,1196,24185,4003,45633,6515,34879,13046,17007,11644,13711,11606,12400,17309,12705,18399,12995,21006,14237,18620,17992,19904,21112,22324,20537,27772,19479,44246,15551,31366,13759,18331,12696,14344,10374,12867,1978,8128,84,1442,0,0,0,0,0,0,20250703
202506,경원선,가능,540,6,7943,1693,11638,3640,23011,7209,20661,13614,13204,7617,12662,6016,11217,7208,11270,8019,9664,8671,8681,7988,9269,9976,9760,11833,11815,15018,8633,18482,5582,18067,4695,11791,3909,9341,2556,8795,1187,4926,224,2169,0,0,0,0,0,0,20250703
202506,경원선,광운대,2451,14,6695,1092,14594,3098,30037,6571,27619,14595,16183,10808,13023,10452,13321,11546,13135,10779,12816,11651,12762,12056,13646,12226,14234,14691,14058,18542,11774,24959,7108,19550,6607,13429,6408,11490,4925,11221,2660,9051,164,4983,0,1,0,0,0,0,20250703
202506,경원선,녹양,460,7,5467,978,7743,2219,15313,5126,14092,8186,9421,4717,8598,3708,7866,5061,7620,5618,6823,5507,5992,5562,6158,6623,7248,7335,7302,10534,7087,12477,3728,12076,2848,7866,2242,6362,1352,6379,542,3830,105,1453,0,0,0,0,0,0,20250703
202506,경원선,녹천,1532,40,4285,832,8181,1619,19535,4670,17561,4403,10195,2896,7983,3772,7054,3538,7808,4266,6316,4501,5287,4988,5718,5923,6953,7278,5626,9552,4718,13876,2847,10650,2071,7103,1815,6615,1437,6225,477,3459,50,992,0,0,0,0,0,0,20250703
202506,경원선,덕계,35,2,6402,658,16340,3182,28523,4156,27985,7485,14258,4702,11164,3681,9206,4307,8566,5139,7533,6002,6502,6305,6863,8735,7592,11989,7403,16816,6573,21875,4093,19273,3419,12991,2856,10956,2174,8407,1204,6545,228,2192,0,0,0,0,0,0,20250703
202506,경원선,덕정,16,0,5211,1095,10736,5108,20364,9059,19560,17312,12423,10392,10692,6521,10433,6128,10122,7271,12161,7655,9037,8116,10460,9120,11025,10171,12878,13734,11057,15984,5254,13890,3760,9511,2839,8893,2039,6612,1151,4724,251,1969,0,0,0,0,0,0,20250703
202506,경원선,도봉,343,12,6899,1186,10093,3516,18757,4239,17494,10875,13500,8409,11818,7334,10975,7198,10095,8721,10049,8446,9491,8909,9518,10430,9518,12528,9360,13745,10424,15989,4776,13627,3308,8494,2669,7624,1800,6844,841,3891,184,1460,0,0,0,0,0,0,20250703
202506,경원선,도봉산,284,1,6844,1138,9487,3190,20419,5351,20831,8744,15598,13451,13295,15724,13670,15020,15620,14694,18437,11235,19684,10060,21330,10278,20691,10251,17905,10122,14611,10367,9068,8479,6156,5601,3867,4789,2521,4293,1108,2785,159,1181,0,0,0,0,0,0,20250703
202506,경원선,동두천,50,2,1216,572,2402,2113,4077,5044,4842,5661,3844,6174,3396,3251,4223,3140,4073,4536,4290,4060,4565,3460,6239,2954,6279,2731,5410,3832,4158,3761,1923,2910,1299,2470,778,2168,580,1849,388,1733,33,731,0,0,0,0,0,0,20250703
202506,경원선,동두천중앙,34,1,2546,763,4555,1825,8216,4395,8513,10623,5996,4050,6326,4821,5176,4609,6290,4549,5266,4479,5112,5376,5670,5346,6243,5093,6330,6054,6251,6623,2755,5260,2223,4059,1708,3225,822,2919,469,2179,35,1191,0,0,0,0,0,0,20250703
202506,경원선,망월사,571,9,7928,1181,12929,3628,27153,5529,24911,18340,18534,14489,15754,10437,15232,14625,16168,13023,16226,12580,15457,13921,15017,13532,15083,16272,15100,20666,11276,24562,6491,22394,5675,13575,4754,11981,3870,11034,1697,6587,346,3402,0,0,0,0,0,0,20250703
202506,경원선,방학,502,10,11770,1921,15736,6248,32362,9672,29523,20813,21054,12052,18076,12444,16993,11231,18979,12656,16221,13120,14420,15184,15027,18296,16431,20730,16957,23890,17378,29651,10564,24912,7744,14970,6628,13336,4186,11560,2461,6858,402,2496,0,0,0,0,0,0,20250703
202506,경원선,보산,70,1,1556,395,1949,1357,3734,2202,3679,3250,3338,1581,3129,1682,2904,1770,2892,1597,2474,2089,2667,2401,3159,2643,4804,3013,4887,3556,3146,4122,2040,4309,1630,3477,1038,2667,522,2046,246,1732,12,684,0,0,0,0,0,0,20250703
202506,경원선,서빙고,67,2,1033,748,2189,4494,3254,4204,3836,9167,3676,4124,3625,3696,2996,2870,3733,2817,4009,4145,3681,3380,4738,4413,6725,3707,8714,3812,7382,4518,3184,3633,2924,2231,3497,1973,1680,1520,432,981,15,222,0,0,0,0,0,0,20250703
202506,경원선,석계,1495,15,5616,2288,11020,5077,20450,4979,22377,7859,16435,6734,14154,6890,12911,9024,12329,9485,11949,10671,11043,11842,10782,15257,12286,19065,12534,23626,9787,31963,7394,21809,6330,15891,5837,14112,4836,12455,2534,7645,132,1819,0,0,0,0,0,0,20250703
202506,경원선,소요산,133,1,503,563,598,829,1814,1354,2492,2735,2318,4280,2761,7988,3630,9619,4922,8963,7673,6909,8940,5765,9391,3941,8221,3132,5686,2532,3464,1722,1183,1448,922,1119,340,808,175,691,110,487,5,439,0,3,0,0,0,0,20250703
202506,경원선,신이문,1590,12,8278,1070,14295,3264,33789,4227,36816,8018,22321,5307,15956,6172,13642,7395,13339,8558,12079,9642,10163,10283,10488,14713,10283,17925,9740,21462,8572,29624,5774,21840,4201,15504,3120,14133,2249,13128,1172,8397,69,1850,0,0,0,0,0,0,20250703
202506,경원선,양주,2182,13,5924,1533,11682,5624,28936,10926,22844,9881,18137,8173,16039,6581,14520,7762,13135,9810,12091,9602,10785,10780,10527,11568,11487,12838,12635,19327,11805,20587,6459,19735,4222,14420,2919,10568,1898,10377,885,5222,104,2718,0,0,0,0,0,0,20250703
202506,경원선,연천,6,0,223,10,748,743,1388,1173,4053,3265,2729,2721,1835,3878,1935,4317,2855,3561,3750,2887,4088,2286,4216,1901,3572,1724,2824,2118,2069,1903,884,1857,671,1014,263,602,141,429,92,393,2,254,0,8,0,0,0,0,20250703
202506,경원선,옥수,0,0,0,5,3,63,41,37,140,268,18,14,34,255,27,216,29,84,35,22,29,8,34,39,398,54,390,41,46,31,409,25,49,21,36,10,17,6,18,0,0,0,0,0,0,0,0,0,20250703
202506,경원선,왕십리(성동구청),1025,5,5928,1538,9107,6473,26176,13491,38765,20706,26089,20246,17789,20047,19035,23237,23940,25101,26385,25678,27343,26338,31313,29502,34653,34079,36884,45202,34810,61853,28271,42831,28123,27914,29214,23883,24718,20952,11338,11434,1082,4140,2,2,0,0,0,0,20250703
202506,경원선,외대앞,448,20,4549,2351,8436,9679,22388,6511,24613,22931,15885,12820,13595,15450,15024,16214,15694,14346,16937,13105,18186,15141,19640,13704,25016,15681,25755,19721,17880,26029,11810,19716,10312,14126,9908,14238,8201,14745,4325,10575,282,2520,0,0,0,0,0,0,20250703
202506,경원선,월계,1065,10,5118,1462,9867,2965,24227,6925,22874,13483,15478,11681,12696,8838,12368,7174,12296,9049,11818,10664,11213,9315,12481,10387,15332,12712,11884,14737,9790,21818,6140,15277,4758,10593,3873,9266,3021,8612,1245,5159,100,1298,0,0,0,0,0,0,20250703
202506,경원선,응봉,115,1,1321,187,3142,993,7009,1453,6584,2347,4928,2218,3793,2018,3218,2141,2784,2362,2778,2643,2658,3424,3065,3315,3420,4356,3122,4673,2943,5571,1976,4410,1735,2957,1130,2592,679,2085,312,1225,31,379,0,0,0,0,0,0,20250703
202506,경원선,의정부,2994,23,10894,2469,29522,7963,47212,12959,47219,36205,30174,36616,26405,28572,28641,30898,30713,33094,31827,36322,33101,32911,36657,33058,38007,36117,40844,44633,42181,54314,26611,48257,25884,29810,17484,26081,13814,21397,7204,16638,1062,9066,0,0,0,0,0,0,20250703
202506,경원선,이촌(국립중앙박물관),72,10,1227,524,4051,2880,8847,4847,10475,8303,8246,4884,7425,4179,7090,4217,6642,4177,7073,4908,6365,5002,7766,5528,8481,6230,9478,6747,9150,8668,5298,6450,5436,4652,4942,4341,2973,3981,874,2328,86,652,0,0,0,0,0,0,20250703
202506,경원선,전곡,7,0,639,23,1431,840,3152,797,4660,2287,3151,1906,2893,1777,2424,2029,2803,2261,2597,2208,2447,2175,2321,1979,2681,2543,2413,3088,1989,3528,1464,2926,1220,1593,716,1277,358,1210,345,935,14,733,0,0,0,0,0,0,20250703
202506,경원선,지행,111,1,4969,936,10797,2797,20594,5755,22407,12445,14508,7215,13237,7179,11254,7687,10757,7737,10221,9009,9629,11274,9904,13789,10921,13915,10797,19206,10640,20163,7494,17026,6432,13016,5699,10341,3362,8562,2171,6130,291,3595,0,0,0,0,0,0,20250703
202506,경원선,창동,0,0,0,0,0,0,4,0,6,0,9,0,13,0,9,0,16,0,10,0,7,0,9,0,12,0,14,0,11,0,15,0,3,0,4,0,1,0,4,0,1,0,0,0,0,0,0,0,20250703
202506,경원선,청량리(서울시립대입구),1530,20,5523,2408,8434,16026,29204,18000,42321,24369,31213,34532,37160,32265,31357,40823,32125,33514,34097,33677,35469,39717,37944,36501,39625,41767,38111,41146,39297,51921,32257,36407,27891,21679,19777,19848,11125,13465,6763,7265,251,3135,0,0,0,0,0,0,20250703
202506,경원선,청산,2,0,102,5,233,217,629,220,611,238,276,245,371,292,312,297,288,251,275,260,292,221,329,252,376,351,371,339,345,290,151,369,152,168,49,101,19,106,15,101,1,64,0,0,0,0,0,0,20250703
202506,경원선,한남,88,1,825,747,1818,4725,2543,10918,3031,13913,3126,11082,3655,6432,4512,4980,5171,4641,4348,5327,5624,4153,6938,4273,8284,4728,13280,5483,12645,5841,6945,3981,5532,2264,5329,2267,4676,1435,1902,930,78,270,1,0,0,0,0,0,20250703
202506,경원선,회룡,1958,27,15254,2559,28890,6429,55515,9995,48777,13863,33058,11982,27798,11949,25081,14858,23351,16890,20534,17740,17545,20341,17073,23771,16825,28789,15742,37016,12811,44924,8254,40468,6766,25120,5907,19874,3707,17280,1518,10561,309,5023,0,0,0,0,0,0,20250703
202506,경의선,가좌,16,4,3529,323,8346,3861,22437,4299,25156,10296,13156,8183,9800,6120,8904,5858,9068,7265,7942,8324,7686,8182,8599,8632,9335,11728,9608,16526,9094,19879,5632,16637,4255,9889,3638,7707,2825,5993,1137,4739,24,647,0,0,0,0,0,0,20250703
202506,경의선,강매,0,0,2560,316,7380,866,18108,1375,16352,3437,8725,1307,6034,1478,4760,1556,4342,2040,3768,2470,3110,3011,2859,4068,3234,5183,2980,7352,3353,11324,1290,9908,944,6191,777,6334,528,5681,225,3228,8,1097,0,0,0,0,0,0,20250703
202506,경의선,검암,0,0,0,0,0,0,0,0,0,0,0,0,0,0,0,0,0,0,0,0,0,0,2,0,0,0,1,0,0,0,0,0,0,0,0,0,0,0,0,0,0,0,0,0,0,0,0,0,20250703
202506,경의선,계양,0,0,0,0,0,0,1,0,4,0,1,0,0,0,2,0,0,0,0,0,1,0,0,0,0,0,0,0,1,0,1,0,0,0,1,0,0,0,0,0,0,0,0,0,0,0,0,0,20250703
202506,경의선,곡산,19,1,389,198,908,879,1566,1732,1258,2747,1033,1049,1077,898,920,725,779,902,866,812,1066,841,1147,936,1245,1104,1807,1307,2006,1916,734,975,644,662,511,678,230,520,68,312,12,99,0,0,0,0,0,0,20250703
202506,경의선,공덕,22,1,773,78,1859,2275,4546,7547,5671,18213,5424,8671,6014,3659,5991,3962,5693,4100,5912,3906,5715,3849,5989,4151,7510,4821,11754,6402,16620,7164,8129,4441,6958,3888,7001,3596,5636,2916,2509,1907,152,231,0,0,0,0,0,0,20250703
202506,경의선,금릉,75,1,3538,296,10563,2607,17154,5851,14608,9774,10096,5509,8136,4343,7853,4428,7322,5286,7325,6337,6190,6568,6994,7373,7904,9964,9394,12332,9928,13851,4796,14111,4271,8205,3051,7681,2416,7037,600,5195,74,1617,0,15,0,0,0,0,20250703
202506,경의선,금촌,137,1,3897,347,9749,4649,18027,9229,18242,15919,12428,9531,10892,7995,11276,7743,11923,10250,11128,9665,10218,8929,11046,10513,13445,13077,14678,15698,15533,16787,7236,14269,5700,10650,4240,8672,2639,7446,623,5793,124,1672,0,13,0,0,0,0,20250703
202506,경의선,김포공항,0,0,0,0,0,0,0,0,0,0,0,0,0,0,0,0,0,0,0,0,0,0,0,0,0,0,0,0,0,0,1,0,0,0,0,0,0,0,0,0,0,0,0,0,0,0,0,0,20250703
202506,경의선,능곡,147,2,4163,722,9154,2004,19728,3502,16838,7931,10038,5411,8154,4598,6979,5319,7002,5160,6778,5339,6134,5731,6228,6699,7003,8313,7885,10997,6543,15245,3896,12174,3130,7861,2515,7402,1504,6948,716,4442,67,2087,0,0,0,0,0,0,20250703
202506,경의선,디지털미디어시티,8,0,1272,369,3455,1567,8643,2032,9761,4099,5559,3367,4361,2509,3940,2583,3985,2691,3882,3238,3640,3177,3930,3587,4619,4526,4851,7068,4953,9541,2848,7165,2181,4681,1775,4190,1428,3581,732,2627,42,434,0,0,0,0,0,0,20250703
202506,경의선,문산,1250,2,3090,36,7834,2515,16029,8032,17002,13803,12087,5867,8992,7312,9351,7729,10100,7675,9591,8452,9471,6380,9639,10135,10925,10800,12822,11646,11768,13308,5417,15018,4511,9097,3255,7613,2046,7288,145,5108,0,2772,0,60,0,0,0,0,20250703
202506,경의선,백마,256,0,5037,822,16259,5068,31653,6576,24690,10572,14498,6078,11838,5140,11103,5149,10451,5914,9779,7865,8486,8036,8965,9674,11297,12286,11372,15571,10246,27444,4978,22478,3861,13746,3448,13130,3048,12156,873,7965,108,1557,0,0,0,0,0,0,20250703
202506,경의선,서강대,4,2,589,121,1634,1611,2862,2502,3988,8943,3051,5463,2814,4290,2948,3258,3262,3394,3869,4061,3676,3466,4146,3703,5140,3797,6557,4251,6338,4613,3707,3107,3792,2589,3860,2347,3143,2256,1413,1412,20,195,0,0,0,0,0,0,20250703
202506,경의선,서울역,2,0,740,15,1080,7568,2877,19654,3026,26991,1748,14785,1419,6231,1835,4258,2440,3863,3287,5040,3469,2641,5402,2413,7459,3263,13158,4160,20836,5029,7957,2400,5093,1396,4736,1368,833,178,1789,976,2,199,0,0,0,0,0,0,20250703
202506,경의선,수색,18,1,1585,334,4130,2685,8338,5628,9985,15028,6084,7322,4315,3649,3724,3205,3884,3090,3511,3917,3571,3527,3963,3552,5028,4578,8473,7585,11167,7034,4990,6642,3096,4494,2224,3847,1852,2997,704,2201,11,411,0,0,0,0,0,0,20250703
202506,경의선,신촌,0,0,343,12,287,1270,654,4838,526,6852,703,4254,574,1809,624,1175,856,1310,929,1865,990,965,1328,756,2189,983,4583,1259,4719,1814,2047,872,1230,665,1246,359,807,125,511,508,5,267,0,0,0,0,0,0,20250703
202506,경의선,야당,81,2,6029,442,15279,3205,28697,4906,25907,9066,15095,8054,11836,6431,10882,7433,11302,8415,10207,9164,9376,12331,9744,11539,11196,19005,12100,24272,10404,33135,8051,25828,8943,13576,9147,14588,8769,10567,4378,8068,935,2262,3,17,0,0,0,0,20250703
202506,경의선,운정,70,1,4722,746,15654,11365,25960,7410,26329,10491,14509,7063,10717,5135,9776,5737,8995,6697,8576,5837,7520,8794,8721,8383,12890,14851,14201,16661,10907,21478,5832,17318,4808,10385,3589,10624,2832,8308,797,5681,119,1479,1,15,0,0,0,0,20250703
202506,경의선,운천,0,0,0,0,0,0,0,0,1,1,61,23,19,9,8,2,1,0,0,0,1,1,9,12,18,3,39,79,0,0,0,0,0,0,0,0,0,0,0,0,0,0,0,0,0,0,0,0,20250703
202506,경의선,월롱,67,0,509,35,960,2468,1896,7681,2060,9609,1889,3838,1828,2073,2052,1814,2806,2231,3083,1766,2772,1349,4618,1884,5984,1814,8690,2619,9437,2459,3456,2011,2740,2015,1840,2274,788,2093,85,1376,10,642,0,16,0,0,0,0,20250703
202506,경의선,일산,1277,2,8772,835,26485,4049,48884,8233,35538,17362,23039,9861,18157,8721,17358,10526,16479,11292,15695,12991,13801,14012,14144,16091,18729,18657,14742,27378,13622,37711,7939,36675,6141,19402,4982,19844,4637,17151,1268,10306,189,3561,0,112,0,0,0,0,20250703
202506,경의선,임진강,0,0,0,0,0,0,0,0,0,0,52,489,80,328,5,4,5,4,3,0,23,11,230,153,142,36,622,35,0,0,0,0,0,0,0,0,0,0,0,0,0,0,0,0,0,0,0,0,20250703
202506,경의선,탄현,44,0,6647,453,19928,3262,34381,5758,26384,9390,17184,6026,12917,5088,11634,5367,11955,6539,10229,7232,9318,9677,9734,10399,10579,13291,10605,19444,10440,28451,5599,28339,4526,13119,3864,16522,2986,11534,1107,8099,177,2276,0,27,0,0,0,0,20250703
202506,경의선,파주,158,0,740,10,1415,1014,2683,2686,3590,4881,2069,2484,2060,1851,2027,1283,2236,1259,2093,1352,2219,984,2741,1565,3265,1546,4353,1732,4029,2055,1376,2026,1076,1457,1032,1178,262,1130,34,826,4,441,0,8,0,0,0,0,20250703
202506,경의선,풍산,528,1,4447,460,11166,3212,23994,4946,21126,8028,14122,6794,10943,5780,9867,8220,9392,7540,9387,8512,9517,7265,9868,9148,10521,11384,10672,14757,9190,21594,5222,15686,5031,13197,4617,10672,2797,9505,960,6585,70,1525,0,11,0,0,0,0,20250703
202506,경의선,한국항공대,0,0,830,723,1627,2023,4031,2505,4025,8735,3337,6999,3564,5923,3792,4410,3900,4195,4159,4708,5261,4121,5267,3319,7489,3103,7932,3833,7028,3877,4284,3040,2981,2478,2293,2004,2120,2477,1426,1822,130,556,0,0,0,0,0,0,20250703
202506,경의선,행신,0,0,4597,1638,14127,4038,35040,5426,29430,9893,15695,6693,11889,5864,11364,7199,10407,7725,8985,8845,8350,8841,7775,10763,10861,15071,12235,20137,9962,34315,6127,24948,6816,13639,6512,13145,5365,11246,2576,6242,87,2259,0,0,0,0,0,0,20250703
202506,경의선,홍대입구,6,0,429,162,810,597,1192,2023,1751,6320,1588,5902,1672,4723,1706,4402,2281,5856,2898,5593,3544,5903,4095,5550,5093,5817,6665,5984,7164,6774,5584,4457,5857,3228,6209,2589,5986,2202,2702,1678,52,229,0,0,0,0,0,0,20250703
202506,경의선,효창공원앞,1,0,854,364,2176,3066,5291,6224,8429,17173,5530,9142,3951,4572,3813,4004,4210,3981,4289,4329,4418,4077,4921,4413,5965,4858,8419,6621,13551,8555,5175,6118,3813,4668,2946,4475,2443,3738,1067,2795,35,282,0,0,0,0,0,0,20250703
202506,경인선,간석,478,5,6345,1224,11120,2457,20544,4536,19339,8984,11241,5244,9710,5539,9231,5874,9492,6505,8862,7283,8216,7904,8102,9112,9310,11556,8701,13806,8904,17552,4735,15706,4073,10413,3339,8648,2475,7349,1278,5005,125,2031,0,1,0,0,0,0,20250703
202506,경인선,개봉,1625,3,18859,5986,40253,12152,91006,14477,84081,22212,51862,21407,38545,18131,34255,21608,34502,26140,31586,27063,28194,28852,28493,37251,31113,48777,31435,63596,28617,89453,19292,62624,16190,41617,13419,38007,10189,30999,3820,17221,48,1837,0,0,0,0,0,0,20250703
202506,경인선,구일,298,4,4681,2499,10746,6687,25405,8866,22127,12036,13606,11449,10731,7645,9453,8392,9765,15028,9172,20783,9681,11724,12532,17153,21634,26411,25577,34012,12205,40451,16593,20721,11204,11135,24332,10518,16650,8199,3764,5834,31,556,0,0,0,0,0,0,20250703
202506,경인선,도원,872,57,2107,2227,3583,3680,7308,6723,7503,19545,5003,3727,4696,4312,4957,3762,5703,3931,5389,4114,4545,4454,7759,5082,11918,6446,10211,7411,7724,8550,3136,6231,2616,4055,6662,3534,1225,2879,501,1981,17,1252,0,0,0,0,0,0,20250703
202506,경인선,도화,455,1,4715,649,7352,1978,15729,4052,13075,7489,9373,4170,7730,4188,7560,4737,7366,5717,6996,5385,6551,6087,6417,7121,7254,9194,6707,9672,6493,11310,3245,10293,2820,6247,2159,5393,1537,4723,689,3502,55,1642,0,0,0,0,0,0,20250703
202506,경인선,동암,638,13,21269,2966,28141,7117,54447,12388,52562,16391,32676,14275,26622,14795,24982,17107,25706,18481,23691,18548,21057,20608,20403,25429,21751,31867,22725,43817,21044,54177,13327,44853,11600,31163,9594,28651,7119,24149,3808,14369,371,4460,0,0,0,0,0,0,20250703
202506,경인선,동인천,1696,19,7372,2342,17258,11201,38928,22069,31388,28272,21758,17376,19611,18379,21150,20895,22634,20501,22819,22485,22926,20215,27592,21132,29851,24607,34049,27037,34063,32592,16745,30848,12909,18273,10216,15985,6085,14178,2442,8621,8,3270,0,0,0,0,0,0,20250703
202506,경인선,백운,201,25,8983,1232,14785,2302,27684,4371,26199,10142,16268,6862,13330,5748,12418,7433,12151,7999,10206,8653,9540,10048,9776,11666,10229,14665,10421,18422,9131,25633,5018,21349,4434,13035,3635,12798,2450,10138,1261,6112,172,2227,0,0,0,0,0,0,20250703
202506,경인선,부개,2018,10,10576,1391,16762,3124,38951,6241,31125,10644,19485,6780,15125,6578,13531,8351,13830,9685,12804,9510,10492,11493,10500,13795,12367,17638,11419,21866,10704,28914,5963,23801,4803,15390,3890,14276,2363,11531,1297,7958,152,2113,0,0,0,0,0,0,20250703
202506,경인선,부천,4355,26,39419,4887,41638,11427,91456,18699,94702,44489,61547,44308,48911,42011,48849,41098,51620,51400,49608,53001,49759,49448,53670,57448,57493,63886,56208,86081,55259,103541,37755,81346,30645,54317,27145,49146,20233,40903,9624,26761,697,5147,0,0,0,0,0,0,20250703
202506,경인선,부평,10722,33,23570,4131,36877,10017,84142,19256,75314,32857,48040,37801,40884,35459,41827,42868,44232,47660,45054,52329,45215,55463,51001,55704,55137,66429,57531,84482,51652,111303,39609,86291,36879,52742,35124,46114,27969,36921,15027,23000,2279,7955,0,2,0,0,0,0,20250703
202506,경인선,소사,1243,4,13136,2430,12190,5180,25726,6788,24115,8954,17188,7824,13997,7801,12058,8106,12436,9728,12015,10284,10828,10037,11204,11695,12723,14454,11874,18070,9884,22737,6357,18158,4715,12473,3688,11810,2416,10519,1112,6713,73,1832,0,0,0,0,0,0,20250703
202506,경인선,송내,1762,6,16757,7855,38858,15120,97764,28205,79411,72956,50114,39357,37283,24284,37443,21767,36532,24909,32587,27891,30005,27888,33367,31657,37441,41250,46499,58394,67848,84107,27498,72884,21974,45304,18516,39282,13886,32892,6334,21176,552,3609,0,0,0,0,0,0,20250703
202506,경인선,역곡,1150,14,29086,2800,45698,9303,103565,14491,101344,34190,60502,31750,43259,23287,38169,25214,39104,29483,38928,31964,32837,32094,33850,39867,36875,54530,38041,70497,33085,106019,21887,78563,18051,47708,15245,46856,12126,38674,5832,25073,340,3881,0,0,0,0,0,0,20250703
202506,경인선,오류동,650,5,12893,1628,19100,4195,46642,5925,45828,11395,29172,11837,22579,10268,19898,9806,20235,13118,17889,14476,15818,14615,16000,18722,16193,21299,14957,27692,13462,41321,8365,34061,6707,22719,5800,20622,3645,18016,1678,11237,50,1557,0,0,0,0,0,0,20250703
202506,경인선,온수(성공회대입구),300,9,5662,1577,8794,3751,21315,9184,19402,11481,13577,8045,10886,6207,10256,6120,11593,7764,10727,7625,9792,8299,11977,10386,12929,11524,11328,13734,10072,20848,5187,15169,4402,10365,4939,9621,2771,8142,1420,4914,111,892,0,0,0,0,0,0,20250703
202506,경인선,인천,435,7,1413,893,3274,3257,5353,6552,4718,9990,3957,7986,4585,9774,5127,11884,6964,10833,8964,9867,11247,8301,13798,7130,15355,6830,15620,6379,14215,6079,7702,4880,7355,3140,6944,2333,4178,1756,745,1333,2,854,0,2,0,0,0,0,20250703
202506,경인선,제물포,1107,15,8180,2150,17667,5517,35810,14447,30077,31523,19687,15262,16568,10609,16663,9678,16875,12050,15704,13109,14571,12147,18491,14157,22526,18858,20774,22576,21686,30447,9488,25939,7964,15827,6976,15345,3987,13914,1607,9454,78,3080,0,0,0,0,0,0,20250703
202506,경인선,주안,1219,19,15007,2986,28731,8025,56238,16771,50890,25755,34609,20664,28499,17087,30116,17480,31460,20451,28718,20549,26467,21894,29227,24633,31127,31794,35505,38802,32304,52925,20387,50881,18474,30167,16583,27899,12488,24910,6279,17863,616,5636,0,0,0,0,0,0,20250703
202506,경인선,중동,1183,22,11099,1711,18368,4601,40161,5634,32535,10760,21124,8509,15419,8588,14879,8865,15212,9657,13556,12042,12573,11896,12124,14289,12774,17408,13165,23871,11123,31039,6688,24879,5648,16554,4211,14673,2774,12319,1254,7932,112,1924,0,0,0,0,0,0,20250703
202506,경춘선,가평,0,0,941,228,1845,1229,3853,3025,4446,5591,4086,5869,4265,5671,5694,6401,4532,5440,4217,4949,4920,4591,5872,4594,6497,3357,6982,3909,5480,3681,2789,3750,2147,2726,1350,1602,690,1850,314,1311,15,425,0,0,0,0,0,0,20250703
202506,경춘선,갈매,12,1,2060,386,4440,1007,13897,2714,8948,4722,6312,2407,4279,3102,3322,1960,3481,2219,3531,2912,2972,2491,3142,4096,3558,3935,3631,6197,4718,9519,2192,8362,1788,3662,2367,3094,1389,2937,648,1419,20,513,0,0,0,0,0,0,20250703
202506,경춘선,강촌,18,1,130,68,307,195,455,441,581,1975,757,1965,768,1996,1563,2231,1035,1160,1282,956,1625,1111,2321,722,2052,745,1467,691,972,741,598,485,560,423,274,389,130,400,25,233,12,53,0,0,0,0,0,0,20250703
202506,경춘선,굴봉산,0,0,62,14,68,47,148,218,251,330,158,359,278,696,462,630,302,347,442,259,456,291,630,237,500,202,331,196,181,169,135,102,118,85,45,47,15,57,10,52,0,10,0,0,0,0,0,0,20250703
202506,경춘선,금곡,42,0,2103,367,2606,974,5569,2869,4963,5874,3888,2438,3111,1873,3076,1756,2988,2452,2686,1941,2162,2477,2836,2362,2975,2729,3410,4132,3473,4557,1445,3765,1001,2026,717,2106,472,1823,242,1040,9,326,0,0,0,0,0,0,20250703
202506,경춘선,김유정,35,0,224,68,331,187,699,865,638,1209,617,1133,606,1622,859,1850,820,1712,1332,1055,1316,1078,1627,865,1619,929,1735,871,1305,754,657,699,410,455,248,331,145,233,20,200,13,100,0,0,0,0,0,0,20250703
202506,경춘선,남춘천,584,3,1854,17,4005,1050,5094,1846,6476,5472,6779,6199,6077,5040,5696,9335,5750,8461,7219,6095,7771,5125,8222,6265,7461,6441,6579,5519,5190,7328,4180,8361,3417,4500,2941,3742,1982,4832,621,2587,11,2152,0,0,0,0,0,0,20250703
202506,경춘선,대성리,13,1,2426,141,2116,609,1738,1032,1572,1363,1999,909,2701,1647,3345,1423,1264,1220,1333,2078,1267,6587,1456,2617,1831,1868,1817,1891,1118,918,779,859,515,652,327,485,243,408,114,495,4,20,0,0,0,0,0,0,20250703
202506,경춘선,마석,22,2,1526,547,8780,3141,15021,6050,12992,6536,9325,6185,8301,4613,6933,5261,7194,5273,6573,6302,6279,6479,6444,7197,6986,6964,7050,11192,6668,12500,3401,9700,2926,7134,2205,5471,1572,4975,628,2269,39,838,0,0,0,0,0,0,20250703
202506,경춘선,백양리,2,0,27,5,23,65,74,404,91,234,157,166,217,286,311,371,248,241,216,217,252,226,354,203,291,180,416,75,176,109,68,72,81,72,34,45,32,30,20,31,1,8,0,0,0,0,0,0,20250703
202506,경춘선,별내,23,0,1318,488,2852,1739,8215,4219,7482,5956,5349,3300,4091,3556,3484,2717,3945,2885,3987,3233,3913,3001,4075,4117,4676,3791,5581,5397,6036,7788,3201,6071,2306,3015,2165,2187,1792,2206,941,1216,37,379,0,0,0,0,0,0,20250703
202506,경춘선,사릉,90,4,1759,855,3928,1529,9199,4538,7196,3695,5080,2113,3532,1968,3219,2358,3353,2208,3032,1827,2353,2685,2592,2964,2641,3301,3994,5194,4659,8165,1787,6225,1352,3311,1039,2619,565,2493,196,1563,18,395,0,0,0,0,0,0,20250703
202506,경춘선,상천,7,1,169,61,214,253,683,461,592,859,543,866,578,1206,664,827,740,662,748,542,996,563,979,595,1117,538,899,342,438,489,305,372,186,233,95,253,30,86,15,108,1,43,0,0,0,0,0,0,20250703
202506,경춘선,신내,31,0,1583,522,4841,2722,12547,6285,10108,9044,5135,2572,4274,2333,3672,2635,3557,2613,3548,3146,3423,2655,3852,4696,4672,3848,5379,6472,6856,9058,2884,6638,1927,3644,1589,3036,1155,2811,727,1986,60,687,0,0,0,0,0,0,20250703
202506,경춘선,천마산,14,1,1095,254,3793,790,6862,1767,7133,1896,4724,1773,3630,1523,2690,1860,2589,1952,2276,1993,2182,2519,1940,3063,2141,2749,1931,4425,1771,4805,988,4632,718,2778,605,2598,274,1840,134,1250,6,282,0,0,0,0,0,0,20250703
202506,경춘선,청평,11,1,1024,249,2748,1126,4600,2485,5088,4458,4126,4268,4010,4086,4932,3425,3972,3998,3760,3573,4046,3217,4210,4017,4319,4510,4813,4603,3488,4157,1874,4098,1536,2207,995,1954,549,1578,208,1196,17,265,0,0,0,0,0,0,20250703
202506,경춘선,춘천,309,1,844,7,1471,488,2074,1128,2783,4195,3002,4974,2492,3888,3149,5206,3112,3959,4524,4078,4942,2801,6724,3317,7204,2445,6098,2389,4226,2693,2870,2575,1774,1480,1198,1720,629,1206,170,1219,5,771,0,0,0,0,0,0,20250703
202506,경춘선,퇴계원,49,1,3034,661,5868,1868,15741,3551,12288,4824,8966,3359,6799,3422,5521,2835,6509,3074,5104,3934,3477,4068,4001,5541,4202,6469,4923,8531,5385,11755,2317,9974,1829,5371,1408,4426,1025,4583,459,2312,32,737,0,0,0,0,0,0,20250703
202506,경춘선,평내호평,739,3,5786,773,13884,2153,26635,4838,23291,10296,13413,7069,11632,5218,10138,5747,9369,8051,8894,7218,7584,9706,8040,9637,8319,10740,9061,19144,8585,23948,5543,19974,4478,9593,3765,9088,3537,8076,1533,5189,57,2332,1,0,0,0,0,0,20250703
202506,공항철도 1호선,검암,1547,13,8735,635,14071,2192,31952,6658,21882,14546,12001,5207,9185,3749,9153,3587,8777,4474,6990,4932,6308,6016,6252,7153,7492,10230,8127,13642,10761,24476,4100,21799,3405,13350,2854,12262,2224,12596,1089,9667,163,4972,0,0,0,0,0,0,20250703
202506,공항철도 1호선,계양,67,0,13449,762,36754,3781,66321,4988,52075,6993,33361,6506,23516,5339,20133,6342,18135,7569,15405,10523,12654,12922,12376,16414,13696,23978,13162,31310,9640,57166,6735,48600,4963,30380,3979,27712,2758,26577,1373,15665,210,4830,0,0,0,0,0,0,20250703
202506,공항철도 1호선,공덕,103,0,2066,195,3091,1956,6665,4000,7513,12285,4913,6105,4099,4095,4190,4436,4231,4778,4299,5042,3803,4888,4143,5683,5061,6835,7285,9249,10480,13529,4770,8974,4003,6316,3822,6311,3017,5965,1519,4433,116,1918,0,0,0,0,0,0,20250703
202506,공항철도 1호선,공항화물청사,5,0,498,860,1456,7911,1911,10087,1888,16123,1535,2725,774,1703,716,2985,950,3201,1162,2262,1681,2501,2611,3152,4600,4130,9769,3387,11613,1418,3135,1174,2245,1890,2359,836,2469,452,638,181,7,93,0,0,0,0,0,0,20250703
202506,공항철도 1호선,김포공항,12,0,1776,2229,2648,10588,6391,19482,12891,17092,14719,10087,16752,8859,15634,9827,14991,11310,18008,10448,17470,9331,18411,8933,17753,9108,21023,11036,24915,9157,17235,5251,14945,2335,16407,1446,16659,1284,6069,873,156,672,0,58,0,0,0,0,20250703
202506,공항철도 1호선,디지털미디어시티,125,6,4300,774,9129,7358,22086,31255,23237,77896,13451,36825,10573,15537,11405,11940,12683,12660,13430,13425,13495,11541,15964,11950,20415,13851,46366,20740,72109,27951,29551,18378,18045,11283,16376,10524,13082,10006,6097,6388,734,3135,5,10,0,0,0,0,20250703
202506,공항철도 1호선,마곡나루(서울식물원),41,3,2892,1501,6060,14092,14469,37607,16194,75742,9127,34799,6842,13590,8448,9826,10118,10421,9846,11742,10507,9376,14888,9501,27011,11223,66866,17674,58736,21528,24608,12902,19109,8591,16310,8046,12371,7942,3351,5155,595,3212,0,0,0,0,0,0,20250703
202506,공항철도 1호선,서울역,269,1,3275,1745,5131,15578,12936,22667,17850,31990,18161,28264,18389,23228,24057,24382,27712,23898,28762,22717,22423,19272,30503,21957,30552,21987,37530,23027,36258,23064,29102,20446,21303,13701,24864,12911,17365,9970,11462,4586,205,3657,0,2,0,0,0,0,20250703
202506,공항철도 1호선,영종,19,14,3921,218,12148,1799,17775,3247,13824,3794,9864,3295,9297,3383,9111,4469,7843,4520,6959,4230,6058,6039,6412,8826,6829,8922,6521,9815,4447,16879,3057,15064,2796,9044,2707,9938,1837,9927,843,7946,159,2831,0,0,0,0,0,0,20250703
202506,공항철도 1호선,운서,183,5,17120,959,23588,7752,32642,11624,27181,13392,16723,11694,17724,7297,21049,7708,19604,10644,14383,11382,12618,14548,14381,16194,16404,18561,17867,23369,13251,33810,8280,26695,7468,23877,7402,23869,6176,24703,2880,19326,347,5889,0,0,0,0,0,0,20250703
202506,공항철도 1호선,인천공항1터미널,0,0,11215,10132,14111,19286,18261,37404,19022,34957,15681,27714,13967,27112,18435,32495,25963,41751,26835,30695,31584,27793,38736,22348,35862,23053,33350,26521,36328,19216,24618,19009,24300,12864,27645,10904,29935,8246,13442,8574,119,6119,0,0,0,0,0,0,20250703
202506,공항철도 1호선,인천공항2터미널,3,0,6045,7782,6190,12890,9794,20142,9864,17413,7920,9634,4613,10526,6214,15782,9285,18232,12235,13726,14925,12089,20313,10655,18630,10777,22256,12294,22139,7042,12936,3979,15290,3104,17915,2764,15314,1956,5644,2113,1,2469,0,0,0,0,0,0,20250703
202506,공항철도 1호선,청라국제도시,171,13,7198,300,17654,6203,31796,8044,20308,15643,13405,4612,10667,3639,11352,3484,10508,4421,8531,5888,7975,6716,8679,7701,10755,10866,14959,14692,16934,23799,5619,22678,4028,15053,3347,14663,2534,15689,1126,8928,175,3817,0,0,0,0,0,0,20250703
202506,공항철도 1호선,홍대입구,245,9,6038,607,6448,4540,11217,10553,14455,25513,13634,29525,14774,26383,17046,29809,19767,34987,22309,35919,25387,30931,30072,30806,36215,32467,41777,34281,45478,38924,38106,26765,37813,16791,40749,14440,33955,12879,16474,10464,1351,3466,1,0,0,0,0,0,20250703
202506,과천선,경마공원,3,0,483,509,1061,2830,1901,4113,2442,12235,2467,36384,2521,35634,2928,20302,3596,19525,5455,15334,8209,9551,12941,5653,21695,3501,30491,2453,65179,2225,9683,1700,2343,1111,910,1041,573,912,246,607,17,96,0,0,0,0,0,0,20250703
202506,과천선,과천,3,0,2487,324,9265,2620,22276,5703,21552,9017,14511,5746,11619,5090,10690,5084,10553,5893,9997,6863,8959,7834,9512,9696,10306,10730,9200,13628,7991,18013,4688,15667,3188,9871,2267,10162,1727,9273,608,5271,108,1178,0,0,0,0,0,0,20250703
202506,과천선,대공원,5,1,100,309,416,4073,821,4870,1180,14864,1742,25340,2434,28366,5073,18935,9597,14594,11811,14176,14319,12843,18686,10887,21889,9399,21670,6595,17632,3630,8362,1643,5043,839,8036,693,16944,770,2405,285,22,49,0,0,0,0,0,0,20250703
202506,과천선,범계,121,3,9762,3080,42090,12262,99187,25472,83023,56650,48394,43300,39795,32985,37963,32026,40624,34119,40319,40327,38436,38725,42912,44879,47541,52874,52073,72641,57120,103847,36374,80203,38561,43930,29516,39181,24028,33476,9939,19603,1011,6267,1,0,0,0,0,0,20250703
202506,과천선,선바위,2,1,957,1249,5826,9638,14510,20761,16762,23530,13509,13968,10500,7666,9776,7387,10758,7757,10646,8137,10683,7427,11683,8051,15489,9859,24026,11916,28270,14454,12600,10750,8606,8325,6719,7379,3588,7133,1206,3947,127,709,0,0,0,0,0,0,20250703
202506,과천선,인덕원,96,1,9838,3191,31988,15696,75919,44509,69183,99832,47457,38129,37321,23459,33738,23003,34155,23782,33792,26992,31139,27863,35221,30716,40626,39680,62915,54303,79416,80899,30623,65319,25209,38381,23445,34751,14641,33813,5928,20694,640,6191,1,1,0,0,0,0,20250703
202506,과천선,정부과천청사,14,1,2417,1618,9241,14984,22523,41744,20077,96977,15363,26411,13535,12814,14208,10867,14986,12284,15384,13471,15720,13557,18104,13985,27375,16059,45003,19717,64373,25534,20157,20578,15451,11457,14295,10889,7555,9294,2247,5333,187,1347,0,0,0,0,0,0,20250703
202506,과천선,평촌,67,2,5215,2564,23840,9195,59226,34743,48857,78909,27707,26135,21838,15960,20020,14112,21178,15616,19524,18790,19492,16633,22756,18628,25820,23856,44758,33264,55440,48506,20954,40850,17243,23413,16007,19778,11216,17440,4157,10029,529,3543,0,0,0,0,0,0,20250703
202506,분당선,가천대,14,0,4989,807,7684,3957,18734,6870,23816,29114,16512,24319,13227,19385,14415,14869,16613,17285,18854,16025,19389,14645,22298,12607,26050,13122,26572,16424,18230,22023,11498,17604,8397,14197,7489,15240,6642,16572,3802,12020,146,1258,0,0,0,0,0,0,20250703
202506,분당선,강남구청,31,2,1422,792,2927,5869,7044,18340,10433,52545,8997,39052,8436,18917,9536,14435,10781,14409,11980,16437,13565,14420,15624,14273,18213,14171,30392,16518,44653,20339,22329,12137,13859,7518,12296,6090,8069,5425,2787,3212,122,652,0,0,0,1,0,0,20250703
202506,분당선,개포동,11,1,1247,536,3991,3430,12181,6640,12638,8680,9039,6649,7651,5857,6752,4468,7685,5371,7142,6070,6927,6296,7738,7322,8703,8541,8219,10860,8333,13216,4910,10342,4032,6916,3646,6481,3088,5822,1155,3616,50,107,0,0,0,0,0,0,20250703
202506,분당선,구룡,4,0,1122,543,3201,4126,8462,10222,11380,8075,8839,4432,7034,3247,6085,2838,6246,3716,5718,4358,5038,4553,7288,5476,7649,6301,6411,7935,6319,9777,3753,7814,2638,4961,2757,4648,1366,4161,395,2813,34,91,0,0,0,0,0,0,20250703
202506,분당선,구성,158,2,2895,662,9928,4457,24178,9502,26922,12188,15974,7771,12870,6161,10327,6678,9648,7414,8769,7995,8498,8454,8675,11160,10231,13441,13270,19461,12420,25686,7484,18553,6593,13582,4965,10481,3797,12046,1831,6564,116,650,0,0,0,0,0,0,20250703
202506,분당선,기흥,320,12,5844,820,15747,4518,35760,13363,34405,23422,20130,11426,14664,9769,14209,10340,14319,9777,13619,12559,13279,11572,13870,13141,16739,16317,21729,22401,22333,33248,12096,26796,9357,16941,8227,13961,6232,14972,2370,8518,65,951,0,0,0,0,0,0,20250703
202506,분당선,대모산입구,8,0,2680,640,7274,3257,22327,6101,22720,10572,14728,5948,10023,4569,8779,5362,8861,6430,8420,7094,7003,7129,7461,9457,9098,10545,10357,13689,9923,17354,5253,14203,3969,9404,2766,9192,1989,8867,715,4970,18,288,0,0,0,0,0,0,20250703
202506,분당선,도곡,29,0,1579,1205,4734,7061,11650,16528,15636,22718,13063,18761,11171,9935,11099,9197,12495,9419,12039,10502,12282,11329,15486,12007,15899,12745,20643,14968,21052,17004,11188,13378,8325,9597,6878,8510,5336,7650,1146,4310,64,351,0,0,0,0,0,0,20250703
202506,분당선,망포,53,2,6620,2647,21907,8811,54121,27982,48598,41402,25351,16380,17904,9925,16035,10994,16680,12273,16332,13380,14829,13283,16540,19247,20930,23362,34825,31656,40675,47381,20383,41756,16412,27084,13353,21678,10377,19583,3692,12085,133,973,0,0,0,0,0,0,20250703
202506,분당선,매교,470,2,4967,966,10614,3866,21257,6890,20932,12639,9949,5344,6802,4463,6548,5009,7071,5613,5940,5688,5615,6229,9200,6530,10405,9683,8440,14389,7565,19383,4395,13566,3714,9188,3609,8127,2590,6812,699,3794,22,683,0,0,0,0,0,0,20250703
202506,분당선,매탄권선,63,2,4008,841,10950,3488,22106,5893,20308,14622,11245,5916,8558,4025,7305,4018,8001,5110,6775,5531,6024,5015,7228,7469,10367,10152,10505,13404,8886,20834,4952,14897,3881,9862,3509,8524,2719,8619,833,5163,23,554,0,0,0,0,0,0,20250703
202506,분당선,모란,566,18,15798,2580,22099,11367,50371,22203,63532,35333,46276,29693,33961,29309,32741,33185,35742,31937,34939,33485,33173,34543,35205,41299,37383,43796,39291,47007,37550,60175,22040,44045,16901,33327,14653,30010,11243,24592,5968,15259,347,1551,0,0,0,0,0,0,20250703
202506,분당선,미금,589,0,3764,810,12696,11256,25996,22115,30140,45369,23815,35627,23883,23289,26058,22827,25563,23933,25481,25307,27170,24621,32074,25647,31256,28210,36756,32271,38020,38072,20844,27909,17583,19945,17205,17203,12438,15198,4041,8439,175,1984,0,0,0,0,0,0,20250703
202506,분당선,보정,41,2,1095,94,3520,1131,8479,2562,9938,5696,6271,2054,5141,1585,4318,2129,3751,2288,3517,2502,3141,3007,4007,3924,4481,4662,4467,5566,3266,6498,1613,5837,1390,3891,1105,3690,1008,3917,300,2332,2,163,0,0,0,0,0,0,20250703
202506,분당선,복정,0,0,0,0,2,0,0,0,3,0,2,0,7,0,3,0,2,0,7,0,5,0,5,0,4,0,4,0,4,0,2,0,2,0,3,0,0,0,0,0,0,0,0,0,0,0,0,0,20250703
202506,분당선,상갈,54,1,3528,733,8511,2677,18551,6377,19028,8543,13003,5077,9397,4171,8089,4505,7375,4537,6643,6669,5951,6256,6713,7331,7536,10642,9377,12726,9934,15302,5253,12716,3608,9778,3071,9363,1729,8711,597,4759,2,623,0,0,0,0,0,0,20250703
202506,분당선,서울숲,127,0,2649,580,5415,6352,12415,22630,21370,44786,14906,35842,9788,28047,11085,24134,14196,23116,16684,24650,19523,22715,23944,22740,29651,22270,44545,23873,50685,29223,31895,18468,24650,10549,18996,8402,11098,7282,3287,3681,141,798,0,0,0,0,0,0,20250703
202506,분당선,서현,303,33,4383,2926,12335,12615,31930,34092,36657,80156,29482,64670,27085,39306,28903,34184,32099,35222,34221,36723,37832,37626,42858,36058,46679,42817,61854,48230,76402,56352,44369,39149,42672,25333,34866,20822,26293,17727,9630,9550,442,1335,0,0,0,0,0,0,20250703
202506,분당선,선릉,45,0,1131,1585,2349,13133,5047,48463,7624,119378,6508,77477,7747,36272,9546,23996,11214,22507,12931,24137,14279,19374,19164,16726,26819,18400,48744,21659,70079,23621,30732,14069,21309,7637,18402,6790,14949,5614,4345,3296,177,677,0,0,0,0,0,0,20250703
202506,분당선,선정릉,25,2,958,888,2090,4450,4667,12703,6957,43406,6921,36301,5938,13968,6940,9295,9069,8802,9198,8812,10653,8081,11629,7514,13741,7700,23920,8678,37172,9928,18141,6323,9947,4136,7986,3706,5127,3543,1990,2117,135,456,0,0,0,0,0,0,20250703
202506,분당선,수내,153,2,2998,1923,7910,8640,18057,22646,21942,49923,16219,40341,13931,21430,14808,17420,17081,18245,18921,18072,21013,18518,22268,18090,25347,20890,36049,23978,45993,27137,27128,19620,23854,12824,17526,11415,13734,10326,3377,5298,199,997,0,0,0,0,0,0,20250703
202506,분당선,수서,61,0,4282,4644,11335,14944,39470,30262,56796,43691,35685,27522,33525,21636,23499,19651,29973,22982,26500,21357,20692,22575,28742,26964,30654,33091,39091,45116,39721,60577,19547,37773,19193,27955,14774,25310,14230,21607,8004,9118,268,1937,0,0,0,0,0,0,20250703
202506,분당선,수원,648,5,5821,775,9317,4685,21577,9311,22344,13810,11901,12624,8737,9997,8658,11604,9677,12671,10239,12288,10110,12890,12324,12548,14162,15139,16295,21017,18133,25397,13563,17476,14610,10544,12827,8505,11187,5965,4508,3892,127,655,0,0,0,0,0,0,20250703
202506,분당선,수원시청,230,2,6999,2048,13583,8150,31511,18997,30312,51986,16802,34990,14584,18597,16378,16734,19464,19843,17980,21070,18797,16921,22520,18543,30126,21537,33173,35138,41067,45403,22432,33837,19522,21932,20141,15863,16782,14703,6120,9361,234,1182,0,0,0,0,0,0,20250703
202506,분당선,신갈,99,1,2964,247,9334,1278,17858,2506,19211,6857,11644,4721,8733,3841,8386,4495,7137,5049,6746,5820,6198,6042,7131,7387,7331,8693,5859,11565,4944,16935,2454,13025,1912,9550,1685,7483,1156,8571,457,4667,21,281,0,0,0,0,0,0,20250703
202506,분당선,압구정로데오,160,5,2613,1069,3749,12815,5626,25352,8218,66639,8428,99080,10086,52558,14497,38333,19400,32383,23415,32704,28367,30336,37120,29246,45040,30887,60183,36449,79603,40010,63037,23632,51997,12253,36321,8687,24717,6730,9338,4085,391,865,0,0,0,0,0,0,20250703
202506,분당선,야탑,196,5,7211,3325,19619,16217,50067,41857,55800,89786,41163,55149,35096,38624,36900,34651,37758,37286,37694,40890,39335,38017,45853,40795,52293,46229,64344,55015,74237,67876,36861,50240,28705,33578,27854,26905,18307,25802,6929,14457,340,2024,0,0,0,0,0,0,20250703
202506,분당선,영통,94,10,2893,1993,8299,4759,17469,11198,18296,26124,11534,18967,10093,13087,10745,11813,12576,12878,13292,13940,12955,12973,15147,14285,19278,15229,23372,22127,25061,24469,13910,18103,12841,11646,13445,11293,14044,10844,4844,6333,228,463,0,0,0,0,0,0,20250703
202506,분당선,오리,660,2,3755,445,15019,8205,27681,14679,28109,32583,20863,15780,17010,10811,16362,11650,16203,13001,16086,11793,15449,12013,17264,14396,18924,15928,25851,18271,30295,23810,11965,18893,10087,13538,8404,11907,5952,10727,1846,6522,75,1809,0,0,0,0,0,0,20250703
202506,분당선,이매,65,4,2611,798,5903,3301,13009,10167,14535,14987,10657,6823,10136,6686,8005,6910,9633,6997,8276,8447,8174,7618,9869,8607,15061,9902,12870,12045,13004,14659,5827,11294,4845,7667,6817,6990,3886,6959,1022,4197,64,830,0,0,0,0,0,0,20250703
202506,분당선,정자,287,7,3289,1207,10877,16028,26068,42481,29481,80773,22705,50455,18397,25009,19405,19081,20021,18229,21217,20508,20919,19241,26852,20929,32601,26950,54768,36814,65664,44085,35658,33143,29605,21591,29149,19622,25414,16622,10240,10052,967,2709,0,0,0,0,0,0,20250703
202506,분당선,죽전,1497,16,5353,1037,17567,7365,39256,15780,34901,25357,22774,25816,18393,20444,17596,20884,19220,19914,18773,20636,19406,21368,21795,23845,23717,27729,27603,33152,28094,45305,20129,36346,24173,23943,12831,20754,9897,19519,3331,12596,6,6395,0,0,0,0,0,0,20250703
202506,분당선,청명,34,0,2996,860,8601,2343,19192,6075,18043,9313,10079,4019,6715,3992,5741,3745,5629,4577,5659,5030,5200,5454,6062,6400,7276,7900,7738,11563,9265,16183,4465,12368,2988,8282,2262,8052,2246,6769,792,4001,9,327,0,0,0,0,0,0,20250703
202506,분당선,태평,318,23,15383,1578,19264,5230,39881,7878,55763,17078,38942,12160,23414,12000,19994,13390,19646,14584,19596,15798,18068,18416,17770,24812,18847,28054,19501,33558,17972,42486,10683,30297,8631,23142,6011,26700,4197,21195,1714,11626,71,1191,0,0,0,0,0,0,20250703
202506,분당선,한티,15,0,2554,1696,8674,11201,22986,28945,26550,44939,18181,40527,15373,26563,16746,21167,20058,24634,22220,30196,22064,22897,24943,26693,31788,30638,43940,37541,43461,36714,27746,25213,30629,15344,25686,13696,28497,11292,4351,6188,215,443,0,0,0,0,0,0,20250703
202506,서해선,김포공항,15,5,260,2433,720,7508,1889,10117,2959,13107,3169,9142,3193,9083,3297,10309,3731,10313,5186,9478,5863,8547,6976,7541,7441,7829,9467,9324,11572,8069,7380,4742,6841,2336,6596,1485,6013,1033,1988,1273,67,471,0,0,0,0,0,0,20250703
202506,서해선,부천종합운동장,24,0,3117,472,4939,1382,12969,3150,12892,4474,6745,2350,4005,2068,3563,1889,3714,2198,3611,2333,3268,2621,3448,3237,3864,4533,4583,6225,5233,10116,2432,8100,1906,4592,1692,4223,1092,4000,484,2271,36,400,0,0,0,0,0,0,20250703
202506,서해선,원종,31,0,5558,1134,8638,3617,17799,6292,16521,9506,10526,5204,8099,4714,7730,5143,7643,6694,7135,6137,6547,6751,7217,8003,8654,10539,9130,13432,9487,17804,5249,13695,4043,8020,3332,7588,2457,6545,1161,4107,39,676,0,0,0,0,0,0,20250703
202506,수인선,고색,608,1,3568,485,8950,3923,19829,19213,15904,22193,8040,5458,5510,3670,5407,4320,6143,4548,5362,4490,5052,4473,6292,5400,8134,7484,16647,9947,19793,12788,6896,13105,6531,8755,4317,6930,2298,6146,1022,3963,4,2079,0,0,0,0,0,0,20250703
202506,수인선,남동인더스파크,0,0,411,886,946,4452,1396,17499,1974,20840,1259,2797,1314,1439,1552,1520,1844,1603,1955,1608,2207,1230,2790,1077,3811,1173,15556,1624,10920,1841,3609,1891,3965,1418,1768,844,487,543,203,331,0,33,0,0,0,0,0,0,20250703
202506,수인선,달월,0,0,11,56,43,106,137,128,147,224,84,104,74,97,97,99,108,106,131,122,104,117,124,82,205,153,345,129,668,129,72,72,86,70,42,54,23,68,27,39,9,13,0,0,0,0,0,0,20250703
202506,수인선,사리,6,0,5292,407,11527,1808,24354,3738,21136,5451,12150,2981,8863,3098,7276,2991,7607,4134,7125,5146,5817,4865,5967,6722,6382,9812,6888,11152,6749,20143,4104,12986,2674,9177,2186,9804,2539,7984,954,5728,22,607,1,0,0,0,0,0,20250703
202506,수인선,소래포구,29,0,3040,514,8067,2443,16867,4025,13988,7604,8533,6897,7875,8333,8877,13113,9436,13402,10578,10843,13248,9243,13938,8495,11786,10624,9996,11974,8401,14565,4950,9564,4498,6628,4285,6970,2865,5137,1443,3662,15,662,0,0,0,0,0,0,20250703
202506,수인선,송도,10,0,2263,487,4817,2118,8366,2447,8315,4369,4808,2801,4333,2830,4427,3121,4789,3307,4986,2961,4152,3648,4513,4580,4941,5141,4819,6915,3647,7650,2294,5288,1889,3582,1660,3297,916,2347,383,1578,6,431,0,0,0,0,0,0,20250703
202506,수인선,숭의,17,0,3934,812,7348,3841,14710,8094,11798,11488,7352,4945,7285,4337,7075,4084,6823,4842,6521,5767,6412,5334,7178,6044,7943,8138,10070,10497,9137,12493,4737,7293,3311,5569,2928,5713,1841,4089,868,2517,11,589,0,0,0,0,0,0,20250703
202506,수인선,신포,15,1,1068,270,1912,1309,3237,4238,3062,7571,2085,3280,1910,2690,2305,3360,2878,3306,3131,3467,3455,3416,4970,3435,5549,3642,5832,4239,5910,4721,3014,2554,2672,1819,2138,1637,1398,1238,542,667,2,209,0,0,0,0,0,0,20250703
202506,수인선,야목,2,0,421,27,1379,511,1870,722,1791,669,1256,491,822,663,685,609,805,527,721,620,728,518,810,728,949,901,1283,1095,1020,1940,528,1102,285,565,214,794,183,557,63,386,1,64,0,0,0,0,0,0,20250703
202506,수인선,어천,3,0,389,120,1827,2090,4517,3972,4276,3476,3455,1757,2587,1535,2642,1695,2628,1973,2459,2417,2059,2170,3181,2261,4442,3617,3244,3093,4088,4874,1713,3272,1343,1971,888,1933,508,1565,231,787,0,137,0,0,0,0,0,0,20250703
202506,수인선,연수,16,2,3098,884,6789,2470,14365,4794,13404,10345,7285,6755,6088,6377,6461,5731,7239,7202,7427,7297,7629,6795,7964,7490,8421,10033,8657,13245,10802,15269,5723,9678,5503,7121,5165,6688,4208,4301,2366,3037,36,621,0,0,0,0,0,0,20250703
202506,수인선,오목천,8,0,1267,441,6295,2170,13413,5672,13803,12624,8450,6507,6768,4600,6837,4601,7966,4779,6926,6288,6332,4915,8193,5943,10097,8167,10957,7123,9633,13354,4779,8449,3362,5093,3056,4825,2042,5549,768,3347,4,291,0,0,0,0,0,0,20250703
202506,수인선,원인재,85,0,3667,815,7353,2630,13562,6118,15535,8096,8770,4920,7049,4918,7357,5097,7199,5940,6998,6340,6330,6303,6818,8250,6962,10283,8232,12174,8098,15072,5108,10841,4219,8207,3803,7813,2894,6389,1518,4595,45,665,0,0,0,0,0,0,20250703
202506,수인선,월곶,1,0,2075,508,5149,1522,11794,1795,11068,3260,6128,3388,4522,4759,4429,4646,4396,4797,4196,4229,4254,4128,4634,4788,5106,6351,5241,7408,6371,9985,3410,5695,2336,4263,2016,4420,1239,3376,558,1921,6,348,0,0,0,0,0,0,20250703
202506,수인선,인천,58,1,461,266,1102,1192,1899,2630,1912,4209,1763,2423,1892,3242,1854,4808,2221,4852,2478,4229,2728,4088,3797,3846,3264,3755,3188,4060,2588,3838,1715,2702,1452,1817,1151,1380,745,1343,194,673,10,237,0,0,0,0,0,0,20250703
202506,수인선,인천논현,5,0,2785,851,6346,5407,14164,8855,13385,13154,8673,10217,7997,7574,8392,7911,9194,8279,8766,9193,8836,9641,10115,9859,11421,12186,12228,15510,11390,17803,7318,10979,7471,7934,6454,6603,5003,4935,2360,3778,9,649,0,0,0,0,0,0,20250703
202506,수인선,인하대,29,0,4592,625,12236,3095,24765,5496,20216,15525,10077,9956,9193,9572,9860,7418,10602,9775,10570,9469,10432,10074,12513,10537,14760,12970,14753,19306,12519,23448,7628,13251,7092,10027,6453,9584,4921,7228,3648,5132,89,1307,0,0,0,0,0,0,20250703
202506,수인선,호구포,1,0,1760,790,3247,6707,7042,18817,7972,20182,5111,4296,4666,3083,4689,3617,5046,3792,4830,4003,4731,3894,4872,4300,5883,5522,15932,6373,15291,7548,5202,5925,5610,4628,4162,3766,1805,3064,983,2368,1,419,0,0,0,0,0,0,20250703
202506,신림선,관악산(서울대),4,1,1014,940,2086,2376,6517,4925,6782,11700,4445,14347,4658,12644,5412,7327,7014,6041,8299,6435,8533,5642,10703,4771,11716,4127,10226,3789,8580,4792,3525,3750,2371,2769,1907,2506,1354,2443,677,1574,193,727,0,63,0,0,0,0,20250703
202506,신림선,당곡,0,0,2253,230,4768,1241,13304,4822,18932,8591,12491,6274,8496,5598,7645,5808,8190,6608,8370,6551,7772,7099,8051,8541,8376,9474,10044,11302,10005,16414,5913,12895,5038,7829,3444,7118,2225,6360,967,3791,192,1189,1,0,0,0,0,0,20250703
202506,신림선,대방,17,0,1924,433,2771,1621,7813,3403,10548,5492,7093,3457,5160,3031,5174,3011,5607,3385,5541,4031,5426,3604,5489,4098,5658,5081,6948,6225,6011,8272,3819,5350,3176,3818,2659,3953,2070,3590,991,2433,244,754,1,38,0,0,0,0,20250703
202506,신림선,보라매,1,0,1995,468,3503,2141,10350,7138,14730,13923,8595,5783,6698,4880,6292,5415,7034,5618,6903,5908,6966,5681,8692,6274,9921,6893,9898,9434,12986,13215,5442,9764,5137,6188,4193,5391,3079,4764,1424,2985,294,882,0,2,0,0,0,0,20250703
202506,신림선,보라매공원,0,0,755,488,2165,1519,6041,5591,7131,9246,4382,6657,4169,9427,5161,9938,6494,8722,7753,9699,8478,10039,10293,8973,10104,7595,8558,7546,8728,8512,4665,6117,3711,3588,2404,2972,1685,2653,433,1356,97,443,0,0,0,0,0,0,20250703
202506,신림선,보라매병원,2,0,984,655,2118,5723,8187,25976,9326,48432,10188,23659,10473,16387,12867,14003,12922,13751,14558,15594,17527,14687,20936,11845,21535,10412,32529,10847,34359,12372,13399,9042,11101,5106,7446,4493,5105,3393,1406,1535,175,412,0,0,0,0,0,0,20250703
202506,신림선,샛강,0,0,479,991,821,2871,1890,13440,2767,26313,2277,9522,2146,4601,2443,3798,2662,3326,2863,3790,3607,3237,4592,3467,5086,3810,11312,4060,17900,4581,6697,2668,4921,1890,4543,1303,3036,983,1506,655,468,314,0,62,0,0,0,0,20250703
202506,신림선,서울대벤처타운,12,0,7023,374,11330,2983,32734,6478,43245,9889,27899,8571,18688,7638,16773,9141,17552,9790,16732,11358,14753,11722,14258,15268,15292,19569,15361,22910,14260,33573,9234,28705,7008,17929,5700,17802,5215,17139,1923,12962,458,4799,0,24,0,0,0,0,20250703
202506,신림선,서울지방병무청,0,0,1438,461,3509,1452,9822,4741,12955,6008,7948,3454,7499,3305,6278,3271,5755,5313,4913,5092,4798,5548,5864,6834,5754,7562,4865,8941,4523,11916,2607,8342,1750,5713,1766,5538,1247,4893,385,3119,91,890,1,1,0,0,0,0,20250703
202506,신림선,서원,0,0,2746,454,4740,795,13304,1461,18950,2232,12203,2256,7472,2259,6087,2704,6043,3136,5352,3445,4686,4020,4270,5516,4469,6244,4059,8131,3657,12426,2675,10626,1614,6965,1432,7254,1048,6736,388,4335,79,1334,0,0,0,0,0,0,20250703
202506,신림선,신림,1,0,1058,427,1714,888,4745,1768,6959,2942,4671,3338,3807,3500,3892,3755,4385,4421,4190,4374,4269,4843,4197,5787,4206,6153,4550,7798,4630,10513,3700,7191,2829,4356,2377,4071,1833,3510,1039,1884,328,752,2,3,0,0,0,0,20250703
202506,안산선,고잔,292,3,5959,895,16169,5733,27261,13509,22082,26699,15547,15646,14245,11893,14000,9981,13286,10736,12425,11604,12763,11224,14929,11821,16112,12994,20863,17671,20882,23999,8799,19124,7215,12292,6926,10946,4713,9601,2049,7889,180,2980,0,0,0,0,0,0,20250703
202506,안산선,대야미,36,1,3161,1223,8414,3313,17952,4711,20675,8011,11263,4458,8989,4528,7592,4913,7775,5089,7332,5484,7089,5868,7476,8390,7936,10351,8297,11437,9626,15329,5166,11285,4221,8744,2550,7081,1598,7552,927,4032,152,1188,0,0,0,0,0,0,20250703
202506,안산선,반월,24,0,4114,1039,8564,2561,17804,4396,16771,7243,10191,3816,8393,3772,7255,4407,7340,5128,6894,5102,6116,5642,6051,7275,6376,9694,7156,11338,6417,15427,3555,11577,3038,9111,2129,7129,1463,6961,582,3903,107,1015,0,0,0,0,0,0,20250703
202506,안산선,산본,779,1,10276,1644,24141,6699,53260,15380,49235,29341,28198,22317,24550,21350,23730,22155,25188,24129,24675,25546,24271,26200,26494,29620,28397,33662,28096,41236,30702,61694,19982,49439,17540,29116,15758,24291,11923,20221,4966,12533,568,4073,1,0,0,0,0,0,20250703
202506,안산선,상록수,614,21,13761,2620,29550,8476,61583,12539,56934,19764,34691,15659,26587,14218,22578,13628,23747,14738,21409,16375,18929,18693,19330,22032,22484,28165,23375,39974,20256,57641,14239,46860,11107,34172,8455,29598,6257,24332,2627,16451,471,5203,0,1,0,0,0,0,20250703
202506,안산선,수리산,20,0,3647,567,9518,1660,17707,4948,16903,7972,10542,3828,7797,4012,7262,3237,6430,3520,5802,3851,4910,4312,6124,5738,5443,6674,5408,8325,4778,11830,2599,9499,2154,6838,1450,5216,929,5299,436,2952,69,907,0,0,0,0,0,0,20250703
202506,안산선,신길온천,49,1,3167,213,5105,2159,8909,3725,6842,2312,5064,1652,3830,1505,3078,1740,2997,2244,2719,2047,2725,2452,2792,3047,3677,3566,4694,5227,3692,6822,2113,5371,1448,4077,842,3600,623,2836,208,2038,30,579,0,0,0,0,0,0,20250703
202506,안산선,안산,2198,14,10382,1797,13344,15309,23391,37153,24673,28995,21236,15423,17407,13364,16561,15935,17273,16132,18178,15550,18078,17262,19415,18028,25013,18851,40664,25752,39933,26621,20044,20917,16889,17264,10556,14713,4648,11258,1480,7146,137,2950,0,0,0,0,0,0,20250703
202506,안산선,오이도,268,1,6375,633,13997,6357,29805,11218,23839,12168,15307,8126,12539,8875,11484,11259,11520,11105,11222,10784,10880,12674,12615,13493,14904,16582,17130,18673,15781,25020,9116,19985,8028,13358,7020,11672,4055,11085,1290,7662,27,3422,0,1,0,0,0,0,20250703
202506,안산선,정왕,523,2,8754,1014,12679,12380,21961,22491,20865,29470,16682,21005,14107,13616,13785,12241,14132,13244,14121,13607,14648,13149,19760,13839,22013,14600,26139,18555,29930,23935,14122,17672,11232,14129,7418,13503,4874,11278,1840,7747,112,2374,0,0,0,0,0,0,20250703
202506,안산선,중앙,358,26,11242,1452,30034,11300,52914,18155,43461,37427,28287,34678,25453,22863,27428,21422,31830,25910,27717,29281,26676,27782,28727,29502,34316,36283,36916,47054,37807,65686,24864,50772,24588,33889,24850,28664,20674,23769,8308,19001,896,5878,0,0,0,0,0,0,20250703
202506,안산선,초지,264,0,4130,391,11495,4426,20691,9084,16280,10679,10061,7014,7676,4686,7230,4509,8279,5213,6690,5023,5997,5772,6357,6611,7487,8040,9260,11969,9889,15746,4903,14430,3654,9836,2940,8787,1608,7334,703,5570,47,2233,0,0,0,0,0,0,20250703
202506,안산선,한대앞,236,2,8417,1208,17207,4526,30010,8933,25770,22994,19201,15789,15921,14998,15580,10604,16351,13493,15016,12543,15331,13011,15827,14041,18148,18512,19678,23997,17323,31742,10278,24504,9781,17557,8918,15832,6716,13370,2808,9180,214,2681,0,0,0,0,0,0,20250703
202506,우이신설선,4.19민주묘지,3,0,1655,567,3421,1480,8821,2568,9860,9360,7142,6116,6340,6849,6588,8819,6974,6297,7607,6107,7418,6000,7262,5786,9082,6286,8384,6314,6316,7814,4097,7227,3262,4805,2487,4124,1786,3765,777,2588,206,564,0,0,0,0,0,0,20250703
202506,우이신설선,가오리,15,3,2731,500,6474,1598,16685,3399,16991,6267,11034,4921,8816,4730,8130,5337,8086,5982,7535,6488,6382,6592,6582,8500,6505,10051,5901,10624,4820,14123,3882,12339,2585,7601,1690,6924,1260,5681,524,3239,160,958,0,0,0,0,0,0,20250703
202506,우이신설선,보문,5,1,606,144,999,1400,2613,3326,4370,5026,3421,3879,2962,2846,3143,2852,3289,3181,3418,3064,3171,2761,3852,3004,4365,3390,3960,3646,3892,4088,2612,2975,2182,2208,1757,1874,1427,1547,636,1104,119,285,0,0,0,0,0,0,20250703
202506,우이신설선,북한산보국문,4,0,2488,608,7570,2145,17861,6568,20874,11143,15164,7811,12268,6521,11312,6603,11208,7416,10617,7779,10021,8196,10614,10001,12012,11858,11663,14295,10798,18328,6305,15332,4804,10980,4250,10316,2870,9321,1769,5939,579,1263,0,0,0,0,0,0,20250703
202506,우이신설선,북한산우이,5,0,1763,620,3556,1941,9244,3380,9292,7167,5957,8992,4783,9361,5319,8255,6863,6765,7296,5300,7927,4933,7701,4913,7168,5241,6279,5269,5296,6122,3427,5159,2872,3269,1920,2912,1107,2495,534,1498,158,546,0,30,0,0,0,0,20250703
202506,우이신설선,삼양,1,0,1369,447,3466,915,8167,1815,8709,3727,6405,3113,5240,3281,4939,3238,4725,3963,4268,4121,3900,4099,3704,5458,3731,5948,3369,6557,3105,7678,2401,6530,1747,4309,1176,4001,765,3205,359,1864,83,505,0,0,0,0,0,0,20250703
202506,우이신설선,삼양사거리,4,1,1731,406,3343,2017,7020,2291,8925,4677,6374,3721,5408,3471,4771,3762,5610,3981,5076,4551,4221,4639,4464,5775,4767,6138,4106,6272,3897,7184,2944,6073,2076,3761,1587,3193,1004,2514,523,1455,109,444,0,0,0,0,0,0,20250703
202506,우이신설선,성신여대입구(돈암),2,0,749,521,1370,1373,3577,4882,6422,9270,5212,7665,4922,6381,5442,6845,6507,7246,6685,7803,6537,7228,7498,7759,8175,8703,8149,9500,8924,11239,6518,7186,6442,4857,7067,3946,6141,3049,2447,1828,634,625,0,0,0,0,0,0,20250703
202506,우이신설선,솔밭공원,13,0,2036,352,4284,1089,10643,1764,10957,3253,7213,3346,5331,2993,4972,2929,4801,3307,4214,4360,3808,4327,4353,4993,4254,5269,3706,6106,3150,8275,1886,7047,1379,4664,943,4488,615,3569,283,2177,61,513,0,2,0,0,0,0,20250703
202506,우이신설선,솔샘,5,0,3258,413,11143,1508,28501,3509,27581,4873,16848,3214,11728,3715,9835,4248,9676,5711,8498,6440,7084,7055,7223,9847,6952,12334,6322,13934,5061,23504,3547,19851,2443,11614,1874,11485,1379,9791,605,5713,148,1731,0,0,0,0,0,0,20250703
202506,우이신설선,신설동,118,1,1027,1151,1050,3565,1932,6601,2682,12410,2219,8165,2457,5146,2822,3981,3413,4075,3989,4205,4351,2887,6129,2595,6395,2775,8203,2231,10198,2263,5678,1482,3732,1302,3312,1098,2453,1069,901,605,232,529,2,113,0,0,0,0,20250703
202506,우이신설선,정릉,2,1,2047,513,5667,1861,13428,3423,16354,6772,13393,4669,10209,4536,9489,5240,9668,5987,8969,6555,7626,6752,7711,8569,8152,9931,8286,11181,7828,14865,4398,11978,3195,7699,2774,7105,2130,5726,1154,3021,289,762,0,0,0,0,0,0,20250703
202506,우이신설선,화계,5,1,1973,635,4758,1907,11920,3024,13830,6190,9340,5769,8061,5429,7335,5285,8129,5519,7127,5740,6226,5479,5944,6372,6540,6661,5167,7454,4749,9953,3355,8996,2225,6047,1519,5038,1023,4682,569,2715,171,811,0,0,0,0,0,0,20250703
202506,일산선,대곡,250,1,2954,2658,9030,9646,23437,24718,24989,30973,14517,19365,10667,13056,10306,12777,11330,12651,12010,11497,11713,11189,14010,11838,17747,13520,24887,16673,34615,22607,22856,16376,14394,9946,13902,10009,11273,9735,6867,7702,1242,2558,0,2,0,0,0,0,20250703
202506,일산선,대화,148,1,7713,1551,23007,4876,46041,13251,35209,18479,25534,13459,21042,12850,19054,12194,17312,15513,16788,16287,15969,15899,16279,19148,18377,19093,20001,25577,16463,26659,9236,23555,7374,16662,13231,14451,20364,12620,5888,8197,169,2888,0,0,0,0,0,0,20250703
202506,일산선,마두,68,4,3752,1716,10260,4756,17943,8459,17506,21665,14002,15513,14736,11627,15128,11243,13915,10223,13026,13740,13556,13305,15434,13573,16545,14500,17077,15905,16419,18428,7078,16296,5600,9790,4884,9301,3812,8403,1145,5394,166,1132,0,0,0,0,0,0,20250703
202506,일산선,백석,73,2,5142,2213,10075,6765,21558,11709,24622,26764,18034,15722,16641,14760,16519,14204,17019,15158,16367,17034,16969,16613,19399,17723,19758,19600,22685,22326,22555,27054,12342,23949,11112,13886,10380,12815,6919,11132,2929,7352,331,1577,0,0,0,0,0,0,20250703
202506,일산선,삼송,695,7,8789,1364,31834,7271,78690,15857,76741,27575,41678,19971,32213,17815,27301,19978,27613,23331,26404,25353,23666,25187,25113,30516,28805,35296,30981,47680,29834,69508,19321,57729,16274,35774,13791,34861,14086,26979,3653,14541,576,3112,0,0,0,0,0,0,20250703
202506,일산선,원당,246,0,9493,799,21379,5969,45095,7727,47116,13541,29237,10023,21982,10088,19491,12051,19165,12531,18020,13823,15781,15934,15520,18254,16629,23500,16933,29432,15767,39554,8530,33703,6720,23678,5109,21118,3328,18347,1148,11417,121,1843,3,1,0,0,0,0,20250703
202506,일산선,원흥,220,6,7174,591,17509,3918,44622,7292,47887,14325,27513,10434,20489,9531,18140,9664,17924,11674,16313,13390,14390,14462,14366,16899,15127,21426,16001,28882,17042,37203,8413,35313,7718,21830,6435,20697,4283,18311,2118,11369,331,2316,1,2,0,0,0,0,20250703
202506,일산선,정발산,67,0,2569,979,5187,3349,8304,6296,10374,20402,8492,20199,9226,16029,11056,15152,12165,13724,14217,15291,14834,13481,16371,13074,17541,13797,20266,15615,23393,16700,12330,13122,12845,7543,9165,6374,6573,5033,2418,3590,295,894,0,0,0,0,0,0,20250703
202506,일산선,주엽,170,1,6106,1323,16526,3241,25095,7629,26391,13909,19638,11748,18032,11916,17934,12958,17059,12559,15435,15293,14497,14402,16214,18242,15868,18878,14316,22423,13189,24275,7301,22829,6313,14681,5596,12801,4560,10724,1227,7103,162,1999,0,0,0,0,0,0,20250703
202506,일산선,지축,0,0,0,0,0,0,0,0,0,0,0,0,3,0,1,0,0,0,4,0,1,0,5,0,2,0,4,0,7,0,4,0,0,0,1,0,1,0,1,0,0,0,0,0,0,0,0,0,20250703
202506,일산선,화정,207,0,12204,1506,24344,6405,52013,12926,51571,34449,33238,23970,30124,21807,28259,22830,29539,24943,29665,25283,27783,28366,28290,33231,30667,36446,31318,44265,28750,56370,16707,45521,15818,30034,15854,27282,12165,24972,4863,14112,664,2772,0,0,0,0,0,0,20250703
202506,장항선,배방,119,4,1103,358,1931,787,3355,1354,3756,2443,2963,1499,2361,1264,2023,2114,2049,1807,2326,2003,2411,1703,2073,1778,2162,3195,2411,3975,2555,3927,1595,2675,1271,2439,1056,2052,1038,1742,712,1516,45,219,0,2,0,0,0,0,20250703
202506,장항선,봉명,24,0,1295,430,1840,986,2725,4446,3059,4472,2473,3430,2789,2485,2709,1610,2534,1967,2170,2455,2336,1934,3037,1922,3144,1791,3465,2834,2076,2326,1131,1776,1081,1293,829,1131,605,1246,690,789,6,251,0,0,0,0,0,0,20250703
202506,장항선,신창(순천향대),307,1,640,143,1664,705,2684,3133,2142,6807,2132,4083,3102,4821,3356,3480,3135,3600,4077,3418,5375,2527,4266,2122,5875,2693,5643,1787,5079,3603,2117,2666,1779,2552,1701,2614,775,2497,659,1927,2,601,0,4,0,0,0,0,20250703
202506,장항선,쌍용(나사렛대),84,1,2891,462,4431,799,7118,1689,8012,6142,4799,5265,4729,3830,4379,3624,4473,5879,5507,4477,4958,3109,4920,4440,5446,5307,5457,6757,4864,6762,2988,5459,2310,3686,1819,3940,1460,3281,863,2827,66,691,0,0,0,0,0,0,20250703
202506,장항선,아산,84,2,1166,1627,2762,4236,7080,6348,8995,9147,4758,7847,5358,7501,6480,6217,6657,7358,6739,6954,7834,5545,9782,6440,8857,6525,9021,8786,11495,8743,9568,5527,5655,4925,6721,3880,6443,2389,3405,1812,153,480,0,0,0,0,0,0,20250703
202506,장항선,온양온천,793,4,2211,520,4747,2940,9848,6244,10532,8217,9901,9882,9719,9698,9956,13395,11139,10786,12534,10070,12489,7338,10762,8571,10301,10073,8015,11266,8964,9816,4417,8251,3531,6511,2823,6053,2038,4095,1203,3204,20,757,0,7,0,0,0,0,20250703
202506,장항선,탕정,56,0,1097,369,2222,1047,4415,2186,4561,4884,2794,2696,2913,2330,2661,2339,3095,2614,4020,2886,3410,2381,3883,2554,3698,4361,4081,5111,4424,5357,3421,3412,2430,3018,2482,2632,2580,2198,1408,1951,74,253,0,0,0,0,0,0,20250703
202506,중앙선,구리,782,9,5911,1158,11923,3988,27048,6607,26175,13008,14668,11898,12922,11219,11985,10558,13020,11174,12676,12463,12212,11812,12905,14570,13836,17504,14160,21241,13230,29932,9163,23246,8452,13933,5156,11832,4264,10525,1332,7079,47,1486,0,0,0,0,0,0,20250703
202506,중앙선,국수,13,2,893,62,1108,412,2251,632,2203,1634,1922,1220,1490,971,1297,1511,1282,1063,1614,1170,1228,1029,2127,1434,1847,1538,1233,1848,880,1904,563,1356,463,1354,280,1176,222,1131,67,677,2,115,0,0,0,0,0,0,20250703
202506,중앙선,덕소,1688,4,3721,836,9751,2081,22907,4440,19527,6046,12797,5986,11167,5098,9995,4734,8459,6246,8442,7348,7462,7344,7346,10409,8072,11181,7972,13973,6284,19567,3816,17332,3501,9160,2487,10081,2011,8454,682,6139,1,1567,0,0,0,0,0,0,20250703
202506,중앙선,도농,924,7,8208,871,19597,2870,46027,7292,37508,12952,21736,7627,17912,7475,15668,7556,13933,8218,12698,10335,10964,10544,10898,15830,14484,17677,14016,20376,11615,35900,6337,30996,5257,16873,4196,15468,2822,13541,915,10262,24,1981,0,0,0,0,0,0,20250703
202506,중앙선,도심,5,1,1997,272,5822,819,13379,2324,9317,4632,6194,1961,4777,1584,3523,1598,3795,2147,3251,2255,2884,1870,2750,4328,3797,2686,3372,5196,2821,7618,1505,6160,1164,3440,1056,3498,768,4022,265,1990,0,0,0,0,0,0,0,0,20250703
202506,중앙선,망우,324,7,8760,780,12096,3152,30602,5457,25392,12985,16134,9082,12889,8605,12178,9925,13760,11020,12395,10137,11444,12236,11713,14170,12243,15825,11882,20347,12088,26152,8062,20780,5422,13435,4500,10182,2970,9190,1311,6090,25,487,0,0,0,0,0,0,20250703
202506,중앙선,상봉,730,11,6711,782,8791,3272,21255,4648,22204,7879,13765,5811,8937,6058,8267,6244,9957,7931,8243,7550,8019,8406,9206,9619,8393,10742,9090,15002,8928,22554,6539,18014,5363,10981,4844,9092,3079,9658,1598,5591,121,1158,0,0,0,0,0,0,20250703
202506,중앙선,신원,0,0,114,14,198,128,424,349,413,492,375,627,342,534,369,392,341,272,524,281,404,259,562,376,583,263,460,353,642,342,222,198,137,207,44,167,31,115,5,64,0,7,0,0,0,0,0,0,20250703
202506,중앙선,아신,3,0,496,33,804,227,1971,618,1449,919,1424,962,1512,973,1121,1224,921,710,1017,953,1040,915,1134,814,1342,1673,1101,1453,793,1571,560,891,392,981,292,963,171,1086,17,437,5,130,0,0,0,0,0,0,20250703
202506,중앙선,양수,6,1,1074,235,2137,1037,6152,2503,5131,3480,4421,3943,3492,4708,3506,4683,3438,3717,4171,3881,4130,3319,5981,3825,5768,3816,4846,4807,3473,4006,2036,4267,1947,2942,923,3016,392,1898,122,1661,1,291,0,0,0,0,0,0,20250703
202506,중앙선,양원,117,2,2890,374,5084,1879,12181,9348,11233,6315,6475,3102,4939,3226,4220,3313,5002,3205,4598,3731,3984,3486,6383,4323,8009,5380,5105,7213,4103,9609,2746,9358,1959,5099,1445,4345,1118,3922,316,2580,1,174,0,0,0,0,0,0,20250703
202506,중앙선,양정,197,1,218,186,574,1081,1283,1477,1136,1898,855,940,779,784,801,605,764,655,852,608,1104,589,1224,772,1594,734,1844,845,1971,1121,644,621,381,325,314,432,100,265,47,221,7,43,0,0,0,0,0,0,20250703
202506,중앙선,양평,166,7,2176,110,4486,1397,10303,5050,7390,6755,5936,4835,7429,5523,6206,7342,6426,7020,6990,4369,6842,7179,6778,5994,7775,6752,7147,10227,5676,9296,3799,4808,3225,6673,2638,3596,1879,4477,255,3575,62,1056,0,0,0,0,0,0,20250703
202506,중앙선,오빈,10,0,261,56,489,443,1130,395,963,494,800,392,844,457,603,514,630,391,533,409,444,619,462,463,631,713,580,1003,425,1146,291,421,200,371,113,535,52,372,4,185,2,56,0,0,0,0,0,0,20250703
202506,중앙선,용문,462,2,1183,8,2735,641,4616,2403,4913,4527,3830,2833,4268,5177,3915,8584,4962,5150,5908,6119,7153,4765,7338,2366,7240,6078,5742,5088,3320,4440,2221,2966,1130,3333,971,2132,332,2209,2,1677,0,682,0,0,0,0,0,0,20250703
202506,중앙선,운길산,4,0,278,67,487,541,1505,954,1550,1516,1087,2834,1129,4353,1267,3763,1560,2383,2221,1738,2958,1481,3983,1623,3350,1269,2862,1343,1777,1078,1273,1122,809,557,347,675,97,513,25,382,0,14,0,0,0,0,0,0,20250703
202506,중앙선,원덕,65,0,370,18,734,278,916,510,1116,684,1104,548,995,782,727,737,668,633,753,614,819,650,846,751,869,808,645,1137,522,967,386,556,272,503,166,538,42,477,4,300,0,71,0,0,0,0,0,0,20250703
202506,중앙선,중랑,161,2,6131,700,9357,2012,20254,3327,21922,6285,15413,5271,9901,5060,9232,5217,9472,5914,8671,7495,7440,7276,7342,10188,7300,11690,7278,15316,7604,20331,5000,15586,3656,10260,2737,9091,1997,8131,868,4885,22,353,0,0,0,0,0,0,20250703
202506,중앙선,지평,0,0,0,0,2,0,265,322,28,149,65,38,462,580,0,2,1,0,102,1,440,429,1,1,0,0,160,192,51,133,233,317,3,0,43,138,0,2,0,0,0,0,0,0,0,0,0,0,20250703
202506,중앙선,팔당,6,0,267,155,612,654,1226,1773,1226,3375,1151,2822,1137,2923,1119,2407,1407,2277,1533,1652,1804,1376,2456,1746,2648,1398,2564,1427,2396,1496,1800,940,1657,695,1236,396,815,412,162,171,1,1,0,0,0,0,0,0,20250703
202506,중앙선,회기,1036,12,12893,3738,22793,13330,56482,30534,72508,55624,50922,42155,39320,36651,41544,33617,45092,33311,44626,39519,45780,34444,51829,36143,58806,41947,63152,54788,50901,72251,31532,57525,27666,40074,28781,41695,26175,43774,12759,28310,647,5845,0,0,0,0,0,0,20250703
