사용월,호선명,지하철역,04시-05시 승차인원,04시-05시 하차인원,05시-06시 승차인원,05시-06시 하차인원,06시-07시 승차인원,06시-07시 하차인원,07시-08시 승차인원,07시-08시 하차인원,08시-09시 승차인원,08시-09시 하차인원,09시-10시 승차인원,09시-10시 하차인원,10시-11시 승차인원,10시-11시 하차인원,11시-12시 승차인원,11시-12시 하차인원,12시-13시 승차인원,12시-13시 하차인원,13시-14시 승차인원,13시-14시 하차인원,14시-15시 승차인원,14시-15시 하차인원,15시-16시 승차인원,15시-16시 하차인원,16시-17시 승차인원,16시-17시 하차인원,17시-18시 승차인원,17시-18시 하차인원,18시-19시 승차인원,18시-19시 하차인원,19시-20시 승차인원,19시-20시 하차인원,20시-21시 승차인원,20시-21시 하차인원,21시-22시 승차인원,21시-22시 하차인원,22시-23시 승차인원,22시-23시 하차인원,23시-24시 승차인원,23시-24시 하차인원,00시-01시 승차인원,00시-01시 하차인원,01시-02시 승차인원,01시-02시 하차인원,02시-03시 승차인원,02시-03시 하차인원,03시-04시 승차인원,03시-04시 하차인원,작업일자
202505,1호선,동대문,695,16,11411,1920,9784,7385,16724,13140,22729,20497,22058,23012,19975,25358,21101,29735,24805,28392,26919,27142,29548,26595,29973,25672,31809,24871,29075,23768,25641,23523,19867,22819,17606,16985,15411,15450,12070,15180,6108,9851,903,3141,8,284,0,0,0,0,20250603
202505,1호선,동묘앞,148,3,2859,986,4018,5686,8874,11760,14014,24066,12934,19657,14772,26787,19944,35484,28057,37690,34739,41748,37791,35373,39076,30801,40567,23128,36104,17324,25464,13959,13532,9798,6943,6785,5587,6811,4091,6995,1539,4711,135,2029,3,178,0,0,0,0,20250603
202505,1호선,서울역,688,67,10783,10374,28788,65184,90177,127458,151470,241420,121799,173299,107330,107071,120554,102596,136363,112334,128103,110573,109089,100942,139680,117071,154396,125876,221567,149015,252289,173736,144704,119129,106540,88200,111385,82681,75904,62690,40326,32808,4299,8636,18,174,0,0,0,0,20250603
202505,1호선,시청,121,3,1938,5755,3754,27708,7542,74917,10220,197607,13232,92400,16110,51960,21425,49102,24537,45507,34273,45057,43511,36293,56893,30098,71729,27261,98677,28848,156643,26202,62998,13978,58654,9328,50245,8165,30412,5957,9887,3883,558,899,0,32,0,0,0,0,20250603
202505,1호선,신설동,414,32,9502,2362,10403,9078,22203,25943,32851,53520,23382,32022,21078,21757,22403,20386,24599,19569,25712,21241,24424,19817,25719,22019,31563,23740,42411,26173,51467,31725,21232,23013,15014,17361,13569,16853,9296,14996,4003,9707,444,3017,0,0,0,0,0,0,20250603
202505,1호선,제기동,412,3,5583,2613,9565,11699,21975,21401,31989,39339,25061,33466,26894,38135,34152,47076,39407,47822,41077,48881,45573,45587,49434,38062,49374,35712,44473,29167,38556,27332,21663,18180,14520,12517,9379,12111,5742,10105,2491,6446,185,1514,0,0,0,0,0,0,20250603
202505,1호선,종각,123,5,4308,6182,4490,37918,6934,111722,10338,251173,13609,139717,19287,65148,29367,64261,36133,57961,44956,55914,57305,45403,70806,41765,90034,43344,153352,47578,207901,48501,95764,24152,85725,13620,85689,10083,59844,7636,25251,4907,1849,1197,0,1,0,0,0,0,20250603
202505,1호선,종로3가,235,16,4134,2952,4395,13474,6238,28130,10539,66254,15870,64598,22980,58670,33417,69821,46247,67926,49773,63167,61111,55819,70741,49246,78252,46358,89485,43886,93564,42126,58830,22817,52316,14172,54083,11309,41906,8926,19943,5802,1969,2309,1,28,0,0,0,0,20250603
202505,1호선,종로5가,61,4,2085,3801,3316,17700,6317,41844,10856,85359,16574,61775,26261,60818,36716,63893,45576,57583,53250,55062,62928,51853,65436,44015,72578,40831,88115,36222,87752,32458,48815,18149,35299,11132,31506,7953,20545,6143,5756,3838,399,1000,0,0,0,0,0,0,20250603
202505,1호선,청량리(서울시립대입구),1130,22,10791,3050,18854,12057,48790,18441,57966,40786,39717,40391,36756,43569,42022,49940,48198,50644,50425,52752,52671,53654,56267,51068,58388,51847,55192,53803,47249,60561,28727,39300,22594,25428,17818,23972,11139,21009,4618,12797,378,4101,0,0,3,1,0,0,20250603
202505,2호선,강남,139,4,8490,11704,18191,55157,40635,151752,61611,306968,55740,319049,58759,155727,76646,106351,93582,103280,108093,118515,119795,108577,144438,103252,170141,113401,249389,143024,311231,172857,208710,104727,161850,64938,178635,54289,156240,45503,70626,25367,11752,7025,8,106,0,0,0,0,20250603
202505,2호선,강변(동서울터미널),31,1,8980,1802,22367,24247,64876,25268,99819,41576,76909,37318,63534,35141,55154,34405,51366,38279,48325,42591,44183,47076,48584,56055,52126,59473,55929,74124,59156,94109,40830,64847,33152,47412,26709,38753,18144,33988,7096,18280,787,4606,1,85,0,0,0,0,20250603
202505,2호선,건대입구,378,9,16590,1903,23580,14877,54172,24441,91550,60035,67987,51599,46085,51011,43960,53194,51483,60291,55338,64816,59498,66122,64738,72953,75531,85655,84565,113716,92167,154544,73348,108413,75663,72995,83655,67858,80415,60311,50078,36375,7946,12522,15,1076,0,0,0,0,20250603
202505,2호선,교대(법원.검찰청),24,0,2755,6705,11558,28338,25517,57465,36188,155736,31171,128133,29110,69411,34072,59193,37635,54911,44777,59688,52138,52745,55038,51186,59929,52598,94798,66083,128759,70127,62953,42298,53620,27764,52583,25127,38648,24102,15866,13273,2939,3656,0,34,0,0,0,0,20250603
202505,2호선,구로디지털단지,388,11,40599,5141,53823,20559,137245,79454,180922,210712,118912,133589,76414,57777,69126,48057,74521,53744,73275,67402,66673,64942,72759,70549,86910,86222,134497,115126,190796,161793,98165,126461,62949,88918,52039,90865,40254,86378,19015,50801,3477,14434,6,249,0,0,0,0,20250603
202505,2호선,구의(광진구청),81,4,13964,1409,28639,13291,73614,19677,117430,42636,76845,24550,45090,23741,37151,23339,38311,27267,37708,30920,35754,33129,36140,41576,41323,48216,42575,65845,48193,100012,27506,71832,21716,51940,20109,48934,16810,44683,8844,25554,1377,7613,5,143,0,0,0,0,20250603
202505,2호선,낙성대(강감찬),47,3,11995,2390,28316,10189,83246,20228,122335,41779,82536,36438,48832,31015,41591,27674,46207,30619,45160,32116,40117,34306,41241,41067,43618,48090,49967,65788,53483,98581,31902,82662,26091,58031,23150,56344,17156,56297,9122,34502,1679,9791,0,117,0,0,0,0,20250603
202505,2호선,당산,44,7,8621,3683,19238,15147,48751,28604,59037,72052,37774,35539,29650,18287,27986,17910,28506,20780,26879,23965,24263,24268,26158,29126,32054,36204,44304,52975,56079,75204,28282,50742,22383,36434,21313,34904,18175,32089,9441,21408,1461,5314,6,159,0,0,0,0,20250603
202505,2호선,대림(구로구청),786,45,37601,3587,31008,10980,66737,23168,96152,51590,66601,36708,44717,35272,38158,37590,40240,35892,39568,35755,35904,36788,37059,45977,40055,53873,44726,65951,48975,70086,26701,52374,20474,41779,15503,52106,11324,47072,5623,24007,811,5796,1,168,0,1,0,0,20250603
202505,2호선,도림천,0,0,448,375,1422,990,3419,4284,3636,5726,2393,2367,2561,1468,2199,1642,2199,1968,1893,1821,2301,2060,2489,1591,3108,2038,3228,2619,3540,3307,1528,2683,1044,1961,876,1651,548,1282,217,941,37,282,0,10,0,0,0,0,20250603
202505,2호선,동대문역사문화공원(DDP),330,19,5310,1247,4089,9567,7132,22198,13370,46746,16672,33817,18439,34424,21080,35907,25068,35965,27166,36369,31281,37341,38676,35742,45003,34146,50621,36018,49258,38019,33963,34670,28530,26844,27230,22538,19118,19114,11212,11636,2108,3452,5,76,0,0,0,0,20250603
202505,2호선,뚝섬,12,0,3560,2288,9722,16029,19404,40663,26716,134473,18431,95999,17574,50516,20925,44876,25787,45580,31651,47247,38310,42797,48555,42917,59463,43617,89626,46537,134738,51781,76292,31106,57482,18079,47692,15420,29851,13062,10912,8562,1622,2720,2,45,0,0,0,0,20250603
202505,2호선,문래,7,0,4669,2998,15162,11567,43012,40101,50429,127645,30055,61691,23368,28146,22295,24726,27684,27928,28157,30189,29157,29537,31090,31661,37804,36382,64520,46157,106630,65600,41778,43556,30776,24511,34365,21934,27695,19434,13763,11072,2118,3700,2,125,1,0,0,0,20250603
202505,2호선,방배,6,1,2810,3647,9245,13246,22742,28253,31340,76791,24800,61266,20359,35421,22225,27209,25166,29015,28251,26197,31446,26058,36555,25638,43800,26725,53212,34056,62976,36774,31286,24928,24999,17875,24834,16389,20799,16869,8142,9821,1648,2888,0,15,0,0,0,0,20250603
202505,2호선,봉천,113,3,15400,1536,29675,7095,83043,13999,121427,28468,78359,23070,45984,21490,39617,23823,40848,25985,39099,28885,34674,31761,33478,40323,34630,47892,34628,62065,33881,90734,21719,72131,18476,48262,15408,46350,11744,43388,5331,25348,957,8059,5,653,0,0,0,0,20250603
202505,2호선,사당,122,4,13469,4328,32521,37753,81040,51568,103933,74369,80359,56865,56707,50100,53505,61113,59732,61787,63059,59812,67493,59623,68190,72140,73420,94571,85765,136824,101512,178370,73280,120439,71470,78193,76414,74320,70541,71816,39224,44107,6716,12836,5,730,0,0,0,0,20250603
202505,2호선,삼성(무역센터),86,1,4678,5644,7230,52393,14697,137520,20071,302161,21421,245448,26131,127270,40411,92499,54259,84672,69872,90403,87748,77239,111128,66348,146099,63593,230119,66544,276380,61498,149192,35100,121106,20475,99291,15909,64284,12704,16206,6777,2203,4594,0,1052,0,0,0,0,20250603
202505,2호선,상왕십리,25,1,6323,882,14803,6953,41154,12131,63942,30077,37723,18729,25298,14554,22092,14148,23525,15506,22714,18121,20952,19308,21602,23636,23600,28992,26253,37496,26835,54350,19605,36811,12905,25987,11372,24385,7775,22910,3226,13832,512,4385,0,23,0,0,0,0,20250603
202505,2호선,서울대입구(관악구청),4258,35,27615,2787,46068,15611,124049,29150,170547,72373,120968,68500,74493,57806,65404,49493,75463,54055,73371,60011,69356,60013,74230,69720,80340,80916,89583,111455,96029,165995,58641,133076,51214,89584,51829,86755,44463,87417,24531,51057,4271,20923,0,3276,0,0,0,0,20250603
202505,2호선,서초,5,1,1804,4842,9320,25650,18340,53083,29875,109425,28200,83140,22105,42959,30497,33795,28784,27239,36641,29835,35719,30140,46041,27989,51971,29251,75703,29189,92055,29655,41288,20581,30968,12920,30644,11790,18949,11737,6284,6435,1009,1612,0,23,0,0,0,0,20250603
202505,2호선,선릉,143,5,4649,5858,12333,44418,23634,125846,37281,265441,37393,202343,41600,99972,51313,69464,63338,66080,72186,76409,79990,60667,105524,54070,131743,54377,204232,60939,273669,60188,140327,39237,93406,26356,85434,23414,71676,20827,25532,11985,3957,5011,1,162,0,0,0,0,20250603
202505,2호선,성수,69,0,5165,4920,9313,37082,21038,74288,28346,236784,24711,159587,24426,112195,30492,107655,43143,111190,58082,117160,74790,114559,98343,112591,128198,103270,180750,98363,269583,91571,157860,53614,132538,28278,107249,20134,69452,15799,24153,12380,3308,6078,0,943,0,0,0,0,20250603
202505,2호선,시청,15,0,1168,2277,2366,22008,5205,73478,8943,215021,13926,90509,19917,34323,26277,30570,27271,29901,32842,32173,39949,27242,47298,23542,60413,22138,105949,25177,163483,23848,61271,13491,49613,9250,43061,8947,25891,7658,9497,4657,1200,1523,3,74,0,0,0,0,20250603
202505,2호선,신답,17,2,1198,53,2155,691,6263,1038,10164,1622,4601,1090,2889,1080,2475,1136,2305,1522,2376,1617,2068,1994,1841,2907,2155,3699,2314,5054,2068,9542,1058,6478,662,3532,565,3945,405,3193,179,1883,34,503,0,0,0,0,0,0,20250603
202505,2호선,신당,44,10,6046,1269,11874,7822,30838,16375,51085,30751,30645,22365,22451,19324,22428,21918,24105,22699,24973,23499,24998,24816,26287,27490,28851,32258,31516,41846,33907,57026,23799,38149,19720,25836,17776,23758,16318,20777,8292,12928,1558,3873,3,48,0,0,0,0,20250603
202505,2호선,신대방,254,6,25256,2138,36344,9673,88859,15654,128135,25606,85102,20366,49381,21281,40638,22878,41423,25594,39889,29402,35136,33659,35183,42718,36762,50007,37659,63593,33593,92789,22302,77634,17715,56662,14334,60365,11024,56550,5528,33180,877,9464,3,236,0,0,0,0,20250603
202505,2호선,신도림,4156,23,37897,5488,56724,21017,140184,44591,149686,103549,97591,77747,69916,64930,68351,67421,76348,67453,79110,73922,81117,72359,84549,82737,90828,96571,109298,122577,124784,173813,77922,120498,69856,78124,57110,73955,46964,71075,24281,52039,2844,22735,15,2837,0,0,0,0,20250603
202505,2호선,신림,211,18,37804,4241,70119,18771,178057,31154,262534,45816,168850,45771,98694,43605,83752,48827,89398,54637,83503,61616,76459,67856,74697,85669,79313,105203,80685,141037,81474,221035,56677,187123,49723,131918,45933,127680,38774,118867,21867,76829,4591,25161,10,462,0,0,0,0,20250603
202505,2호선,신설동,51,0,1136,307,1628,1953,4956,5503,8905,13432,6010,9638,5678,8763,7031,7892,8500,7842,8559,8320,9202,6954,9381,6398,10521,5872,12719,6309,13103,7800,4850,5445,3203,4293,2758,4013,1913,3966,864,2407,97,865,1,158,0,0,0,0,20250603
202505,2호선,신정네거리,135,2,9192,883,18693,2390,49830,4555,45899,12067,27083,9010,19438,8056,17372,9342,17482,10813,16025,12978,13722,14384,12418,18549,13625,24157,13000,32035,11811,49046,7717,35070,6065,21693,4846,19134,3726,17770,1654,11072,355,3345,1,147,0,0,0,0,20250603
202505,2호선,신촌,119,2,8307,2856,15308,14846,35791,35798,53013,88131,41893,99335,43285,78480,51197,71078,62854,72884,68535,80369,70596,71505,80227,67234,95100,74133,109439,93447,105573,120243,75224,81568,79450,52331,83527,47568,82575,42633,42050,28486,7291,7436,12,246,0,0,0,0,20250603
202505,2호선,아현,14,1,4936,1078,12019,5735,29424,12150,42556,21386,26326,14952,19594,12782,18513,11299,20029,13636,18438,15282,16948,15887,19694,17989,22667,20955,22658,27072,21347,34599,13647,25361,10352,19266,8463,18053,6387,16496,2487,9309,366,2848,1,49,0,0,0,0,20250603
202505,2호선,양천구청,29,0,5305,811,12325,2881,32451,5620,30528,9319,18751,5436,13590,4615,11950,5765,12033,7141,10570,8819,8897,10034,8741,12480,9966,15778,9717,20731,9003,29955,4319,23571,3368,15313,2527,13622,2330,11481,761,8152,148,2658,0,12,0,0,0,0,20250603
202505,2호선,역삼,29,3,3734,5559,9009,44350,16347,150066,26500,340448,25202,282350,27042,114576,35191,64126,41605,58539,49260,62455,59750,49795,75545,43518,99233,42972,211389,51906,253506,56628,141925,36458,83706,24399,77918,20857,51891,17655,19379,10633,3356,3348,2,44,0,0,0,0,20250603
202505,2호선,영등포구청,60,1,5450,3758,13747,15126,39684,40025,50853,120631,33572,56112,25713,30220,27142,27426,29785,28030,31833,30481,32117,28056,34901,30182,40514,34047,59677,41915,98716,58861,38733,39677,29772,25686,26669,22932,19189,21321,9171,14257,1585,5019,5,191,0,0,0,0,20250603
202505,2호선,왕십리(성동구청),620,2,6754,946,10080,9483,26177,14468,43793,27577,28687,20447,21652,16728,21262,17536,24933,20163,25334,21937,25241,22469,28072,24656,34434,29513,37598,39637,36912,56401,25661,35384,24478,25289,25886,22891,26369,22061,16400,14658,3541,5662,1,58,0,1,0,0,20250603
202505,2호선,용답,15,0,2295,447,3767,1477,8460,2033,13666,3806,7864,5245,5921,3253,5139,3038,5553,3458,5560,4251,4947,4068,5007,5123,6645,6570,6335,7824,4838,11445,3126,7621,2267,5804,1662,6816,1331,6772,585,3803,146,1140,0,0,0,0,0,0,20250603
202505,2호선,용두(동대문구청),38,1,1071,101,1969,1018,5409,2689,8835,5221,5465,3507,4503,4129,4256,3728,4849,3612,4893,4486,5111,4318,5694,4919,5495,4941,5224,6022,5523,8595,2589,5811,1934,3782,1627,3553,922,2667,346,1775,82,578,0,7,0,0,0,0,20250603
202505,2호선,을지로3가,40,0,1394,2083,2843,22959,7037,70798,14214,161451,19995,66310,25003,34714,27796,30331,29271,29128,31752,32789,36904,29778,41070,30655,51049,36043,93454,42408,132955,47610,56967,31022,45404,21159,48612,18536,41576,15941,24164,10010,3838,2401,2,42,0,0,0,0,20250603
202505,2호선,을지로4가,14,0,1343,1172,2416,14718,6244,34805,12718,71842,15411,37595,19085,26169,21708,26042,22756,23997,24718,24376,26905,23129,30881,21994,37050,21282,61708,22144,65207,21683,29470,15153,19813,11909,16948,12121,12381,11143,6068,7204,1193,1742,1,19,0,0,0,0,20250603
202505,2호선,을지로입구,107,2,2642,3131,4949,32754,11059,124131,18345,314150,28658,163289,36246,91911,45733,78951,52090,70123,63777,73263,73852,64746,87335,65939,106433,69428,175068,76875,262152,76225,133239,51572,129635,38019,89877,31325,72839,24298,31363,13497,3807,5616,6,899,0,0,0,0,20250603
202505,2호선,이대,14,0,3576,958,10009,7176,27670,16437,37808,46043,25361,56749,22515,45074,24499,30614,31707,35756,31366,38122,30959,29788,40357,31045,42943,32432,53879,39557,47911,50118,30094,34397,26648,25298,27369,25903,21005,25376,8040,18430,1148,5243,0,191,0,0,0,0,20250603
202505,2호선,잠실(송파구청),86,2,14353,5445,53528,39897,120887,85675,164687,190173,122439,177611,92396,138323,93973,134938,111434,135710,122813,145228,138178,145685,170212,159459,193102,172105,222565,206439,250428,246031,184702,164466,180536,114273,167358,102368,112739,90051,36153,50473,5162,10581,2,73,0,0,0,0,20250603
202505,2호선,잠실나루,9,0,3664,3175,13926,19920,39265,23007,48400,36930,32276,23194,26786,17934,25190,16291,23720,20251,21874,22245,22742,20430,25707,22154,34099,24218,38671,30152,30034,41146,15336,29705,11531,19355,8631,18567,6076,17661,2951,9778,436,3030,1,25,0,0,0,0,20250603
202505,2호선,잠실새내,66,0,6161,1058,19957,9162,62924,18166,84157,28945,55682,31570,40686,26504,37459,30425,38843,36383,37886,39564,35172,42249,37331,49921,41648,59771,44987,73794,45943,88728,34894,60509,30750,39952,31706,35649,31087,32404,16873,18555,2867,5618,1,45,0,0,0,0,20250603
202505,2호선,종합운동장,13,3,1704,1452,6263,16145,17516,22123,22842,32687,16424,16228,13351,15116,13199,17805,15481,42411,16843,62749,15246,26486,21439,38420,57639,70463,63348,101741,23507,94057,30066,27044,50127,13572,114425,13729,58132,11822,5120,5798,481,1735,0,94,0,0,0,0,20250603
202505,2호선,충정로(경기대입구),20,1,3689,1056,6917,6862,15996,24789,22661,59253,15786,26454,12913,12837,12922,11721,13930,11691,14160,14585,13814,12773,15181,13163,18836,15039,32159,18274,45149,22014,15600,15111,10951,11616,9607,11410,6133,10682,3099,6890,602,2068,1,78,0,0,0,0,20250603
202505,2호선,한양대,1,0,1344,651,2942,7720,6033,14111,8743,66052,7162,55973,9671,54277,15131,20173,20219,41310,18752,26969,26061,23891,34057,19073,45510,16520,54181,20718,41197,24584,22398,13885,21091,9417,23034,8271,17326,7305,16274,5177,3522,1721,1,14,0,0,0,0,20250603
202505,2호선,합정,185,17,11909,3286,17765,13788,39038,31248,50573,90099,35295,84552,29357,54625,33013,53231,38324,57922,42813,64259,45806,59402,50712,60723,60380,71649,79671,88839,111907,116571,79303,79595,69924,47956,75833,39354,71117,34947,38513,24582,6153,9169,1,192,0,0,0,0,20250603
202505,2호선,홍대입구,1148,32,29933,3515,31942,18758,60033,42726,79459,110293,66100,154977,64290,129889,72973,153820,85710,176253,101365,194618,114424,185794,140795,186115,174517,193407,201530,221181,219103,248832,191402,179127,194290,120147,218162,99818,208083,81948,107786,57943,13496,20937,8,2201,0,0,0,0,20250603
202505,3호선,가락시장,50,16,3155,797,8052,6226,22115,11540,23397,25789,18026,13748,15844,10550,14538,11552,14443,12440,14928,13178,14458,13579,15596,15963,16644,17101,20319,20824,25879,25552,12020,18740,9522,12849,8623,11145,5968,10196,2408,5547,407,1856,1,47,0,0,0,0,20250603
202505,3호선,경복궁(정부서울청사),29,12,2633,1734,6631,16062,13707,43888,21925,142874,22214,119580,23097,88120,34248,85196,44473,73292,55270,73233,68546,60656,84259,51729,97024,46561,112111,43884,126771,43860,58934,26762,55285,14705,47791,12055,29278,10407,10653,6088,1176,1589,2,48,0,0,0,0,20250603
202505,3호선,경찰병원,10,0,3109,280,8389,3415,23311,9830,26426,25295,16499,14498,12994,8877,11606,7368,10699,8757,10594,9814,10752,9678,10937,10133,10860,11134,15318,16625,17800,22385,7293,17183,6122,11088,5146,9449,3305,8961,1041,5389,135,1488,0,0,0,0,0,0,20250603
202505,3호선,고속터미널,174,2,5928,4376,8519,38826,27061,56106,49154,82406,58216,107017,65718,110415,79922,118133,93257,111912,102192,111560,118553,116944,134254,122930,144734,121789,156581,126748,149992,127919,131548,80952,144748,54214,98390,41865,59497,29486,21544,14204,2123,2619,0,0,0,0,0,0,20250603
202505,3호선,교대(법원.검찰청),70,1,2057,922,5121,7691,13062,19254,16425,46638,14450,34062,16605,17837,20230,12825,22848,12784,27216,13086,31124,12068,32633,11392,34327,12373,52373,17211,69006,20003,34308,11171,31138,6909,29071,5733,21148,5080,8475,3094,1398,1009,0,6,0,0,0,0,20250603
202505,3호선,구파발,227,5,12912,1847,35304,12548,82499,23095,82241,30774,48558,29011,35746,30227,35101,28730,35842,29461,34809,32389,35298,33998,39073,34428,42697,42259,41792,51310,31777,75064,22028,60387,17543,37679,15427,33338,12231,30500,3225,20905,595,8486,0,547,0,0,0,0,20250603
202505,3호선,금호,64,8,4438,679,10586,2793,26847,4950,36977,9824,24070,7325,16166,7212,13997,7621,13591,8929,12580,10538,11111,11605,10724,14455,11314,17869,12435,22058,11802,30364,8531,21650,6538,15557,4889,13630,3856,13190,1866,6930,400,1789,0,0,0,0,0,0,20250603
202505,3호선,남부터미널(예술의전당),38,2,3194,1461,9489,32378,29690,66687,45056,151157,40134,86677,38541,51916,42670,38543,44292,41296,47971,48063,48368,47350,54487,47239,69561,51749,105855,57668,131136,64497,62387,42857,44893,26334,41259,21175,31004,17625,8394,10498,939,2660,0,7,0,0,0,0,20250603
202505,3호선,녹번,68,4,10206,509,25859,3805,69002,8300,76154,16474,45156,11515,30269,10095,25969,10944,25206,13389,22317,15241,18980,17633,18260,22919,18983,29671,19246,37966,19543,61983,10417,49309,7859,31186,6190,28649,4578,26226,1691,14816,236,4244,0,0,0,0,0,0,20250603
202505,3호선,대청,127,5,3981,1128,12679,7140,32310,19243,38753,26250,22611,12456,17496,9290,16031,9305,15482,10763,15832,12365,14801,13159,19158,16620,21333,18219,24682,23543,25672,30446,11593,24516,8798,18001,7221,16455,5554,16751,1868,8625,326,2883,0,10,0,0,0,0,20250603
202505,3호선,대치,14,0,3070,736,13493,8547,30416,19199,30728,28136,20312,19211,16286,13600,14897,13085,18050,18598,18364,21989,17031,19040,18053,24075,20112,29731,32358,34597,28872,34152,18014,24732,13428,14955,16824,14485,37936,12057,3877,7311,386,2267,0,1,0,0,0,0,20250603
202505,3호선,도곡,52,8,1364,424,5102,4952,12801,15456,16170,21731,10404,16443,9016,8766,8754,8502,9221,7606,9206,8694,9387,8371,12531,9131,14241,9665,17488,11567,17939,13682,9381,10791,6943,6761,6266,6584,4912,5644,1338,3407,161,2179,0,382,0,0,0,0,20250603
202505,3호선,독립문,181,0,4918,946,6693,6636,15800,15712,19935,24538,17151,24013,15565,21904,16499,15385,18729,14662,16610,15731,17515,15142,20336,14713,20740,15251,19104,16222,17484,18173,8724,14314,6656,10017,5171,9066,3829,7762,1304,4943,176,2236,3,537,0,0,0,0,20250603
202505,3호선,동대입구,21,1,1616,1247,3086,10269,4813,16538,8302,63439,8746,42415,10503,42354,12970,32186,14608,27804,22747,32204,24753,23278,26245,21834,32744,23569,44851,28775,45414,27919,24238,13478,30635,7340,30848,6954,27248,4896,8209,3075,739,1111,0,52,0,0,0,0,20250603
202505,3호선,매봉,18,0,2052,807,7612,10303,18813,23019,22642,71753,16821,32173,15959,17599,15613,16745,16037,14977,17516,14392,19547,14455,21603,15345,23900,16493,38608,21755,56117,25025,20099,16398,15515,11051,16595,9654,10151,8918,2989,4727,396,1554,0,53,0,0,0,0,20250603
202505,3호선,무악재,7,2,2022,154,5738,1346,15844,3241,19284,5743,12315,4299,8874,4039,7873,4186,7442,4947,6640,5581,6174,6075,5505,7709,6168,9337,6712,12115,6602,16710,3447,13202,2461,8720,2139,8137,1378,6933,629,4855,71,1223,0,0,0,0,0,0,20250603
202505,3호선,불광,30,0,10620,1508,20214,7673,52187,11908,62251,32864,39900,31269,30121,26895,28229,26769,29531,29143,29760,32183,29993,31155,31057,34498,32662,38816,31920,43854,31317,60845,18334,47128,15020,30146,12082,27084,8324,24095,3755,14170,622,4730,0,0,0,0,0,0,20250603
202505,3호선,수서,143,4,4855,2761,13778,17890,38880,35719,47501,56116,33423,36102,40427,26412,30184,22516,36642,27655,33108,24189,26113,26004,37365,31212,40112,34167,48861,40906,52565,52919,24868,39613,25461,29179,16822,25124,16806,23811,7592,9611,626,3656,0,248,0,0,0,0,20250603
202505,3호선,신사,53,7,3381,1723,6695,16648,11804,40912,18198,98984,16994,129688,20414,68151,25688,48076,30013,45523,35770,48357,42571,44360,50245,40784,59944,42940,85561,51785,116115,61166,84867,33530,57759,19317,55905,15303,46469,12609,19644,8489,2678,3332,1,2,0,0,0,0,20250603
202505,3호선,안국,20,2,1585,2154,3181,26240,6410,89396,10953,120467,14630,96128,18202,83559,28488,87007,42812,73582,49896,72804,64765,67992,83094,55716,110397,46922,133921,39165,130166,32840,66130,16327,55072,8616,44292,7113,22900,6000,7687,3171,767,1001,0,0,0,0,0,0,20250603
202505,3호선,압구정,64,0,3175,2225,8364,24997,16340,48541,24908,130884,22095,145366,27410,80316,33837,66251,40852,54554,46245,57135,56355,51952,63924,49353,74210,51075,95724,59156,127599,59438,88965,33982,73080,18391,53640,14868,39733,12254,11748,6822,1724,2396,0,222,0,0,0,0,20250603
202505,3호선,약수,90,5,6470,1178,10664,6696,25639,15064,36195,31796,26575,21668,20656,16766,19134,16925,21099,17046,21712,18121,20973,20213,22323,22114,24272,26072,27870,31255,30650,41971,19979,26703,16175,19559,15695,17105,11976,15652,5520,9310,905,3652,2,497,0,0,0,0,20250603
202505,3호선,양재(서초구청),47,3,5326,2915,14995,42183,37839,108933,47286,217754,34768,117021,33886,56632,35567,48134,40521,44295,46574,48477,51595,43350,60569,44825,78445,47773,129142,65182,180770,75803,84454,50055,63535,33228,57105,30037,36645,26521,12731,14599,1338,3870,0,15,0,0,0,0,20250603
202505,3호선,연신내,297,12,25987,2467,50803,14774,116843,29860,144209,45298,90919,42391,65969,39685,61862,42156,67156,44563,60961,48216,56594,52111,59026,63792,65892,74874,61088,91997,57753,133709,40923,106790,33146,68762,29005,65220,23903,54325,12118,35838,2015,11512,0,12,0,0,0,0,20250603
202505,3호선,오금,18,1,4722,14,9745,2543,29593,6421,30444,12000,16719,6352,10944,5312,8578,4906,8891,6050,8569,6617,7443,6995,7413,9155,9072,10819,10720,15433,11291,22001,4845,16357,3887,10673,3409,9349,3202,11010,842,5505,121,2058,0,0,0,0,0,0,20250603
202505,3호선,옥수,130,0,3178,964,9406,4636,23327,8113,31820,13474,23336,11245,16569,9166,15617,11079,15330,12692,15141,14471,14994,15072,15518,18349,16883,20911,17842,27657,17606,34358,12197,24862,10346,17848,8904,15468,6084,14228,2567,6836,391,1923,0,1,0,0,0,0,20250603
202505,3호선,을지로3가,15,3,754,1133,1622,9848,3972,34323,8647,74043,11801,30529,13041,16328,13550,15221,13869,15434,15182,16615,17800,14763,19824,16062,24086,18385,44618,22891,67000,24739,27973,15689,21607,9329,22613,7208,19109,5396,10980,3860,1515,790,0,3,0,0,0,0,20250603
202505,3호선,일원,9,1,2578,1625,9526,12917,26106,35463,25958,26291,19874,20087,19308,17005,19195,13307,19193,14803,17210,16799,18537,15743,24457,15392,30256,15435,38190,17523,19517,23026,10847,18633,7392,13094,5624,12136,3954,13128,1571,5446,148,1780,0,13,0,0,0,0,20250603
202505,3호선,잠원,2,0,1451,1026,4829,9326,14068,7686,19215,10028,12504,7442,9503,5565,9017,5269,9309,6708,9414,8021,7794,7716,9476,9105,13594,9253,12767,12442,9699,15143,6302,10411,4635,7385,4459,7528,3061,7855,967,3907,169,1187,0,1,0,0,0,0,20250603
202505,3호선,종로3가,23,1,1150,1106,1449,7185,2273,16469,3570,40163,6396,42976,9345,37720,11756,33630,14791,31185,17493,29981,21016,29039,24988,27464,30982,27132,42506,27607,52555,26062,31352,15609,24133,9739,27032,7403,23144,5276,11021,3301,1399,1059,0,18,0,0,0,0,20250603
202505,3호선,지축,24,0,3381,841,12164,4358,31709,6530,32930,12382,18326,8731,13134,7043,11119,6862,11746,8254,10766,10001,10443,9991,11080,12698,11811,16229,12561,20676,11794,31053,8237,23984,6497,16278,5781,14673,4406,12424,1924,6885,311,1222,0,0,0,0,0,0,20250603
202505,3호선,충무로,0,0,0,0,0,0,3,0,1,0,0,0,5,0,6,0,10,0,9,0,6,0,5,0,25,0,24,0,14,0,19,0,2,0,7,0,6,0,5,0,1,0,0,0,0,0,0,0,20250603
202505,3호선,학여울,4,0,715,235,2127,1983,4657,3433,4748,7379,3830,5521,3105,4655,3163,3911,3560,4162,3569,4974,3958,4213,4686,3993,6542,3978,8354,4455,7852,4948,2994,3817,2076,2647,1658,2413,1229,2275,354,1291,41,416,0,0,0,0,0,0,20250603
202505,3호선,홍제,75,1,10742,1336,25380,7566,63350,12323,70059,26801,48113,23075,35690,22669,33189,21798,34685,22423,32613,24368,30214,28162,30981,32759,32517,38659,32689,47807,29653,64389,17406,50262,13784,33111,10877,30594,7838,25502,3227,16116,511,4014,0,0,0,0,0,0,20250603
202505,4호선,길음,17,1,11254,1718,34773,8033,86048,15893,91265,36131,54333,28243,38169,26008,34433,28257,35002,27007,34123,31147,32129,32704,34032,35342,38150,44575,38212,60426,36722,80995,20685,63598,16707,41578,13552,39173,13928,38170,5996,22184,799,5531,0,1,0,0,0,0,20250603
202505,4호선,남태령,18,0,621,62,1026,1934,2293,6010,3892,5477,3152,1885,2691,1469,2657,1586,2807,1684,2475,1518,2289,1514,3064,1690,4237,2004,5311,1880,4090,1934,1687,1519,1026,1596,845,1194,553,1171,192,565,29,145,0,0,0,0,0,0,20250603
202505,4호선,노원,288,4,13449,863,25447,10016,53919,15782,56815,35833,37583,36506,31004,28198,32019,29150,35685,32605,34943,36841,34838,36929,38041,42182,40001,49810,40023,63892,39240,86127,29831,68561,30707,42851,28607,38437,24893,33094,12017,22399,2542,7896,20,795,0,0,0,0,20250603
202505,4호선,동대문,243,12,4532,2050,3017,15629,5441,34158,8044,62607,13988,63403,20462,60705,27159,58475,34139,49489,41112,47463,51065,43764,59223,37788,71770,29731,83551,23308,57459,19811,34993,19910,27705,14651,28090,10895,15833,7959,8073,5421,1150,1355,5,152,0,0,0,0,20250603
202505,4호선,동대문역사문화공원(DDP),364,10,5820,1503,4953,13549,9121,29656,14424,63747,18330,40972,20111,34378,22925,34327,26016,32735,29556,32579,36236,32099,45144,30227,53690,27898,70659,29550,80373,29858,49245,29586,42539,21336,39547,18101,29477,16200,15851,10844,2419,3326,5,182,1,0,0,0,20250603
202505,4호선,동작(현충원),5,0,257,2153,908,8170,2371,3666,2511,7278,2576,4649,3428,3879,3734,3262,3138,3296,3162,5001,3540,4163,4401,3922,9318,3540,9287,4116,6690,4773,3568,3430,3481,2972,3173,1508,2131,1106,870,606,131,379,3,111,0,0,0,0,20250603
202505,4호선,명동,53,6,1854,1083,4202,28335,8948,56680,17337,129291,32040,102295,37003,72628,45291,76267,47969,84657,52412,81542,64577,75821,84003,77004,102286,76828,107597,78762,140311,72478,87449,57592,81311,46825,80610,33857,76108,20082,33273,9680,1998,2796,2,117,0,0,0,0,20250603
202505,4호선,미아(서울사이버대학),49,2,12726,1681,22320,6471,48910,18457,52786,43002,36642,22082,28836,18682,28504,22393,29328,20055,27474,22084,27853,24058,27477,28897,33007,32552,32295,38630,31040,47632,18307,40563,13714,26445,12801,24441,9692,21383,3209,14184,491,3895,0,0,0,0,0,0,20250603
202505,4호선,미아사거리,101,12,15140,3036,36870,9418,85128,22165,95156,35364,61584,32136,45700,30090,43100,31896,44301,34088,43682,37788,41966,40675,45099,49884,50825,59149,43878,72118,43988,95268,31594,73587,31008,48278,19098,43538,13642,38291,6460,22911,1009,4815,0,4,0,0,0,0,20250603
202505,4호선,불암산,76,1,8770,40,18435,4868,44365,7023,36817,10702,24785,11496,18628,11014,17084,10113,17073,10977,16221,11296,14881,12628,14157,15539,14533,18438,13663,20731,12631,26412,8360,25093,5817,17740,4833,16281,3261,14947,1552,10226,324,3437,0,439,0,0,0,0,20250603
202505,4호선,사당,173,28,11832,1359,28763,19786,67837,26567,79368,37387,65054,29304,46717,26618,40577,33771,42890,34175,43858,31574,42403,31042,40569,37810,42570,49349,49876,69805,51635,96972,35660,61984,33189,39176,35897,36533,32084,33592,15858,23079,1919,7515,3,687,0,0,0,0,20250603
202505,4호선,삼각지(전쟁기념관),1,0,664,473,2299,5567,6923,12026,10870,22432,7132,12011,5797,10759,6679,13186,7933,13693,9239,14098,9928,12528,11095,13101,12887,15904,16791,20839,25265,26418,12521,16517,13820,9091,16249,7274,14293,5923,7746,4089,921,1503,2,45,0,0,0,0,20250603
202505,4호선,상계,76,4,15986,258,40771,7863,84605,19302,73147,21962,47977,18971,35956,18163,32963,19066,34731,23319,32335,24251,28214,26112,28544,32422,30467,40191,29168,49175,25870,66894,17753,60957,13939,38619,12643,34683,12143,30891,4005,20877,600,5886,11,729,0,0,0,0,20250603
202505,4호선,서울역,198,10,5234,1050,6570,18948,12848,43196,16175,90786,14706,58783,14177,33964,15887,34928,16601,39151,15993,38552,16525,36233,19109,40602,24082,44346,46721,48452,61181,47633,23982,36313,17348,27751,14956,26962,10839,22316,5017,10974,566,3114,0,285,0,0,0,0,20250603
202505,4호선,성신여대입구(돈암),57,11,6738,1687,20584,7595,47969,18127,56234,45526,41825,31959,34193,26071,36009,38931,40310,31854,39638,33834,43219,38147,42842,37980,46065,45661,54511,57578,53531,70931,35828,55774,33004,39316,33927,37797,30333,34938,14465,23743,2417,6593,1,14,0,0,0,0,20250603
202505,4호선,수유(강북구청),110,7,23684,3404,48119,12432,110695,22570,121571,55444,84462,40931,61979,33225,58722,35707,60600,38771,58419,44399,54441,47953,53114,59292,57958,75432,58734,90780,65398,122796,40033,106986,31621,73836,27935,68342,21902,62865,11886,43190,1769,10690,2,9,0,0,0,0,20250603
202505,4호선,숙대입구(갈월),16,3,3376,874,8567,9331,19072,23865,27841,52415,22125,34755,19221,28196,19998,26317,23532,22129,24942,24247,26108,22986,31200,23115,41621,27444,43838,35221,50585,42741,28540,27198,26739,18588,27911,17576,22780,16440,10918,10561,1328,2182,0,25,0,0,0,0,20250603
202505,4호선,신용산,4,0,1594,1330,4298,15463,12078,43061,18758,93652,18263,70653,16062,37753,22491,36058,24254,38496,29352,38567,28753,36262,38831,37387,49329,41715,71567,48751,96554,52727,50824,30835,45101,19053,43451,14183,33410,9944,14239,5194,1536,1295,5,55,0,0,0,0,20250603
202505,4호선,쌍문,255,15,26049,1285,54756,9837,121781,16550,127222,29273,81407,23949,58559,21927,52060,24791,51558,29028,46687,32554,40866,35954,38354,47498,40249,59907,39216,74853,34562,103117,24486,94796,18826,63242,14636,57570,10987,52246,4924,35435,708,10274,2,98,0,0,0,0,20250603
202505,4호선,이촌(국립중앙박물관),28,1,1331,959,5417,8788,12700,13802,18550,28662,13386,26554,11363,24140,14721,21968,21426,23505,20538,27013,22710,25749,27828,23826,35472,20873,35991,19714,31202,23326,12291,15423,10030,10323,8770,9509,4780,7962,1858,4468,202,1344,0,93,0,0,0,0,20250603
202505,4호선,창동,1899,46,18090,2757,39891,14994,87561,23384,82122,48303,56268,39602,47725,35515,46572,35145,48207,42167,45134,49218,43258,51074,47853,55468,53964,62312,52609,73929,54218,94495,32736,78131,25772,49713,21856,43534,17329,39823,7910,24687,1405,8624,1,263,0,0,0,0,20250603
202505,4호선,총신대입구(이수),101,8,6549,1188,18373,12542,48449,19771,60659,41892,41295,31825,33105,26953,31843,27274,33857,31250,35012,33851,32553,35425,34030,41996,35749,49015,40059,59758,43676,79567,27495,49372,25397,30766,21449,27085,17118,23314,7810,14040,1168,3648,12,675,0,0,0,0,20250603
202505,4호선,충무로,97,7,3721,2872,6229,24615,12713,61490,22306,178753,29247,107739,34194,67103,36549,56316,36661,52901,44152,52463,51025,45702,58348,42561,71976,45140,109872,50732,154943,53526,71808,33784,59764,24922,56070,25269,47130,23871,28665,16044,5411,4394,11,204,0,0,0,0,20250603
202505,4호선,한성대입구(삼선교),52,1,7129,1565,13879,9988,30594,19710,37012,33554,28710,31991,23105,26213,22216,27533,26056,26255,27888,27144,27544,27738,31962,26284,39122,29486,41915,35507,36410,38201,24734,30049,21873,21034,19846,19961,14128,18385,6828,12311,1050,6534,2,1478,0,0,0,0,20250603
202505,4호선,혜화,33,0,3898,2030,8390,24625,18338,53365,23193,120529,27295,99505,32888,73451,42709,74568,46409,85480,49830,104244,67161,90162,90367,72375,107684,69958,121718,82172,124703,89072,78797,62650,87104,25180,111187,23280,101022,20285,37706,12828,4758,4093,4,443,0,0,0,0,20250603
202505,4호선,회현(남대문시장),33,3,1638,832,3786,23756,5563,57035,10193,145672,15377,103489,22749,91717,34862,91106,46936,75097,59821,66115,74150,60411,85198,48587,99978,37432,115445,29554,124269,23871,61691,14505,56841,8688,23545,7910,12892,6880,4654,4420,713,1289,5,84,1,1,0,0,20250603
202505,5호선,강동,126,1,11971,1463,22122,11295,54584,27843,68220,52931,39737,31610,29722,21652,28103,20124,30373,21369,27897,27505,27267,25420,28787,27409,33537,31658,42203,38030,45837,56622,22654,41382,16505,29929,13684,28533,9775,25164,4214,16220,757,6719,0,0,0,0,0,0,20250603
202505,5호선,강일,3,0,3213,670,9874,3234,29832,6035,26203,8649,16960,4171,13384,3998,10348,4713,10235,6742,9847,6437,7805,7779,8889,10051,9328,11171,9550,15898,9257,20382,4519,18950,3183,12206,2222,10922,1715,10640,647,6640,140,2199,0,0,0,0,0,0,20250603
202505,5호선,개롱,7,0,3850,798,10022,2620,23474,7715,23893,15712,15216,8907,12491,6638,10847,7044,11395,7178,10469,9151,9362,10728,10001,11548,13769,14806,12465,17803,12674,22038,6433,20169,4834,12080,4566,10528,2693,11388,935,6169,97,2255,0,0,0,0,0,0,20250603
202505,5호선,개화산,2,0,4891,219,9789,3522,22829,6104,23641,13027,13205,6804,9749,6445,9772,6351,9593,6993,8954,7267,8198,7588,7998,9117,9252,10833,11822,12976,11516,19568,5350,16084,4043,10439,3468,9970,2390,8659,896,5260,88,1795,2,103,0,0,0,0,20250603
202505,5호선,거여,6,1,6959,589,17277,3574,45244,9334,43247,18801,25674,9322,17830,7924,16289,8738,16850,8946,15428,12649,13079,12602,13286,16692,15378,21081,16503,26393,14936,38849,7835,32470,5871,18427,5372,16138,3647,17670,1257,9694,171,3462,0,0,0,0,0,0,20250603
202505,5호선,고덕,10,1,4261,1587,11121,7313,28150,19772,26284,21721,18371,16925,17140,15553,18190,12674,18970,14433,16686,19212,17693,16748,21532,19153,25868,21380,25573,20339,20349,29812,13006,24900,10430,13656,10332,13220,10341,12144,2303,6224,395,2915,0,137,0,0,0,0,20250603
202505,5호선,공덕,31,0,1932,1089,5617,9657,20669,34378,32456,71139,18057,40628,15783,18912,17095,18217,18830,17306,22180,18443,19625,16039,22606,17883,28105,21312,43629,31105,61090,45130,25554,22437,20851,14681,21085,13756,15314,12400,6623,6783,890,1726,0,0,0,0,0,0,20250603
202505,5호선,광나루(장신대),9,0,4573,2026,12929,10820,30339,15717,36345,33287,22276,21514,18541,19660,18056,16215,19938,17731,20756,18008,19874,16441,23572,18001,28437,21320,27192,25673,29257,32564,14193,23424,12691,15554,12973,15118,9084,14266,2856,8572,386,2439,0,0,0,0,0,0,20250603
202505,5호선,광화문(세종문화회관),1,0,1214,927,3534,31009,8725,86302,12858,261813,12018,131937,17396,70783,25636,69287,33680,59253,45464,63215,53883,49780,68949,41049,88447,39940,131167,43516,207956,45997,80408,21448,70281,10665,69385,7944,41298,5603,13763,3123,1400,801,0,2,0,0,0,0,20250603
202505,5호선,군자(능동),43,1,7371,963,11571,6233,32803,9989,45890,26503,23939,19728,15803,14653,15465,14042,16917,15657,17688,18511,16519,17805,16993,20256,19831,25256,24664,36510,27436,54035,17705,34909,15233,23338,15208,21189,12495,20400,7067,12886,1303,6003,1,1070,2,3,0,0,20250603
202505,5호선,굽은다리(강동구민회관앞),6,1,7976,706,13861,3184,34675,7225,38705,14692,22802,12080,18027,10500,17104,12070,17860,12783,17874,14366,15400,15096,15142,16849,16262,21783,15547,23205,16003,36975,10039,27007,8277,17541,7808,14715,5164,15201,1724,8208,289,3157,0,0,0,0,0,0,20250603
202505,5호선,길동,6,0,5702,963,10131,4144,25072,8092,30533,20319,18756,15551,16662,12166,16348,12544,17107,13313,16942,13386,15279,16001,14839,16673,16150,19906,17404,22666,18149,29394,10144,23568,7905,14796,7202,12324,5388,10996,2084,6311,417,3198,0,4,0,0,0,0,20250603
202505,5호선,김포공항,5,1,1094,3300,5098,9305,18343,17783,23362,23052,12787,13943,12222,14615,17344,16367,20216,17163,24714,17034,26675,15758,29158,15268,27879,15953,30487,17029,35553,15415,24280,8610,19926,4502,18221,3006,16058,2054,7179,1112,315,453,0,11,0,0,0,0,20250603
202505,5호선,까치산,316,4,25062,1669,46067,8486,116832,11827,144804,21917,81498,19071,51560,18668,45607,22325,45996,26294,41474,29569,35011,34798,32967,46554,34479,58939,33065,75280,31611,120194,21411,90599,17000,63146,14022,60615,10970,50211,5430,30722,827,9319,0,377,0,0,0,0,20250603
202505,5호선,답십리,33,0,8691,1483,20048,10789,55257,15189,74594,33638,38557,18707,24753,13993,21655,14444,22971,16489,22467,18797,20568,18139,21615,22097,26962,26326,30934,34855,33185,56511,17300,37450,12092,25901,9955,23346,7331,21790,3424,13020,483,4045,0,1,0,0,0,0,20250603
202505,5호선,동대문역사문화공원(DDP),1,0,200,267,805,3357,1555,10002,2632,28180,3114,10834,3340,4168,3059,3763,2958,4056,3284,3970,4167,3660,4485,3483,6212,3876,13222,4066,19927,4094,7371,2657,4369,2346,3448,2677,2489,2635,1283,1879,213,487,2,5,0,0,0,0,20250603
202505,5호선,둔촌동,4,0,6494,589,17001,6727,43923,12146,45890,23836,28953,14896,21011,13198,19300,14100,20002,16296,19113,19656,18604,18499,19398,22938,21415,25722,24509,34885,24227,47883,14580,34773,11870,18906,10032,19674,7918,15784,3742,9452,394,2974,0,0,0,0,0,0,20250603
202505,5호선,마곡,4,0,2918,2894,8948,12021,25346,22171,26126,60739,15382,35809,13171,19072,14666,16497,15365,17225,17573,19475,19013,17566,23541,17801,30493,20000,38561,24160,49826,31716,24127,22031,18840,13107,16130,11175,11262,10553,4420,5571,553,2214,0,0,0,0,0,0,20250603
202505,5호선,마장,1,0,2482,535,6458,3656,15853,7164,19678,15486,12086,11535,9786,8084,9381,7229,10975,8340,9991,8486,9540,7332,10278,8213,12168,9933,12319,12804,11924,17822,7662,11498,6130,7916,5788,7385,4074,7334,1426,4399,253,1319,0,9,0,0,0,0,20250603
202505,5호선,마천,54,0,6911,287,15103,2723,41304,4315,32672,11188,18568,6974,12691,6867,10730,6094,11646,7325,9973,8579,8846,7923,8258,12972,9261,13793,8387,17866,10079,24807,4727,21562,3806,11774,2784,12158,1914,11963,773,6916,87,2672,0,0,0,0,0,0,20250603
202505,5호선,마포,4,1,2544,1554,8861,12434,27873,21328,36865,66607,21055,34424,18545,17918,18459,18739,19831,17120,21149,17681,19900,16118,21461,18081,26425,22195,38029,31679,54163,43797,21392,25262,19206,17260,20031,15637,13995,13908,5916,7888,771,2208,1,1,0,0,0,0,20250603
202505,5호선,명일,7,0,5895,1636,13004,3664,31695,7678,30935,13543,19110,9983,16423,10371,14963,9368,15288,9304,13866,12394,12345,12150,12662,15919,14584,19622,12677,19664,12297,32718,8481,25240,7190,14210,6853,12214,4181,12406,1889,7511,408,2529,0,3,0,0,0,0,20250603
202505,5호선,목동,50,0,8840,1374,21776,6246,58922,16347,70190,27780,38128,22435,28589,16695,26775,15543,26778,18820,25358,23568,22743,23361,23805,28286,25467,35632,28932,50560,28775,79299,16138,51716,13946,32094,13290,30756,14533,27226,4705,15924,639,5338,0,0,0,0,0,0,20250603
202505,5호선,미사,22,2,8247,975,22813,9203,70513,14459,67033,27245,35842,25813,27827,19874,25537,21014,27501,23370,27704,23195,25782,27714,29859,28229,30367,38614,33322,51916,33719,67514,20883,64611,19625,36986,19724,29621,17257,26643,7659,17234,1802,6059,1,2,0,0,0,0,20250603
202505,5호선,발산,4,0,3897,2775,11403,15195,28862,42976,31312,119560,22660,63309,23226,35780,26968,35167,31485,35045,34746,35863,37705,32710,45573,32447,50694,35177,76330,41354,90682,53906,41952,38239,37004,23233,35505,18530,27796,16011,11688,9557,1396,3309,0,0,0,0,0,0,20250603
202505,5호선,방이,5,0,2472,918,7147,3894,19349,8655,19203,21918,13585,13301,11698,9048,10112,9328,11720,11593,12288,11308,10899,12915,12034,13924,12758,16042,15911,21578,18482,23098,10114,18331,9364,10526,12505,8949,13561,7713,3171,5111,262,1451,0,0,0,0,0,0,20250603
202505,5호선,방화,20,0,5665,7,12017,3835,27787,6275,25765,13461,16205,8183,13137,7117,12643,7445,12947,8476,12421,9527,10789,10192,11893,11630,12370,13807,11673,16623,10440,22358,5651,19685,4357,12379,3270,11548,2193,11274,905,6736,150,2394,0,265,0,0,0,0,20250603
202505,5호선,상일동,62,0,10592,1357,32205,6247,71970,11941,58821,17785,36407,10747,26715,10050,22713,10098,22217,15972,19792,18405,17848,17504,19642,24083,20178,25726,21660,38164,21075,55688,11720,47318,8794,27105,6075,25953,4201,23624,1921,13313,500,6802,1,1235,0,0,0,0,20250603
202505,5호선,서대문,34,0,3116,948,6854,18634,19672,70903,24312,167438,18704,50135,20406,26660,22092,23788,24818,22378,23453,25715,28106,20883,34462,18643,45264,18690,76982,22916,114243,27764,33095,16184,26436,11073,24419,11394,15826,9237,5561,5800,532,1601,0,38,0,0,0,0,20250603
202505,5호선,송정,12,0,3841,1173,7704,4118,18110,7255,22169,11409,15320,7923,12348,6835,10948,7269,11170,8513,10144,8663,10165,9269,10191,10200,11559,12367,11973,14228,12493,19820,7877,15799,6038,10857,5072,10307,3781,9707,2114,5601,261,2150,0,1,0,0,0,0,20250603
202505,5호선,신금호,38,0,2861,402,7124,2861,20287,9137,27410,13983,15838,8125,10783,6721,9780,6753,10080,8151,9746,8959,9507,9723,9575,11701,11802,14186,10513,17851,11081,25722,7540,17086,5734,11268,4727,10632,3021,9535,1299,5803,313,1954,0,1,0,0,0,0,20250603
202505,5호선,신길,56,4,2210,454,4722,2239,16672,5269,25294,14029,11550,7134,8421,3381,6610,3916,6965,4312,6246,4946,5342,5044,5847,6321,6809,7943,9210,12355,12964,21307,5554,13075,4094,10981,4084,11493,3155,10558,1773,6436,230,1742,1,1,0,0,0,0,20250603
202505,5호선,신정(은행정),109,1,12765,907,23963,3731,60694,8858,73199,14213,38003,9543,23589,7838,20856,8843,20229,11071,18511,12952,15355,14157,14909,18647,16627,23774,17035,31969,15810,47672,9197,34614,7136,24500,5920,23482,4479,21823,1798,12966,298,3981,0,0,0,0,0,0,20250603
202505,5호선,아차산(어린이대공원후문),30,0,9562,1581,18518,6532,41728,15617,56153,34164,33685,24956,25229,24159,22753,24986,27983,23337,29669,24185,29875,24635,33648,28318,33690,32924,33362,38859,31269,54302,19198,37337,16280,25939,13960,21570,9629,19019,3952,11442,537,3102,0,0,0,0,0,0,20250603
202505,5호선,애오개,55,22,2369,918,6206,5180,20134,7999,26845,16013,13741,11621,10077,7406,9888,6913,10836,6691,10388,8250,9430,8666,10652,9448,11312,10925,12763,15267,14271,22231,7341,14162,5292,8812,4392,8441,2930,8070,1165,4852,123,2507,1,308,0,0,0,0,20250603
202505,5호선,양평,4,0,2857,1070,7470,4437,24547,10156,29844,40807,14376,16452,10138,6873,9195,6539,9697,6553,9730,7724,8873,7399,9279,8470,11789,10309,20116,14077,32348,23562,10272,15686,7024,11193,5495,10480,3919,9818,1514,5674,195,1950,0,0,0,0,0,0,20250603
202505,5호선,여의나루,14,0,1227,1456,2952,11933,6552,46262,10301,74371,7080,32267,7409,24366,9698,23870,11805,26576,14260,32551,20265,33758,26665,36217,35607,36736,61073,40112,72031,43902,44724,26512,53418,15546,44391,10197,31091,6402,10917,3389,855,1111,0,0,0,0,0,0,20250603
202505,5호선,여의도,10,0,2694,2931,4217,29321,10694,148288,14513,205555,13216,79869,15227,36601,23086,36773,24516,35401,29445,38022,34053,30894,42505,30090,56775,31606,141220,35327,160028,39083,66786,19063,57890,10732,45201,9442,25491,8162,8396,4906,1000,2399,0,1,0,0,0,0,20250603
202505,5호선,영등포구청,0,0,1269,695,2935,2661,9114,7428,14253,26524,6288,11282,5098,5940,5483,4995,6339,5420,6520,5498,6603,5556,6882,5609,8245,6533,12482,8731,23652,15359,8218,8262,6235,5224,5451,5010,4101,4766,1894,2793,287,629,0,0,0,0,0,0,20250603
202505,5호선,영등포시장,23,0,3145,1030,7338,5569,25921,14975,36782,44860,17637,27500,13392,17648,14405,18039,17373,21673,17557,23365,18197,19487,21515,17539,27278,18016,35316,22884,44849,35893,20241,21857,13842,14623,11636,13895,8724,12701,3850,7894,455,1881,0,0,0,1,0,0,20250603
202505,5호선,오금,26,0,1309,663,3455,2699,7715,10500,8337,19544,6019,6947,5303,3930,5265,3608,5689,4132,5764,4246,5628,4618,7193,5001,8273,6093,10674,7291,14160,8303,4645,6354,3494,4251,2848,3848,2228,4180,683,2701,128,958,0,0,0,0,0,0,20250603
202505,5호선,오목교(목동운동장앞),3,0,5371,1839,16325,8952,51032,27440,59563,57901,34016,48070,27502,30595,27697,32034,31692,31983,31915,36125,32020,34537,35456,37189,41498,46040,49125,55723,58558,74587,34091,47197,35641,29216,27598,25529,25789,22266,7566,12346,1004,3919,0,0,0,0,0,0,20250603
202505,5호선,올림픽공원(한국체대),17,0,1557,928,6199,3662,12255,6792,13569,12953,10400,9452,9256,9205,9659,9292,10047,10537,10429,11861,9236,13850,11996,14673,12129,15478,12640,15288,11334,13711,8837,8985,10036,6164,15571,5692,13494,4733,4195,3716,138,993,0,0,0,0,0,0,20250603
202505,5호선,왕십리(성동구청),8,1,1746,566,2115,3300,5777,6212,8197,15618,5473,9466,4892,7202,5425,7750,6173,7953,6587,8860,7303,8611,8064,8531,10668,9735,11046,11951,14227,15887,8728,9009,7981,5818,8318,4873,6786,4283,3157,2768,589,2003,0,326,0,0,0,0,20250603
202505,5호선,우장산,0,0,7610,961,23221,4984,54248,16063,58916,24223,33837,16299,27871,14281,26031,14368,27264,18530,25663,21024,22103,23385,24025,27084,27358,31952,25912,38444,20895,56318,13854,41915,10177,27607,9029,24826,7204,25132,2188,14093,308,3778,0,0,0,0,0,0,20250603
202505,5호선,을지로4가,3,0,467,563,1138,6717,2740,17952,4204,40706,4339,19244,5345,13187,6875,12699,8329,11351,9844,10736,11495,9514,12757,9043,16178,8813,27742,8149,36516,8640,15304,4884,10906,3505,9599,3231,6669,2402,3567,1638,448,616,0,3,0,0,0,0,20250603
202505,5호선,장한평,30,2,8352,1225,21149,13843,56675,23888,76973,64648,41997,30225,27929,22823,24760,20809,26256,21626,26192,22368,25144,22073,25949,25462,33942,31070,43647,43966,61126,67548,27532,46803,17065,30041,14322,28660,10740,26403,4650,16068,800,4651,0,151,0,0,0,0,20250603
202505,5호선,종로3가,82,7,1747,414,2328,8688,3352,15262,5615,44964,8011,36778,10647,34085,14518,39088,21085,39164,24367,39149,30394,36569,37299,36502,45332,38026,52895,42703,64606,48515,43343,29007,44293,18572,50033,14020,43088,10548,26154,6058,3495,1950,0,16,0,0,0,0,20250603
202505,5호선,천호(풍납토성),40,1,7582,1864,13503,13525,35255,19867,42882,40683,27820,39279,26731,31514,29943,32330,34999,33785,35431,40122,37911,36364,42655,38572,49235,41067,54277,48765,55740,61088,38681,42577,34881,26602,25555,23760,19501,20415,9280,12842,1718,4228,0,0,0,1,0,0,20250603
202505,5호선,청구,10,0,1730,206,2473,2158,6135,3795,9443,13345,6212,8160,5405,4290,5332,3732,5390,4649,5177,4756,5123,5082,5192,5390,7342,6143,8652,7521,13294,10129,7465,6649,4831,4702,4010,4612,3216,4162,1992,2705,283,810,0,0,0,0,0,0,20250603
202505,5호선,충정로(경기대입구),7,1,850,229,2542,2950,6002,15596,8478,35240,5295,12833,4251,4331,5349,4623,5401,4198,5673,5350,5762,5223,6315,4511,8421,5121,18027,6702,28609,9161,8348,5816,6157,4341,5321,4336,3028,4191,1182,2589,248,715,0,94,0,0,0,0,20250603
202505,5호선,하남검단산,26,2,4916,9,10140,3497,24630,5190,20670,13182,13783,10560,11717,9782,10228,9754,10792,11309,10664,10584,11218,10616,13265,13777,14460,12308,14213,15871,12399,18179,8534,16252,7394,10772,6317,10141,4526,8831,1251,5931,104,2597,0,0,0,0,0,0,20250603
202505,5호선,하남시청(덕풍?신장),45,0,6438,147,14139,3878,31323,7263,29312,17128,20314,9226,16804,10239,15543,10093,16204,9638,15172,13516,13828,11995,14622,17154,16773,19451,16158,19591,15597,27215,9266,24310,7047,14378,5682,14885,3644,13312,1532,7632,338,3791,0,0,0,0,0,0,20250603
202505,5호선,하남풍산,7,0,2136,477,5759,2450,10840,7901,12235,16551,8203,9780,7453,6969,6913,6626,7650,5702,8299,6700,7588,6769,8995,6739,10391,8688,12524,8361,13504,12257,5580,10517,4422,6174,4112,5680,2632,5601,844,3407,152,1334,0,0,0,0,0,0,20250603
202505,5호선,행당,30,0,3979,696,11298,2599,31185,5029,41606,9979,22370,6910,15651,5838,13561,6624,13349,7874,12495,9389,10433,10667,10763,13252,11148,16572,10810,20243,10434,30834,6723,20195,5522,13902,4164,13098,3509,11323,1220,6824,256,2031,0,0,0,0,0,0,20250603
202505,5호선,화곡,567,4,23774,1592,43721,9949,111603,15857,140099,35598,75639,27658,50299,20426,45337,21781,46878,24891,42722,28836,36611,33852,35566,42571,38295,55226,40076,70685,41951,120135,26133,84677,18575,57570,15608,54916,11618,47345,4769,29414,691,8564,1,0,0,0,0,0,20250603
202505,6호선,고려대(종암),20,2,4025,927,8094,5071,20851,14697,26732,27471,15885,16481,12049,17296,13277,12060,14509,11609,16326,14761,16282,13092,16071,12553,24799,15124,26235,18135,22626,27995,12349,20213,10935,13440,13748,13734,11801,12587,5680,9240,907,2951,2,56,0,0,0,0,20250603
202505,6호선,공덕,151,0,5319,2566,9029,13034,22319,41395,32240,91639,25149,48526,21915,25116,23880,22466,24935,22382,26755,23529,26688,22512,31254,22883,36660,28458,58444,33978,78762,43620,36347,27477,30128,18481,27018,17755,19794,15582,9474,11156,1249,4908,0,152,0,0,0,0,20250603
202505,6호선,광흥창(서강),3,0,3221,1529,8231,6501,21544,16533,27949,33701,18572,19378,15519,12714,16541,11987,16108,12208,15192,12188,14792,13269,15531,13940,18730,14666,23223,18722,29549,24623,13901,18177,10201,12111,9474,10993,6161,10687,2489,6603,404,1955,0,1,0,0,0,0,20250603
202505,6호선,구산,23,1,6477,282,13473,2351,30824,7076,39277,8348,22260,5980,15712,5709,14332,7515,14597,7938,13250,8510,11642,9640,13098,12307,13602,15387,12357,17544,10160,23609,6703,20039,5131,11747,4357,10708,3984,8967,1287,5958,265,1697,0,0,0,0,0,0,20250603
202505,6호선,녹사평(용산구청),54,1,1268,437,2234,4099,5176,8832,7520,17251,6627,9510,5084,7667,5693,8897,6115,11650,7204,12176,8012,11859,9940,13204,13478,12929,16366,15560,19675,16611,13206,11123,13206,7464,14680,5816,12464,5150,6074,3221,709,977,0,0,0,0,0,0,20250603
202505,6호선,대흥(서강대앞),7,1,2637,1227,5674,5954,16004,19230,21661,35952,14963,22107,12278,23039,12735,15413,14091,15018,18953,20209,16567,14674,17846,15474,24641,17053,28047,20780,28743,27629,14743,17376,13209,11184,13816,10042,13679,9198,4805,7225,751,1845,0,1,0,0,0,0,20250603
202505,6호선,독바위,17,0,2401,254,4823,1013,13613,2279,13208,3191,7544,3227,5359,3247,4684,2767,4544,3394,4170,3567,3600,3903,3689,4769,3879,6112,3583,7351,3123,11400,2012,9689,1378,6578,966,5474,660,5261,310,3371,44,1349,0,0,0,0,0,0,20250603
202505,6호선,돌곶이,42,1,7982,1255,17862,3985,45819,7697,48937,19327,25437,12792,18350,10116,15905,10350,17533,13573,16334,14010,14443,13892,15775,17887,16361,20441,18249,26666,17338,39616,12207,31529,8135,18772,7773,17214,5773,16938,2675,10501,525,3624,0,0,0,0,0,0,20250603
202505,6호선,동묘앞,151,1,5138,1087,5184,4638,10526,8589,17239,22383,14644,18965,13959,17558,16451,18764,18502,19009,19275,21008,22552,20844,24854,19553,26774,19484,26078,18770,24358,20926,15119,15456,11295,11209,9442,11692,6863,11559,3526,8533,596,2583,0,60,0,0,0,0,20250603
202505,6호선,디지털미디어시티,158,19,7019,2565,17945,12438,51520,28394,54246,59718,31991,27998,20792,12269,17752,11716,18211,14097,16912,14552,15510,15360,17048,19004,21997,25061,34115,33726,44066,50167,20073,35458,11394,24155,10902,22176,6750,20656,3314,12081,766,5237,1,6,0,0,0,0,20250603
202505,6호선,마포구청,20,2,6402,1999,15519,8136,42364,16433,55689,34421,37517,19435,25759,14058,23879,13842,24030,17494,23247,19229,20793,17225,21376,21982,23394,24050,26260,29903,35004,43995,18368,32871,14173,22323,13744,21109,9215,19480,4536,13005,641,3312,0,0,0,0,0,0,20250603
202505,6호선,망원,6,1,6121,881,10811,5806,26925,10595,37007,32555,26452,33042,20985,28956,22445,33254,27773,35108,29091,41603,29180,36449,31245,41132,34262,42440,39716,45405,44430,52204,33064,36861,30483,21214,27575,18552,21069,15270,9751,10638,1435,2482,0,0,0,0,0,0,20250603
202505,6호선,버티고개,1,0,971,376,1930,1432,5131,2473,7384,5954,4785,3500,3597,2731,3249,2297,3298,2829,3028,3337,3069,3481,3458,3951,3695,4220,4834,4933,6281,6691,3151,5067,2167,3513,1742,3235,1368,3028,631,2126,104,559,1,34,0,0,0,0,20250603
202505,6호선,보문,18,0,4584,863,8510,5141,23653,10436,33556,20540,19652,10821,12994,8956,12804,8977,13187,9648,13054,10516,12242,9593,13409,11899,15245,13874,16908,18458,18757,26309,9809,20097,8281,13045,7593,13597,6249,13448,3605,9492,738,3244,0,0,0,0,0,0,20250603
202505,6호선,봉화산(서울의료원),9,0,6399,994,16722,2906,43172,5885,38797,11725,20157,7482,15545,6912,13777,7073,13716,8417,12144,10348,11136,10804,10722,14071,11951,16393,12582,22053,10814,29480,5762,27065,4175,17009,3656,14728,2969,14575,1185,8524,173,3164,1,266,0,0,0,0,20250603
202505,6호선,불광,4,0,1695,380,4397,3217,11631,3905,14099,8230,8232,7692,7674,6567,8075,7092,8932,7043,9418,8330,9973,7503,11679,8515,12434,9533,11639,11258,10552,15030,6581,10997,5804,6999,4365,6125,2274,5704,855,3557,141,1213,0,0,0,0,0,0,20250603
202505,6호선,삼각지(전쟁기념관),4,0,1540,837,3161,6353,8625,15350,13693,28321,10547,14633,8399,10863,10854,11151,12352,12268,14113,12739,14141,11502,16953,12015,20918,12845,26480,14701,30775,17649,15164,10740,13063,8085,12450,7276,10126,7569,5725,5745,997,1575,0,6,0,0,0,0,20250603
202505,6호선,상수,34,4,6927,1498,7718,4269,10684,6706,13526,22279,10493,34742,8970,22074,9578,18743,13178,22060,14587,24146,15704,21695,18581,20714,24497,24280,27838,28453,30413,37782,23348,25348,22916,17464,25820,14465,27109,14047,19718,11709,3719,3528,0,0,0,0,0,0,20250603
202505,6호선,상월곡(한국과학기술연구원),53,0,5631,544,9301,2091,23850,4158,28338,15099,16406,10012,11855,10670,10928,9212,11018,7449,11417,9194,10846,8370,9962,10077,12282,11899,12099,14899,10786,19674,7008,16900,4403,10599,5348,10203,2949,9998,1504,6829,198,2188,0,0,0,0,0,0,20250603
202505,6호선,새절(신사),104,1,11799,665,21586,5543,53981,8636,60562,15551,33454,14213,22593,10930,19850,12482,20669,13721,19273,16633,16238,16357,18006,21265,21632,24804,18831,32390,15690,47681,10090,37949,7268,24566,5996,21340,4708,19836,1926,12695,309,4521,0,1,0,0,0,0,20250603
202505,6호선,석계,1338,3,9311,2008,19891,6020,47916,9592,53829,16905,30526,12500,23269,12049,20380,15141,21063,15830,20183,16527,17817,17711,18039,21990,19433,27655,20125,34250,16916,51743,12584,40749,9395,25497,8998,23243,7988,21194,4469,14001,913,4629,1,9,0,0,0,0,20250603
202505,6호선,신내,0,0,0,0,0,0,0,0,1,0,1,0,0,0,2,0,2,0,3,0,3,0,1,0,1,0,2,0,1,0,1,0,0,0,0,0,0,0,0,0,0,0,0,0,0,0,0,0,20250603
202505,6호선,신당,154,3,5813,1256,4958,8737,7705,15658,12302,35929,9939,20641,8447,13354,10745,11331,11763,11017,13021,10928,13866,10533,15922,10376,18853,12699,20290,14064,26073,18197,17338,19318,16293,11306,14733,9116,12732,9456,7480,7996,1588,2301,0,10,0,0,0,0,20250603
202505,6호선,안암(고대병원앞),59,0,2952,1461,4207,7159,9711,18845,13212,54933,12518,38971,14852,47585,19133,30119,21284,25299,23705,30837,28256,24733,29818,19548,46518,19819,55983,22796,41403,30382,25659,19998,25619,13722,25695,14129,24110,14313,19552,10507,2994,4542,2,141,0,0,0,0,20250603
202505,6호선,약수,7,1,1567,323,2198,2582,5094,6552,8317,15587,6726,8604,5497,5612,5548,5485,6241,5363,6422,5943,6821,5548,7407,6762,8359,6756,10261,8421,13568,10210,8043,6545,6175,4231,6562,3716,5054,3025,2801,2043,537,659,0,1,0,0,0,0,20250603
202505,6호선,역촌,1,0,2330,287,5875,3159,15322,3381,16744,8177,9405,4774,6913,3808,6947,5108,6852,5669,6486,5434,5763,5944,5129,7063,5296,8866,5821,11730,4898,17636,3084,13515,2307,8394,2098,8216,1362,7528,554,5018,69,1512,0,0,0,0,0,0,20250603
202505,6호선,연신내,0,0,0,0,0,0,2,0,2,0,4,0,6,0,5,0,6,0,3,0,4,0,4,0,9,0,4,0,9,0,3,0,0,0,1,0,1,0,1,0,0,0,0,0,0,0,0,0,20250603
202505,6호선,월곡(동덕여대),26,5,7433,1026,14691,4061,40257,8317,47620,28420,26153,17077,19301,16992,18648,15220,19534,14021,20105,16289,19865,16485,19237,19033,24108,24487,24391,28459,26370,42968,13788,32081,11071,19723,8919,18839,6229,17643,2698,11498,512,3597,0,0,0,0,0,0,20250603
202505,6호선,월드컵경기장(성산),31,0,907,1383,2916,4724,7816,12952,9428,13964,7418,12116,9278,12346,11473,12393,12029,13290,10457,14392,11671,15708,14005,18285,16048,15579,14556,20886,18833,22811,10366,9342,13663,5719,26122,4262,4756,3349,1426,1730,180,489,0,0,0,0,0,0,20250603
202505,6호선,응암,31,0,12544,1513,28089,6162,71306,10544,87291,19039,49733,18898,32508,16625,29722,16529,30634,19398,28361,20609,24295,23826,24878,31100,28573,37980,24938,50149,22324,75561,15119,58070,11549,38534,9541,34062,7002,29903,2902,20098,397,6137,0,0,0,0,0,0,20250603
202505,6호선,이태원,160,2,15487,2694,11715,15717,9588,12735,10536,30945,10586,26813,9728,19541,11009,17375,12692,19729,14738,21202,17715,20260,22691,22334,33194,25511,33086,29591,38360,34760,29382,30905,27404,26253,28852,25310,27541,24921,19494,21528,3216,8105,0,0,0,0,0,0,20250603
202505,6호선,증산(명지대앞),59,3,8228,820,14764,4155,36273,5253,45291,11580,26818,9596,18739,8732,16005,10127,16444,10240,15487,12530,13510,13331,13529,16159,14256,20526,13751,26217,13156,40627,8190,30185,6311,19821,4825,19599,3697,16622,1499,9945,294,3228,0,0,0,0,0,0,20250603
202505,6호선,창신,6,0,2836,310,5370,2182,14895,5462,16771,6064,9734,4251,5779,3577,5364,3587,5462,3901,5053,4374,4459,4525,4917,4682,6729,5962,5590,7935,5369,9897,3922,7736,3806,5395,2372,5540,1544,5020,706,3437,104,1034,0,0,0,0,0,0,20250603
202505,6호선,청구,17,1,1460,615,3003,3358,7033,7174,9848,21597,6308,11045,5294,4783,4908,4153,5308,4365,5423,4702,5436,4660,5672,5228,7055,5840,8375,6858,13852,7788,8794,5290,5508,3926,4820,3690,3866,3468,2043,2357,358,802,0,0,0,0,0,0,20250603
202505,6호선,태릉입구,11,1,4753,1292,7605,3802,18624,4341,22931,11278,13407,10656,10984,12497,11155,16055,12119,13658,13505,14858,14528,16641,15512,15608,15904,17214,14750,19462,13229,26960,9024,20226,7215,12812,6252,12702,4801,10814,2422,8929,488,4169,2,1,0,0,0,0,20250603
202505,6호선,한강진,16,3,703,972,1601,9916,3948,22460,5971,40881,5985,29581,4641,25730,6351,24949,9591,26039,11971,32882,15499,25739,22941,29986,34470,29088,42579,27505,46381,27504,33097,13305,28596,5539,23268,4448,20861,3783,4268,2938,489,2276,0,196,0,0,0,0,20250603
202505,6호선,합정,39,1,3724,1302,6124,6560,12971,16576,20339,39000,15547,29782,13817,20267,15436,21030,18734,22079,20598,24118,21971,21741,24403,24044,27060,29207,34246,33015,46802,43513,33037,29086,30259,17309,32995,15829,28646,12993,15711,9820,2391,2834,0,0,0,0,0,0,20250603
202505,6호선,화랑대(서울여대입구),26,1,6928,1569,22100,4771,53346,9339,51387,20547,28308,15478,19023,11314,18244,12206,18673,10139,18784,11369,17766,11755,18272,13792,23673,17237,23051,24847,16833,35625,8796,30149,6544,19048,5417,17416,4232,16971,1466,11056,190,4025,0,5,0,0,0,0,20250603
202505,6호선,효창공원앞,4,0,2472,782,6275,4421,17714,7989,28017,26463,17224,13757,12060,11664,10961,10192,12076,9536,12577,10624,11338,10125,12417,10429,16204,12992,18291,14928,24171,21182,10812,14513,7374,9869,6394,9172,5188,8543,2495,5748,554,2180,0,0,0,0,0,0,20250603
202505,7호선,가산디지털단지,640,11,6852,5586,10925,29523,24036,137156,28557,352949,21664,202031,20705,56783,25428,36963,33159,36475,36965,36245,42177,32020,54219,29929,80623,29065,206240,31379,281231,37154,112425,26220,65715,16973,49887,14452,28271,13358,12143,8983,1610,3205,0,1,0,0,0,0,20250603
202505,7호선,강남구청,15,1,1933,1709,4156,16603,7912,36646,9938,98973,10509,94398,10403,41638,12678,24933,15203,22418,18319,23486,22386,20760,26995,19617,32931,19368,50996,20654,81357,20890,51903,13371,33428,9361,31144,7612,21257,5971,8589,4160,1372,1877,0,0,0,0,0,0,20250603
202505,7호선,건대입구,78,2,4795,1141,5459,9297,13891,20600,19877,40368,16699,33003,15967,29574,17978,25708,20286,27380,23149,28781,27181,27278,30925,26316,37477,27997,45092,34572,37589,42025,27847,28149,30106,17567,27472,15228,23334,12446,13803,7289,2260,3990,0,187,0,0,0,0,20250603
202505,7호선,고속터미널,30,4,1437,3118,3384,23005,13169,40660,21627,50480,28420,38111,27638,31907,31340,29259,32846,27018,33590,30028,33723,27589,43353,23177,47644,24144,60950,26479,52363,27959,38950,17671,39730,11124,36452,10926,27571,5948,8843,3627,735,856,0,5,0,0,0,0,20250603
202505,7호선,공릉(서울과학기술대),39,0,6198,1105,14805,4603,36475,12950,41020,26088,24759,21852,20252,16541,20315,14998,22283,17785,22887,19527,20695,17933,23894,21195,26871,24550,26935,29872,26300,42529,15689,34785,12907,21406,12744,19115,11516,18849,6191,12487,1098,4179,1,0,0,0,0,0,20250603
202505,7호선,광명사거리,179,2,19975,7038,31826,13173,79219,16212,84140,26698,48630,24961,35283,25414,32988,29875,34929,33424,34296,34779,33371,34055,34587,39972,40430,45914,38766,58363,34492,80848,24028,60551,16587,35889,13135,31474,9581,26017,4057,16530,703,4969,0,37,0,0,0,0,20250603
202505,7호선,군자(능동),50,0,9166,838,14972,6455,35591,9716,55834,25379,38562,19411,24201,12871,20909,12996,22984,13984,22431,15993,20836,17194,21209,20143,24589,23726,29815,30048,33488,43620,22087,32337,19303,21839,17902,19653,14100,17208,7446,10530,1455,3408,0,43,0,0,0,0,20250603
202505,7호선,까치울,0,0,0,0,0,0,0,0,0,0,0,0,0,0,0,0,0,0,0,0,1,0,0,0,0,0,0,0,0,0,0,0,0,0,0,0,0,0,0,0,0,0,0,0,0,0,0,0,20250603
202505,7호선,남구로,183,4,19591,1405,15785,7314,30376,32144,35520,85954,25424,41909,17910,19657,16458,16648,17477,16133,16652,16814,16051,16101,18130,19122,21711,24937,43872,34260,66685,32311,28977,22868,15535,16177,11117,18460,7450,15536,3495,8135,504,2181,0,0,0,0,0,0,20250603
202505,7호선,남성,26,1,6408,933,15008,3858,37940,6901,52673,17078,34995,12608,22018,12042,18638,12894,18558,12959,18667,14381,16275,15480,15832,19383,16478,22795,16180,30201,16067,42891,10022,31347,9079,21026,7649,19358,5234,16790,2446,10215,451,3137,0,1,0,0,0,0,20250603
202505,7호선,내방,7,0,2723,1961,8872,15644,19091,26624,28632,71667,22489,44559,18280,21834,17575,17543,18812,18203,21133,19566,22295,18558,23471,18940,29990,20549,45060,26621,61782,32528,26148,21128,19347,14156,18854,12636,13101,10464,4528,7123,835,3369,0,214,0,0,0,0,20250603
202505,7호선,노원,39,1,8280,2543,15872,9119,37498,17277,42528,46770,29941,44650,30023,34014,33630,34050,38189,35982,38466,41231,39563,40278,43890,43120,46458,46493,45440,51776,47091,65612,32030,50435,29758,27972,23935,23475,22019,19393,8828,13024,1592,4372,1,2,0,0,0,0,20250603
202505,7호선,논현,44,3,2963,1485,4940,17633,8929,40609,14146,99088,13129,87743,12644,36951,14510,24800,16759,23482,19027,25451,23317,23548,28191,22208,34622,24556,61866,29902,94185,34410,54143,19453,36478,12507,36633,10827,33393,8457,16408,5717,3030,2696,0,0,0,0,0,0,20250603
202505,7호선,대림(구로구청),57,2,13065,979,9323,4527,17056,7936,23130,18855,18805,15596,14717,19263,15045,20940,16636,16833,17936,16571,19173,16661,18762,18472,19492,21282,20941,26086,20460,24316,13806,16108,11114,12385,9128,14737,7361,11247,3696,5867,455,1451,0,2,0,0,0,0,20250603
202505,7호선,도봉산,80,2,6069,1156,18397,5279,48047,9299,37882,16560,22077,18033,15371,16734,13813,14698,13930,14476,13541,14770,13291,14440,14591,16462,17053,19649,14328,24554,12531,36065,6227,35393,4472,22850,3517,19134,2653,17191,911,11277,163,4508,0,188,0,0,0,0,20250603
202505,7호선,마들,14,1,11675,1284,27677,3359,63898,8680,62956,12581,35253,11306,25329,10711,23490,12174,24983,14577,21036,16190,18097,18147,18316,23109,17793,27944,15660,33559,13863,49528,8770,46553,6339,27280,4401,24023,3489,22109,1457,13682,200,4296,0,1,0,0,0,0,20250603
202505,7호선,먹골,19,0,8195,824,13372,3562,33182,6317,42179,16222,25767,11599,19346,11510,17312,13224,18173,14142,18517,15351,17362,15916,17413,19620,18505,23261,18387,28256,19048,39425,13064,30876,9962,20637,8061,18037,5684,15909,2389,10119,424,2974,1,132,0,0,0,0,20250603
202505,7호선,면목,78,1,13460,1032,23818,5990,53996,9351,68316,30797,41107,17805,28003,15206,23522,15129,25028,18512,24540,18989,20955,19534,23116,26002,27460,32539,22836,38124,22996,52457,16275,44197,10543,29229,8216,26120,5851,24075,2671,13374,479,4609,0,0,0,0,0,0,20250603
202505,7호선,반포,35,1,1039,1084,3087,16658,8578,11975,12725,18894,9522,17016,7674,11163,7828,11274,9608,10944,10337,10643,11275,10171,14051,10349,22131,10385,20699,10906,18178,11941,12820,7533,10732,5367,10308,4875,7816,4610,2286,2701,265,923,0,0,0,0,0,0,20250603
202505,7호선,보라매,10,1,3864,948,6564,3351,16944,9261,24077,20972,15721,12495,10942,11227,10921,11301,11233,11488,11974,11728,11910,11352,13016,12235,14692,13212,15123,17171,16964,24327,8243,17436,7818,11344,6848,10833,5486,9025,2010,5835,316,2345,0,48,0,0,0,0,20250603
202505,7호선,사가정,34,0,13086,1306,24673,8328,53522,12101,68645,26174,43196,18322,30226,17305,25156,17877,26799,19848,25391,21611,23582,22789,23915,29812,24720,35789,26107,44859,25053,63711,18185,50488,13378,30618,10789,28896,8290,24633,4374,13646,733,4592,0,0,0,0,0,0,20250603
202505,7호선,상도,6,1,5564,1773,13327,5949,34644,8728,43877,26871,29433,20117,21012,20546,19018,18294,20468,17625,20974,17692,20278,19775,21200,19830,23655,22881,26913,30213,25114,44322,14631,29987,13144,20478,13857,18822,10708,18075,5924,12277,1312,3519,0,0,0,0,0,0,20250603
202505,7호선,상봉,504,15,11008,1623,21025,8433,51887,13066,72785,28190,39905,20166,26879,17756,24638,19039,27648,21358,27136,23458,25958,23858,27021,27057,30216,33788,32446,44296,32916,66924,24104,55800,19741,33999,18435,28809,14186,27856,7499,17350,1390,7602,3,38,0,0,0,0,20250603
202505,7호선,수락산,71,2,10752,828,21123,5917,45674,8515,47553,16980,31050,15968,23070,16433,21456,16383,22692,18491,22493,16584,22054,18050,21840,21412,21519,26393,20345,31373,19129,42191,12460,39916,8676,25200,6806,21489,4341,18910,2218,11515,304,4525,0,3,0,0,0,0,20250603
202505,7호선,숭실대입구(살피재),33,0,6441,1041,13886,3927,37202,8495,47504,37186,32111,24199,23436,37043,22305,25824,22708,20280,24120,25800,26284,23936,25434,23079,36621,27928,38527,34949,26401,48088,17729,34077,15972,23432,18022,21268,15300,21659,9206,14888,1814,4251,0,1,0,0,0,0,20250603
202505,7호선,신대방삼거리,74,1,10122,787,19601,5072,50575,9471,73307,18748,43407,16144,27378,14104,24955,15335,26153,16311,23627,18748,21273,19934,20541,24595,21977,28564,20677,38535,21392,59642,12988,44336,11379,28149,9714,27093,7156,23204,3423,14986,644,5288,0,53,0,0,0,0,20250603
202505,7호선,신풍,229,1,14108,1117,16495,5674,39875,11431,51356,20326,30601,14554,19697,12013,17413,12531,18557,12779,17568,13937,15972,14513,16414,18335,18405,23270,18313,30509,18584,41302,11880,29484,8830,19348,7169,18625,5114,16059,2299,8802,365,3017,1,454,1,2,0,0,20250603
202505,7호선,어린이대공원(세종대),43,2,3682,924,8029,8506,19645,17736,33097,80686,25812,55717,21803,55315,25451,44183,27967,34869,31212,44170,38387,35645,40732,28822,53087,28640,63982,30119,56247,39002,32092,27131,26442,19311,26149,16784,26528,16431,16854,11768,3382,3329,0,2,0,0,0,0,20250603
202505,7호선,온수(성공회대입구),148,1,8980,771,18942,4088,42015,11455,50621,21278,23575,14230,14401,8448,12725,9282,14091,9887,13064,11177,12050,11259,13762,13589,17725,16518,18863,22482,15475,37742,7283,27315,5807,18374,6349,14795,3805,13845,2056,9015,397,5020,1,1035,0,0,0,0,20250603
202505,7호선,용마산(용마폭포공원),5,0,5017,605,11148,2291,22745,3967,28013,9504,16191,6397,10424,6409,8900,5827,9397,6661,8797,7403,7418,7763,7483,10307,8261,11793,7857,15011,7531,21168,4979,17316,3551,11122,3062,10993,1931,9863,1007,6020,144,2033,0,0,0,0,0,0,20250603
202505,7호선,이수,38,1,4944,1632,10413,18016,28394,17066,42612,41734,30319,29915,22850,21633,22685,20643,24884,21832,26009,24302,26387,24590,28820,27366,35987,31866,37679,42332,44210,56798,27252,37287,25297,22319,27831,18771,23657,16619,12217,10321,1914,3295,1,22,0,0,0,0,20250603
202505,7호선,자양(뚝섬한강공원),22,0,5140,713,9981,5745,22639,8452,30992,15632,22270,13633,14170,11641,12373,14268,13488,17199,14412,20773,15280,21646,18904,25749,23154,30161,24112,36519,25900,48256,23878,39639,29843,26128,41186,16910,21969,13072,9212,6772,1286,2018,0,0,0,0,0,0,20250603
202505,7호선,장승배기,3,1,5741,2102,11681,9257,26544,8574,36944,17747,24548,12285,16721,9646,14768,9943,15059,11425,15226,12265,13198,12822,13736,15233,16979,17596,17679,21439,15124,30398,8627,22206,7480,15407,6576,13638,4746,12435,1971,8320,537,2687,0,1,0,0,0,0,20250603
202505,7호선,장암,1,0,2052,118,7608,1135,17119,1589,11962,1939,5434,2701,3414,3658,3017,3996,3730,3643,4161,2466,4717,1929,4856,2022,4706,2662,4480,3247,3624,4223,2323,3264,1501,2134,914,890,621,1106,156,615,18,255,0,0,0,0,0,0,20250603
202505,7호선,중계,34,2,10215,2344,25057,5713,60971,17630,63042,30412,35791,16616,26651,12695,24681,14940,27384,15644,22550,16993,22480,16418,21215,21142,26025,24447,21917,32558,19195,47338,10761,45179,8252,27067,9675,24227,6970,21252,2844,13071,380,3962,0,0,0,0,0,0,20250603
202505,7호선,중곡,6,0,6350,762,13713,4501,29821,16349,44025,28650,29029,14837,18512,10300,16506,9792,17390,11397,16689,12636,14625,13492,15636,16822,20532,20443,22177,23425,23116,33571,12231,26855,8831,17964,7191,16395,5591,14416,2045,8391,413,2755,0,0,0,0,0,0,20250603
202505,7호선,중화,76,1,8375,1010,15553,4850,34197,9653,44597,21748,27028,12963,18362,11999,16981,12607,18510,14076,17656,14146,16313,15783,18318,19332,19860,23216,21045,26694,20397,37510,12934,31582,9462,20433,7973,18527,6321,17241,2609,10061,364,3063,0,24,0,0,0,0,20250603
202505,7호선,천왕,19,0,8669,1091,20091,7118,52805,10314,57762,18528,32465,9181,20663,7924,17592,9585,17278,12503,15735,13897,14121,14782,15195,18512,17937,23104,17235,31793,15441,45930,7663,35372,5616,22686,4415,19429,3061,17260,1249,10864,290,2959,0,170,0,0,0,0,20250603
202505,7호선,철산,29,1,10418,3896,32383,10603,79856,17209,82285,36291,49652,28015,35592,20875,33831,20936,34229,23540,29603,26559,27993,27828,29864,33107,32055,41854,34875,61368,35870,88383,20704,66133,18607,39418,18012,35299,14938,31362,6724,18812,1164,5661,0,0,0,0,0,0,20250603
202505,7호선,청담,19,1,2447,3760,7142,34107,12000,56809,15362,125689,14517,85141,13835,34755,16824,22679,20008,22311,20961,23674,25356,21320,32886,19228,45380,19735,67093,21006,95795,21037,49171,14263,29425,10712,26113,9727,19673,7336,5571,4193,743,2954,0,0,0,0,0,0,20250603
202505,7호선,태릉입구,138,1,8045,1288,8181,5596,18941,9117,24578,22285,17020,16994,14040,19143,14911,22167,17632,18025,19142,19568,21853,20526,25921,19685,27465,19926,27665,21769,25991,26397,16160,21255,12184,14317,10550,12864,7829,12319,3573,8000,661,3874,2,1237,0,0,0,0,20250603
202505,7호선,하계,57,0,9596,1920,26534,7275,67915,17632,70736,28695,42005,23835,32393,18323,31028,18607,32135,24004,29510,28655,28365,25115,32693,28867,35946,33361,33654,40779,27255,59657,15631,50955,13354,32366,12445,28597,9059,27391,3284,17901,598,5578,0,0,0,0,0,0,20250603
202505,7호선,학동,11,0,2007,1632,4678,23418,9011,54201,11941,166860,11586,120713,12342,52910,16261,28548,20154,24446,23750,28609,28023,22985,36225,18929,45147,18961,82782,20762,145421,20630,67351,12673,38247,8871,33243,7903,23938,5758,8816,3632,1437,1381,0,0,0,0,0,0,20250603
202505,8호선,가락시장,211,2,4179,2692,6993,8252,12678,16428,14721,41059,11980,17096,11401,13249,11666,12955,12403,12248,13425,13383,14552,13056,15720,13259,17054,16056,21031,18583,28365,21716,13202,15452,11882,11253,11653,9113,8660,7512,4262,5334,1014,1778,0,506,0,0,0,0,20250603
202505,8호선,강동구청,21,0,5822,985,12019,5987,29831,16360,37711,33791,25510,15916,18334,12341,16025,11313,16281,13084,16597,15681,15237,14826,16033,18177,18162,20482,22009,26237,28240,33862,11580,25687,9318,16726,7865,15411,5776,13044,2303,7889,367,2163,0,0,0,0,0,0,20250603
202505,8호선,남위례,6,0,1884,1586,7692,5658,21786,9930,26829,24779,15584,12092,11372,7812,10201,7140,10808,8571,10950,10208,10569,9876,12803,10848,17367,14460,17673,19037,18883,25934,9347,19042,7830,12788,7547,10143,5797,10217,2507,6151,711,1371,0,0,0,0,0,0,20250603
202505,8호선,남한산성입구(성남법원.검찰청),121,15,11674,1694,22145,4770,52675,10687,63551,26659,34378,25120,23596,14389,20833,11332,22697,14176,20053,16410,18270,14549,20695,19686,24160,25031,25329,30444,21617,43809,10681,34078,8045,23086,5953,23093,4457,20116,1624,12512,314,3957,0,0,0,0,0,0,20250603
202505,8호선,단대오거리,69,0,10942,1623,20093,5763,48406,11541,55968,20078,29932,12442,20631,9398,17896,10346,19829,12061,18233,13280,15629,14983,16110,19899,19938,25679,21412,31505,21613,46711,10981,35380,8091,22991,6468,20962,4198,18977,2033,11497,434,3441,0,1,0,0,0,0,20250603
202505,8호선,모란,19,2,2532,521,3620,4167,9516,5375,11741,12682,8333,7645,8074,7972,8796,8080,10938,8617,11692,8082,11410,7871,12762,8340,15514,9434,13432,8666,12865,10979,7402,6835,5416,5049,5298,4609,4467,4033,2432,2502,742,1445,1,400,0,0,0,0,20250603
202505,8호선,몽촌토성(평화의문),11,1,1897,2098,4877,8972,13351,12735,19677,34375,13574,19424,11712,11716,13230,11191,11689,11291,11875,12592,12720,10929,14220,11075,17694,13308,21785,16192,25322,19401,11975,14823,10089,9958,9955,8151,8313,7488,4098,4815,772,1287,0,0,0,0,0,0,20250603
202505,8호선,문정,5,0,2613,3504,8990,11394,26756,56841,34768,165331,23204,76242,19124,29990,20656,20819,23650,21659,25798,24051,28794,21535,30974,21558,36530,25006,85147,29289,117742,40211,41825,29599,29293,18688,25616,15862,18581,15078,7501,7661,1342,2023,0,0,0,0,0,0,20250603
202505,8호선,복정,70,0,4067,2314,11957,10194,28402,11295,35970,19754,23133,16209,15444,10232,12507,7915,14214,9423,13557,9598,12774,9667,14102,12290,18172,15069,23309,22051,25187,30092,15152,20735,9827,14402,7252,12998,6122,11990,2646,5547,531,1210,0,0,0,0,0,0,20250603
202505,8호선,산성,4,0,5183,852,11302,2597,29408,3887,31001,9337,16802,6267,11874,5898,9635,5021,9736,5965,9331,6858,8102,7918,8622,10590,9402,12959,9568,17918,6919,27014,3733,21812,2931,14002,2381,13221,1533,11251,724,6966,137,2601,0,0,0,0,0,0,20250603
202505,8호선,석촌,3,0,2805,827,6347,4929,16360,10046,23876,23638,14549,20918,12272,15235,12540,17108,13784,17364,14265,18670,14752,17665,15230,19146,16981,20063,19905,26479,22915,31747,13743,21172,13024,13826,14001,11811,11516,9684,4667,5802,804,2037,0,11,0,0,0,0,20250603
202505,8호선,송파,25,0,3398,766,11000,5366,31039,11906,36780,19875,24583,12662,18589,10156,16981,10200,16451,11350,16098,14328,14268,14516,16263,17733,17070,20517,16964,25276,18274,33547,10639,24571,8064,15661,6490,14931,5406,12616,2097,6370,257,1935,1,53,0,0,0,0,20250603
202505,8호선,수진,9,0,3981,557,7147,2524,17219,5306,22190,13042,13080,7148,9910,6141,9712,6236,10696,7033,9642,8435,8463,8474,9795,8980,13152,10899,10063,11454,8148,15894,5206,13723,4392,8954,3762,8362,2608,7347,1090,5000,261,1542,0,32,0,0,0,0,20250603
202505,8호선,신흥,6,0,3899,692,7795,2948,19083,3628,22339,6981,13158,4776,8747,5592,7937,6185,8336,7801,7837,8345,7753,9155,8742,10461,10349,13482,9985,14661,8792,19689,5355,15896,4412,10457,3207,9225,2111,8327,1102,4536,209,1503,0,9,0,0,0,0,20250603
202505,8호선,암사,107,1,15472,845,25443,5621,66438,9083,79205,19708,44456,15055,29637,12344,26367,16238,25633,17526,24525,19750,21103,21937,20432,28544,21654,34075,22463,42864,22299,62627,14366,47936,11768,29237,9098,25850,6039,25127,2335,13644,485,4290,1,128,0,0,0,0,20250603
202505,8호선,암사역사공원,4,0,2938,462,9603,2616,28203,6723,32578,7607,17678,4799,11554,4741,10054,5053,9576,6431,9198,8179,8161,8665,8573,9247,10271,12473,10931,16843,10646,23204,5782,17448,4034,12513,3501,10029,2557,10769,920,5431,152,1364,0,0,0,0,0,0,20250603
202505,8호선,잠실(송파구청),37,2,1793,3216,3878,14809,8556,42030,11915,95686,10220,59573,11368,45990,16068,46796,20843,45321,26583,46292,34958,42689,44471,43522,51832,41453,63904,44669,81941,48858,54034,25787,51346,15304,48524,10329,34772,7538,12088,4908,2031,1878,0,163,0,0,0,0,20250603
202505,8호선,장지,16,0,5940,3127,19989,12161,46083,27774,51428,47497,34421,34097,24157,20620,21236,21630,22145,22261,23522,21849,23865,22757,29808,25579,34352,28842,45789,34927,48403,51374,28733,31286,23379,19752,18201,18652,8760,15536,3123,9503,513,2203,0,0,0,0,0,0,20250603
202505,8호선,천호(풍납토성),128,1,10747,2456,17287,12630,43678,19558,54892,34911,35034,32336,24490,24683,24004,27083,26111,28293,26905,32711,26913,31927,29342,36517,34072,40189,39494,52558,40339,70968,27295,48798,24815,30451,17692,28308,13989,22066,6800,13910,1596,4191,0,0,0,0,0,0,20250603
202505,9호선,가양,153,1,17229,1643,29205,10187,75515,30074,79597,55682,47323,32261,37676,20617,35323,22296,37611,23276,33425,25789,29592,29209,32068,35017,37139,40258,44555,48174,51862,74695,23627,60085,17467,40439,14387,34626,10046,32777,4285,20190,650,6069,1,217,0,0,0,0,20250603
202505,9호선,개화,14,0,2585,148,7144,2239,13074,3397,9586,4652,4160,2914,3203,2260,2959,2530,2642,2181,2705,2408,2998,2489,3259,2859,4350,2797,5908,4100,5676,5701,2394,5087,1814,2795,1526,2272,702,2082,305,1293,92,468,0,34,0,0,0,0,20250603
202505,9호선,고속터미널,29,1,2750,1712,6995,16580,19764,21808,27625,32713,22735,36788,22132,41727,23682,44531,27973,46617,29494,46889,33364,51534,38202,51975,42383,55602,43526,60579,43072,65198,36832,41690,37265,30959,35380,25491,25440,24181,9290,11316,1162,2533,0,4,0,0,0,0,20250603
202505,9호선,공항시장,8,0,3437,274,4420,1246,9579,2184,11669,4765,6856,3781,5373,3238,4692,3724,5326,4117,4833,3926,4395,4328,4389,5591,4713,6490,5140,7634,4383,11230,2912,8609,2440,6714,2017,5964,1479,5873,854,3731,130,1387,1,132,0,1,0,0,20250603
202505,9호선,구반포,14,0,275,2748,777,18156,1632,3110,2019,4008,1565,3055,1481,1748,1665,1473,1759,1686,1845,1956,2082,1649,3297,1584,14104,1632,11533,1866,5202,2110,2488,1258,1434,924,1167,725,798,739,252,383,64,208,4,5,0,0,0,0,20250603
202505,9호선,국회의사당,6,0,884,1798,2372,12433,5472,50541,8465,159788,8229,62662,11576,34065,16148,25971,19557,22432,24098,25685,28840,21508,31185,16642,42055,15400,77606,17646,103822,14720,40320,8621,29389,6043,25679,5420,14981,4498,5111,2705,981,929,0,0,0,0,0,0,20250603
202505,9호선,김포공항,5,2,559,2896,2778,12640,9351,16371,9550,19849,6638,17612,7415,19961,8306,21209,9549,23796,11365,22839,12584,22089,14571,20117,14311,24031,17267,27189,18641,25608,13577,13985,11145,6109,10887,3930,9200,3000,3067,1978,97,1476,1,151,1,1,1,1,20250603
202505,9호선,노들,5,1,4226,407,6831,1585,18185,2602,22407,5536,13285,6276,9466,4640,8244,5220,8840,6629,7968,7919,7404,10198,7520,10409,8589,12037,9283,14623,9335,18576,8165,12631,9887,8928,5813,7738,3679,7283,1392,3959,274,1375,0,1,0,0,0,0,20250603
202505,9호선,노량진,492,12,18256,2095,27367,13156,67446,38693,91504,62312,53518,45715,37225,28671,35917,32021,41139,37152,43352,40450,37303,36955,37976,39525,44762,46033,57108,67663,55588,93219,34657,60886,35031,46352,40723,44264,39487,44490,12747,24964,1667,7210,0,0,0,0,0,0,20250603
202505,9호선,당산,96,0,9265,1629,17977,7788,51667,16785,61149,44444,37620,27092,28733,17488,27818,19585,30628,20667,28230,24330,26505,23089,27592,27747,30623,33251,39864,46172,48588,65467,27230,47348,21888,33634,20513,33436,16710,30746,8346,20168,1605,5606,2,280,0,0,0,0,20250603
202505,9호선,동작(현충원),47,1,1030,250,1681,2499,4528,1844,5382,5208,3697,4460,3877,4254,5120,3431,5427,3151,4668,3773,4563,3293,4857,3175,5539,2988,4749,3405,4182,4767,2116,3099,1848,2291,1529,2093,1318,2010,614,1318,80,1324,1,212,0,0,0,0,20250603
202505,9호선,등촌,15,4,6378,1258,16555,5536,50030,8285,59310,19764,28328,13068,20108,11759,21085,12320,19947,14696,18739,15998,16895,17001,18257,20373,18984,22540,18532,33299,19273,47763,10827,36772,8181,21536,6778,19693,5127,16799,2413,9914,438,3113,0,0,0,0,0,0,20250603
202505,9호선,마곡나루(서울식물원),15,0,5319,1534,11180,10951,29790,25164,32003,61228,18438,29267,14657,19146,16326,18004,19407,18307,20500,18966,21875,18132,24001,18376,29676,20575,48202,27497,53535,39217,25250,30314,21081,19046,19640,19131,15793,16274,7297,11572,1020,4151,0,429,0,0,0,0,20250603
202505,9호선,사평,3,0,1163,312,3942,2290,11804,5932,15886,8533,9532,4571,7467,4056,6424,3906,7578,5174,6889,6982,6435,6400,7412,8192,8868,8220,9274,10409,9013,12520,5384,9245,3734,6859,2590,6292,2206,6438,767,3217,201,892,0,0,0,0,0,0,20250603
202505,9호선,샛강,9,0,1659,1245,2562,4661,5480,17351,7076,36385,5812,14073,5947,9178,7000,9100,8138,7737,8981,8482,9611,7740,10839,7327,12842,8586,22394,11142,30420,13993,12766,8309,10951,4620,10022,4213,8088,3790,3865,2403,827,814,0,19,0,0,0,0,20250603
202505,9호선,선유도,2,0,2317,1417,6864,4283,23428,14520,28069,38856,13898,20373,10473,8911,10377,8960,11105,9994,11474,9439,11318,10001,11810,11037,15543,11532,27019,14535,35579,23132,14061,16237,8614,10464,7052,8647,5027,8716,1952,4795,352,1544,0,15,0,0,0,0,20250603
202505,9호선,신논현,82,0,4513,1684,13548,16322,30519,39330,39529,84926,32647,101828,30248,60625,36134,45626,42151,47455,46210,49378,48694,49000,54922,48872,66506,55438,84922,74355,105352,92001,78481,56417,61005,36720,64970,29775,55228,25371,26684,16064,4694,3756,1,666,0,0,0,0,20250603
202505,9호선,신목동,4,0,2559,410,6846,2589,21890,3902,20317,6983,10866,5130,8295,3327,7007,3387,7216,4638,6716,5299,5354,5180,6075,6601,6880,8381,7939,9973,7007,15949,3733,11732,2516,7530,2049,7464,1897,6057,646,4396,160,1279,0,111,0,0,0,0,20250603
202505,9호선,신반포,2,0,959,760,3024,7475,10567,9715,13762,11335,8499,8468,7000,7231,6336,6326,6893,6573,8268,8203,7974,7850,9955,8095,13429,8529,13451,10587,12004,13222,7455,9523,6334,5893,7311,4641,4476,5422,1070,2635,241,872,0,1,0,0,0,0,20250603
202505,9호선,신방화,3,0,5388,836,12005,2887,27792,6028,27620,13376,16047,7814,12469,6327,11107,6833,11411,8120,10835,8935,9493,9772,11174,11269,11031,13885,9842,17508,10546,23637,6440,20548,5361,12457,4121,11080,2950,11914,1156,6496,203,2214,0,0,0,0,0,0,20250603
202505,9호선,양천향교,4,0,4957,1138,11179,9972,30379,17408,31796,44743,16400,18819,13147,10988,13788,9130,15988,10990,14507,12480,13928,10989,15734,12058,19911,15097,27408,19535,35054,28830,13396,24954,9020,15796,7361,16187,5314,13377,2250,10238,470,2539,1,225,0,0,0,0,20250603
202505,9호선,여의도,13,1,3170,2832,4615,29022,9501,151706,12094,166511,13158,79085,17535,38736,26113,38650,27546,39179,34200,39413,38381,34556,48361,31235,64837,32614,158375,32756,154050,34121,75369,19542,65736,11634,47849,9671,26636,8709,8704,4747,1354,1980,1,313,1,1,0,0,20250603
202505,9호선,염창,7,0,13786,849,29297,5483,78666,8973,85409,19058,49350,12532,32409,11326,28405,12924,29100,15475,25334,18174,21422,20707,21528,26616,22679,32045,24331,50346,23959,71854,13787,59770,10995,39468,9697,35097,7003,35758,2911,20871,446,6766,2,392,0,0,0,0,20250603
202505,9호선,증미,0,0,2683,555,8586,3067,23233,11204,24892,45665,13449,17933,9972,6484,9757,6173,9888,6616,9881,7112,8525,7926,8681,8746,10043,9853,21104,13499,35662,20373,10365,15414,5886,9379,4976,8538,2668,8553,1111,4680,221,1623,0,0,0,0,0,0,20250603
202505,9호선,흑석(중앙대입구),7,0,4208,1066,6976,5678,19407,13215,23284,29490,16257,17954,14268,19194,14846,15960,16823,16231,16811,15536,17890,16497,20479,15670,23210,17093,28648,25703,22646,30645,13563,21167,13082,14567,13317,12452,11670,12438,5741,7068,1305,2682,0,30,0,0,0,0,20250603
202505,9호선2~3단계,둔촌오륜,0,0,2360,285,8275,1863,21394,3850,20833,4437,11723,2493,8212,2599,6670,3300,6544,4008,5966,4562,5216,5164,6196,6877,7849,8016,6164,11643,4661,18509,2835,14719,2070,10159,1858,8316,1400,9604,606,4353,129,1707,1,156,0,0,0,0,20250603
202505,9호선2~3단계,봉은사,5,1,1819,2619,5418,30172,9373,46681,10557,119569,10095,95034,11854,58624,19823,48751,27829,45049,34098,48399,42620,39470,52790,34519,73283,32418,96999,30062,112188,28295,56852,17910,41117,10683,35363,8607,24179,6129,6203,3858,986,820,0,0,0,0,0,0,20250603
202505,9호선2~3단계,삼성중앙,3,0,1126,519,3158,4960,6333,18256,8618,45741,6944,32941,6614,12329,7606,8778,8801,8516,9626,8777,9617,8372,11266,7869,15758,8954,25975,12220,42130,13249,18669,8992,11782,5981,10093,4778,6881,4833,2632,2792,623,1049,0,1,0,0,0,0,20250603
202505,9호선2~3단계,삼전,31,0,5099,667,8671,3148,23370,6077,36416,18437,24572,10029,14796,7097,12208,7392,12328,8470,12511,9641,10977,10263,10873,11555,12012,14837,14851,18694,18018,29042,8726,23368,7375,14784,6147,14913,5121,12022,1929,8352,360,2437,0,521,0,0,0,0,20250603
202505,9호선2~3단계,석촌,17,0,3648,514,9864,3540,24864,5916,35614,13251,24321,12299,15796,10317,14423,11140,15401,12862,16347,13545,15027,13490,15610,15027,17381,16505,18423,23433,19451,33095,12442,25872,11483,17291,11929,14821,9795,15204,4471,7810,667,2221,0,3,0,0,0,0,20250603
202505,9호선2~3단계,석촌고분,3,0,3537,581,7870,2593,19505,5746,32431,15483,21280,10622,12481,6689,11094,7175,11705,8824,11114,8841,10177,9257,10124,10648,11437,12659,12602,17328,15712,26732,8237,20389,6337,13866,5652,12597,4421,12128,1495,6813,284,2464,0,3,0,0,0,0,20250603
202505,9호선2~3단계,선정릉,7,0,1096,1071,4365,6898,8731,21007,10978,58399,9632,48889,8358,21562,9214,14207,11609,13484,12501,14662,13921,12819,14941,11858,18924,11889,33375,14831,52702,15966,28961,11446,16020,8150,13677,8124,10230,7113,3814,4567,741,1303,0,14,0,0,0,0,20250603
202505,9호선2~3단계,송파나루,0,0,2132,289,4825,1737,13882,5121,21194,13445,14317,9160,8339,6747,7284,8404,8587,10387,9257,9405,8902,9230,9180,9862,9644,11848,11780,17412,14485,24349,8790,18487,8045,10537,8337,8066,6613,7604,2623,4218,467,1431,0,0,0,0,0,0,20250603
202505,9호선2~3단계,언주,2,0,1574,1165,3186,8021,7342,24135,10628,67031,10059,51182,10835,21789,12327,14095,14058,12138,14985,15436,16742,13585,18723,11808,24288,12744,42771,14136,57286,15411,28195,10475,16600,7359,12974,7848,9668,5807,3336,3774,637,1229,0,71,0,0,0,0,20250603
202505,9호선2~3단계,올림픽공원(한국체대),0,0,2250,635,8185,3988,17306,6856,20244,19116,13969,15256,11465,17299,12228,20481,13782,20953,14308,28871,13526,28239,15519,32354,18684,34421,19311,33502,19465,30990,18865,20172,28208,12215,45101,12305,35357,10783,9835,6811,325,1993,0,30,0,0,0,0,20250603
202505,9호선2~3단계,종합운동장,5,0,1564,197,4154,2151,10064,6347,13344,11697,9134,9909,6713,6280,6896,6507,8328,8092,8473,8284,7617,8276,8541,9409,10566,11381,13221,15046,13241,18519,9105,12033,10702,7756,9789,7350,7876,6516,4399,3535,745,1052,0,14,0,0,0,0,20250603
202505,9호선2~3단계,중앙보훈병원,21,0,5169,554,23246,6231,49486,13052,52045,22773,32701,14811,22700,14931,21139,10615,19578,13316,15861,14972,18400,14633,20139,14544,20064,15979,21870,25033,16477,40232,7949,30696,5939,19666,5071,17310,3430,19207,1158,8128,196,2683,1,226,0,1,0,0,20250603
202505,9호선2~3단계,한성백제,6,0,1319,356,3856,1079,8231,2537,11899,8592,7124,5723,5085,3952,5242,3922,5425,3889,5527,4656,5354,4269,5734,4628,6105,5342,7032,6618,8917,9330,4193,7685,3459,4409,3179,4626,2351,3605,864,2775,196,768,0,0,0,0,0,0,20250603
202505,경강선,경기광주,0,0,3325,336,17576,2855,42039,6285,43804,9739,21088,5529,15494,5177,12618,5665,11913,7028,10258,7753,9025,9571,9448,11255,11240,16078,10912,21970,8641,34196,4771,31602,3726,18984,2626,15266,1931,11672,568,5893,52,105,0,0,0,0,0,0,20250603
202505,경강선,곤지암,2,0,1178,303,3184,2571,7619,4966,6732,6665,5155,2901,3743,2780,3948,3463,4008,2590,3993,3878,3666,3472,4789,3749,5448,4659,7353,5859,6051,6804,2358,5279,1946,4038,1297,3320,453,2994,142,1803,4,430,0,0,0,0,0,0,20250603
202505,경강선,부발,3,0,1331,52,3813,1935,7900,6919,6418,6104,5749,2706,4399,2312,4745,2365,4038,2924,3756,2961,3475,2950,4754,3432,5028,4837,7659,5830,5350,6572,3639,5191,2235,4961,1366,5023,660,3969,450,3724,14,1503,0,0,0,0,0,0,20250603
202505,경강선,삼동,0,0,1863,66,5431,1335,12455,2230,13492,2200,7582,1159,4866,1313,3954,1376,3212,2091,2979,2020,2386,2573,2324,3728,2667,5020,3293,8250,2774,9411,1400,8364,999,5273,693,4817,413,3393,140,1865,16,56,0,0,0,0,0,0,20250603
202505,경강선,성남,1,0,247,20,1624,864,5038,1494,5170,1905,2632,1030,1915,910,1754,1204,1617,1227,1373,1376,1236,1383,1863,1840,2088,2188,2638,3216,1893,4403,1181,2458,1066,1841,957,1531,773,1085,299,548,15,124,0,0,0,0,0,0,20250603
202505,경강선,세종대왕릉,0,0,271,7,619,265,874,771,979,1063,910,874,927,682,738,919,645,828,792,521,834,749,751,737,986,856,933,716,795,985,373,719,248,543,148,466,60,440,10,229,0,92,0,0,0,0,0,0,20250603
202505,경강선,신둔도예촌,0,0,947,20,3037,484,6078,2889,5030,3300,3844,1854,3059,1512,2506,1883,2577,1567,2474,1599,2288,1829,2903,2173,3175,2825,4247,4502,3286,4138,1478,4786,1125,3096,741,2669,262,2424,82,1394,2,348,0,0,0,0,0,0,20250603
202505,경강선,여주,10,0,2473,16,5050,960,9974,3836,8402,5622,7436,8912,6552,6431,5809,9274,6020,6493,7232,4891,8813,6093,9854,5832,10827,6788,9013,8348,7253,9540,4022,8745,3085,7206,2411,3634,1036,6524,287,3594,4,1512,0,0,0,0,0,0,20250603
202505,경강선,이매,22,3,765,36,1698,1057,4050,2399,2891,3259,1700,1513,1695,1255,1530,1137,1680,1329,1379,1494,1386,1348,1731,1670,2057,1869,2174,2676,2013,2915,1349,1650,1252,1171,1363,891,1050,701,369,497,14,86,0,0,0,0,0,0,20250603
202505,경강선,이천,5,0,966,68,3559,1994,8753,6455,7525,8608,6578,4696,6260,4498,5643,4297,5200,4973,5160,4734,5358,4964,5476,5311,7300,6717,7524,7668,7490,9585,3996,8164,3361,6425,2626,4789,1224,3726,608,2473,20,1048,0,0,0,0,0,0,20250603
202505,경강선,초월,0,0,2074,142,8143,1830,18320,4534,20251,5416,9117,2372,6749,2370,5606,2335,5423,3153,4700,3285,4419,4295,3904,5012,5377,7401,6244,9040,4910,14901,2496,11374,1844,8487,1316,7430,715,7009,279,4423,29,62,0,0,0,0,0,0,20250603
202505,경강선,판교,6,0,812,9,2755,8194,6628,18753,4417,37108,3128,19049,3476,12842,5797,10106,6202,7482,5599,5571,7114,5579,10101,5623,15534,7338,20331,7389,24045,7004,17446,3747,19345,3139,11105,2022,6549,1282,2026,808,2,217,0,0,0,0,0,0,20250603
202505,경부선,가산디지털단지,1280,11,6967,2426,8073,12783,16427,58884,18095,150617,12733,72322,12032,23534,13298,17128,15023,17493,16661,17639,16619,17335,20403,17145,30934,20852,78058,25798,105974,29761,43138,21096,26022,15164,21691,13773,14317,13327,6253,7753,238,1350,0,0,0,0,0,0,20250603
202505,경부선,관악,213,2,7920,1782,13804,4361,31153,7184,27873,11905,17094,11524,12351,10812,11052,8514,12867,8016,12570,8103,10962,8727,11013,10598,12052,13071,12518,19045,10806,28273,6711,20479,5449,12913,4502,12032,2577,10404,1190,7643,77,722,0,0,0,0,0,0,20250603
202505,경부선,광명,0,0,14,1616,3551,3159,11513,6469,10120,7853,7744,6685,4184,4431,8442,2610,6041,8799,5816,173,3808,8743,6726,4178,8147,5436,9229,7493,9960,11903,8688,6377,3005,4672,7875,3256,2749,4890,1315,67,6,4,0,0,0,0,0,0,20250603
202505,경부선,구로,11881,104,21296,4539,18152,14433,36776,31021,37158,65563,28163,38111,23200,28880,22995,27311,25602,24843,26621,25918,26504,25167,30295,28485,36188,32027,51889,39858,53807,41487,24798,28528,20603,20897,17677,19786,11880,17205,4759,13603,30,12511,0,1,0,0,1,0,20250603
202505,경부선,군포,56,1,5417,2816,8465,12158,17825,31303,16996,36622,10460,7970,8039,4824,8067,4784,8253,5196,7194,5753,6857,5975,8033,7480,11791,8117,24786,10929,31219,14045,10524,11538,7675,7451,4421,6550,2519,6000,1084,3700,56,601,0,0,0,0,0,0,20250603
202505,경부선,금정,537,7,25207,5646,39505,22137,92177,47212,90583,91865,59399,37357,44076,25186,40101,27740,40555,28875,38439,32232,35160,33639,37961,43232,44408,52748,69246,71035,76170,97484,36107,73637,28984,48280,23836,46033,16474,39128,7810,26348,618,11326,0,0,0,0,0,0,20250603
202505,경부선,금천구청,567,10,11369,1205,18497,6435,43148,16045,40935,28360,26193,12054,19746,9972,17485,10642,17438,13246,16045,13840,14702,14613,14716,18042,16378,24379,17463,31548,25798,45022,10720,30760,8370,17703,6738,17824,4301,14586,1589,9132,58,866,0,0,0,0,0,0,20250603
202505,경부선,남영,135,2,2697,1527,5038,7809,13035,19693,19540,43996,12320,26582,10212,16918,10714,14140,12109,13144,12879,14136,12819,12962,17095,13794,22510,15116,27333,19215,35220,24940,16162,16198,15078,11025,15364,9855,12391,9215,5089,5273,336,1233,0,0,0,0,0,0,20250603
202505,경부선,노량진,370,21,4881,2162,7914,6139,18635,8816,24117,14247,14449,12547,12119,10002,12589,12407,13692,13396,15146,12903,15196,11948,15614,14174,17282,19289,19853,27553,19557,38331,16065,21963,16616,13891,17394,12535,14871,11401,5153,7312,348,1632,0,0,0,0,0,0,20250603
202505,경부선,당정,29,0,4842,913,11958,3499,25066,9062,22331,17016,13589,9981,10060,7074,10153,5985,10739,6895,9263,6600,8769,6507,10177,8299,10970,10730,13532,14449,14048,21618,6139,17224,5020,11832,4007,9925,3973,9915,1421,6595,98,1278,0,0,0,0,0,0,20250603
202505,경부선,대방,536,5,5046,2167,9973,9380,25082,32190,30944,42297,19654,20375,14999,11971,14658,11845,15494,13018,14991,13907,15085,13254,15723,15124,16410,18093,28970,24708,35556,32808,13188,20281,10212,15416,8475,15152,6016,13699,2030,8538,149,2235,0,0,0,0,0,0,20250603
202505,경부선,독산,680,7,8744,2355,19719,13018,47844,40686,47732,83615,27261,37349,20891,13218,20325,12056,20688,13838,19353,14736,18353,14337,19805,18071,28992,21875,52391,29797,60379,46025,25567,35435,16158,22980,11362,22600,7413,21873,2946,12256,124,993,0,0,0,0,0,0,20250603
202505,경부선,두정,1061,8,5723,1386,11346,4144,19319,10131,18747,26131,17767,25298,13820,17430,14345,14673,16790,16292,16178,13929,15141,12650,18298,12074,19985,17940,21158,20222,19323,26832,12587,17889,10089,15306,9795,11943,6674,13356,3470,10799,70,3087,0,0,0,0,0,0,20250603
202505,경부선,명학,147,4,6852,1825,10306,8063,24459,24583,21547,49972,12329,15070,9782,9894,9554,12128,10872,8753,10177,9309,12906,9120,11359,8269,16301,9840,28132,13725,33149,19499,11942,16792,10011,9531,7441,8155,5632,8194,2327,5935,170,1283,0,0,0,0,0,0,20250603
202505,경부선,병점,3387,28,8509,3168,30443,12158,53826,21478,48109,32850,34648,21194,29153,16669,27824,17659,29095,21653,24250,19124,24267,22885,27519,27555,31854,34059,37059,46472,33715,53708,21484,43838,15849,33222,12850,25788,9370,26166,3441,18601,49,8223,0,0,0,0,0,0,20250603
202505,경부선,서동탄,0,0,1579,9,6070,803,10534,1332,4483,1204,3232,920,2213,750,2281,1154,1968,1150,1750,1244,1557,1576,1871,2229,1613,2759,1899,3449,2020,5631,923,5993,813,2715,442,2107,398,2684,142,1557,4,1153,0,0,0,0,0,0,20250603
202505,경부선,서울역,4,1,69,809,145,5695,12569,8773,23998,9972,21243,8065,15273,7144,20861,4863,20007,7096,19329,6397,6530,5851,22426,7299,18307,7881,22127,10445,29471,10802,26618,8127,16776,5784,23627,5327,17448,4390,10142,984,1531,150,0,0,0,0,0,0,20250603
202505,경부선,서정리,73,3,4746,2945,13119,7657,19045,15076,19374,21702,15883,11722,14985,8874,14486,8944,15151,11329,13028,11887,13752,11261,16518,13672,21416,19493,31891,22352,19837,22209,11234,19489,9424,15371,7022,12065,4801,11864,2809,9221,98,872,0,0,0,0,0,0,20250603
202505,경부선,석수,291,3,7784,2553,15861,6263,32979,11245,31736,12880,20086,10188,15101,8093,12964,6437,12786,7561,11890,7928,11264,9643,12411,12127,13264,14954,15942,21160,14059,29603,8265,22465,6159,14022,5126,14249,3594,12453,1404,7670,98,636,0,0,0,0,0,0,20250603
202505,경부선,성균관대,278,16,9843,2569,29195,8319,68197,11076,57968,28428,31357,20808,24912,17602,22644,17623,24669,16360,22969,21346,21456,19280,22717,23964,29717,30525,30798,43751,27165,62911,17692,48456,14547,31428,13380,28704,11433,24471,6345,18204,349,2914,0,0,0,0,0,0,20250603
202505,경부선,성환,36,0,2217,998,4180,3585,7455,12346,7338,21500,7911,24065,7913,10922,7767,7224,11039,10542,12102,10027,11057,6473,15782,7247,26336,7931,22141,8743,15444,9432,7306,7160,5811,6902,3786,6130,3941,6624,1946,5190,112,1279,0,0,0,0,0,0,20250603
202505,경부선,세류,524,6,4193,632,9628,3105,17361,3993,12074,4797,6987,3934,5488,3351,5268,3672,5282,4116,4661,4159,4198,4226,5417,4990,6371,6564,7210,8415,5421,13324,3526,10370,2839,7598,2383,7387,1427,5445,549,3416,13,998,0,0,0,0,0,0,20250603
202505,경부선,세마,230,5,2102,1143,7089,3567,11621,5313,10959,10140,7723,3005,5632,2460,5070,2944,5479,3000,5716,3670,4738,3842,5358,3805,6964,7622,8430,9343,8761,9786,3590,9400,2562,6272,2004,5703,1463,5460,618,3197,60,322,0,0,0,0,0,0,20250603
202505,경부선,송탄,77,3,5836,1035,8275,3386,13822,6325,12993,10000,10495,5182,9029,4595,9210,5524,9036,5621,8515,6118,7511,6927,9530,7839,11935,9815,10134,12445,9681,13392,5835,12869,4322,10312,3579,8840,2182,7635,1105,6646,63,461,0,0,0,0,0,0,20250603
202505,경부선,수원,2368,60,21250,5010,38242,33349,76963,59659,73129,83247,54489,83409,52359,81691,56432,82347,62685,95107,65837,88164,68346,85767,85913,86531,104346,100299,109172,112346,111298,135413,86717,96427,95296,56821,75888,47272,66082,36756,25315,25380,723,7854,0,0,0,0,0,0,20250603
202505,경부선,신길,817,5,8900,1684,10667,6373,24294,20393,31368,29946,18762,12567,12803,7648,11257,7296,13491,8290,11891,9462,10535,9228,11652,11176,13541,13091,19464,16753,27749,22217,11003,15825,8066,12006,6813,12553,4882,10451,1980,6602,168,1780,0,0,0,0,0,0,20250603
202505,경부선,신도림,559,7,2017,915,3528,3316,8754,7415,10571,15037,7215,8744,5315,5743,5034,5564,5360,5682,5300,6309,5518,6093,6024,7309,6637,7968,10532,10467,13733,13823,7075,7939,5844,5518,4517,4724,3508,3944,1706,2768,92,1348,1,1,0,0,0,0,20250603
202505,경부선,안양,398,8,16577,2842,37862,11981,88146,20372,77426,51854,47417,53922,36878,36941,35810,37215,41948,35298,41473,42016,38521,33228,46653,41851,57978,46576,57318,65640,43038,91318,28690,64848,24386,39985,23431,33216,19344,27340,8287,20188,493,3159,0,0,0,0,0,1,20250603
202505,경부선,영등포,4337,122,15544,7758,16405,26805,41302,58277,61139,121526,41806,93753,45023,77136,51998,84461,60501,90375,64780,93821,65211,84050,92072,81306,104478,83108,120949,92956,158957,104770,96148,67686,96898,42570,72036,33716,57905,28097,23537,15863,771,4399,0,0,0,0,0,0,20250603
202505,경부선,오산,505,4,7749,1773,17273,10438,29487,26057,32119,21469,23640,15207,21304,13229,20305,12208,20897,16263,18611,16977,18223,16996,19306,21528,24751,25635,26400,31386,26284,34880,16610,26724,12186,20467,9003,16712,5402,11762,2426,9811,159,938,0,0,0,0,0,0,20250603
202505,경부선,오산대,267,1,3409,972,8064,2711,14103,4469,12255,10118,8073,5339,6263,6955,5993,6639,6113,4992,7186,5736,7200,5611,8514,4878,10124,7637,10098,9894,9390,13366,4405,10958,3671,6626,3471,6174,2264,4999,1156,3395,114,346,0,0,0,0,0,0,20250603
202505,경부선,용산,364,13,4106,5881,6431,40156,23715,91509,34901,146306,50979,116104,34757,89955,59629,80785,56127,86994,69968,88742,57450,84676,107289,85247,114376,90760,130807,97996,162348,94092,108234,65397,114159,45372,110215,30503,78960,16904,28770,7367,1096,2148,0,0,0,0,0,0,20250603
202505,경부선,의왕,137,1,6687,2476,14052,8930,27939,32789,27663,28927,15676,12434,12168,7955,12525,8222,12789,8385,11474,10138,11198,9380,13079,11610,18752,14553,29677,19437,24081,27179,11757,20611,9751,14227,6644,12417,4228,10603,1752,7343,126,1417,0,0,0,0,0,0,20250603
202505,경부선,직산,61,1,812,380,1894,1254,2914,3558,2797,3763,2305,1462,1917,1101,1749,1087,1677,1203,1657,1398,1488,1374,1784,1475,1770,1959,4064,2613,3420,2552,1348,2561,1086,1572,703,1546,392,1287,168,1146,18,178,0,0,0,0,0,0,20250603
202505,경부선,진위,42,0,1100,352,1734,3121,3208,8185,3044,7915,2362,2724,2013,2464,1961,1366,2006,1150,2302,1390,2089,1294,3783,1742,4406,1960,7574,2565,7266,2698,2827,2534,1666,1664,1107,1761,552,1093,222,918,16,61,0,0,0,0,0,0,20250603
202505,경부선,천안,1452,6,3348,864,6603,4000,13073,6867,12712,17238,16715,16924,13229,14210,15178,15808,14731,15969,14847,14901,20743,14509,21714,15632,25024,16373,22022,22257,18788,19830,12795,13551,10153,10806,7350,7503,4511,6674,2657,4160,24,2922,0,0,0,0,0,0,20250603
202505,경부선,평택,134,3,8374,3279,14440,9920,29055,17260,34198,26230,29796,24054,27285,19578,24838,24888,24685,24649,26228,24946,25467,27057,27192,30065,31049,37259,34013,42060,31441,42445,21666,26848,22845,23546,16182,17486,13993,14911,7255,8672,108,2869,0,0,0,0,0,0,20250603
202505,경부선,평택지제,14,0,2760,4695,5594,8599,12311,12826,11915,7276,8501,5543,7152,4125,6713,4851,7342,5121,5208,4725,5737,5158,8021,6782,8233,8473,13739,10516,10340,11558,7956,9494,5601,6805,5116,6547,4880,6373,2721,3781,29,442,0,0,0,0,0,0,20250603
202505,경부선,화서,473,23,9621,1249,25103,4041,48172,6919,38053,14005,19176,14439,14871,13263,13571,19071,14359,21064,14825,23647,17033,21312,21192,22411,24155,25338,23517,31623,23194,47934,17747,34161,15080,19609,14340,15306,11615,13511,1948,9118,133,1571,0,0,0,0,0,0,20250603
202505,경원선,가능,475,8,8076,1890,11959,3769,24120,7401,22037,14906,14080,8070,13236,6759,12026,7792,11940,8149,10501,9126,9416,8486,10037,10567,11152,12282,12826,16067,9213,19697,6028,18958,4836,12175,4084,9745,2491,9299,1231,5209,220,2266,0,0,0,0,0,0,20250603
202505,경원선,광운대,2434,8,6869,1088,14781,2807,30657,6795,28934,20926,17176,11917,13601,12661,13850,17117,13930,12487,14517,14967,15384,14650,15608,14147,17230,17219,18412,20488,14140,26355,8737,21384,10425,14110,8576,12669,8469,11668,3804,9733,205,5262,1,0,0,0,0,0,20250603
202505,경원선,녹양,420,2,5671,922,7722,2239,16179,5248,15629,8889,10414,4825,9228,3977,8741,5449,8699,5539,7753,5882,6694,5690,6760,7123,7726,8206,7790,11390,7408,13492,3862,12658,3025,8705,2233,6745,1448,7017,589,4071,65,1617,0,0,0,0,0,0,20250603
202505,경원선,녹천,1487,41,4504,851,8212,1694,20167,4927,18590,4456,10709,2897,8416,3524,7826,3372,7978,4273,6323,4563,5646,5528,5706,6512,7497,7934,5878,9785,4958,14382,2859,11388,2113,7444,1868,6897,1562,6409,452,3573,40,1089,0,0,0,0,0,0,20250603
202505,경원선,덕계,33,1,6468,618,16479,3232,29712,4333,30271,7056,15282,5114,12205,3588,10226,4640,9402,5386,8642,6189,6834,6619,7412,9451,7747,12911,7876,17760,7016,24047,4303,19931,3424,13159,2749,11977,2128,9202,1147,6893,226,2547,0,0,0,0,0,0,20250603
202505,경원선,덕정,9,0,5275,1035,10582,5241,21457,9752,21768,20231,13341,14609,12209,8496,11583,7765,11797,7908,13394,9348,9878,8453,13300,9720,14222,11590,16709,14557,13818,17074,5636,14831,3973,10005,3263,9697,2182,7110,1195,5315,278,2279,0,0,0,0,0,0,20250603
202505,경원선,도봉,261,6,7048,1200,10230,3486,19490,4101,18367,11437,13996,8373,12196,7292,11290,7606,10678,8744,10523,9146,10149,9390,10000,11354,9927,13200,9831,14412,10820,16747,4991,14315,3475,8850,2861,7761,1782,7113,831,3855,136,1583,0,0,0,0,0,0,20250603
202505,경원선,도봉산,285,3,6942,1046,9776,3026,20749,5493,22107,10106,16566,14741,14045,17418,14737,17208,16672,16222,20808,13322,23105,11445,23304,11537,23240,11126,19249,10590,14830,11022,9826,8962,6110,5833,4199,5087,2558,4628,1147,2908,185,1249,0,0,0,0,0,0,20250603
202505,경원선,동두천,40,0,1321,541,2476,2319,4188,5489,5178,6123,4287,7145,3478,3390,3772,3418,4426,4900,4674,4291,4312,3383,6149,2970,7537,3058,5869,4088,4702,3844,2288,3179,1390,2715,741,2298,643,1943,406,2022,39,636,0,0,0,0,0,0,20250603
202505,경원선,동두천중앙,35,0,2509,681,4812,1904,8572,4299,8883,10624,6790,4308,6518,4979,5914,5121,6933,4734,5905,5139,5341,6082,6237,5845,6833,5746,6650,6739,6481,6950,3041,5562,2120,4418,1719,3457,965,3154,473,2385,21,1308,0,0,0,0,0,0,20250603
202505,경원선,망월사,510,8,8000,1158,13143,3672,28428,5438,26630,22648,19887,15994,16059,10570,17208,18582,17253,13821,16564,13039,17470,14641,14936,14777,17442,18588,20078,22133,12505,27431,7657,24074,6742,14792,6181,13292,7308,11745,2567,7324,454,3683,0,0,0,0,0,0,20250603
202505,경원선,방학,512,10,12050,1906,16067,7164,33356,10361,32096,21019,22929,12234,19267,12224,18862,12067,20028,13900,17509,14024,15993,16716,16109,20020,17569,22763,17552,25799,18098,30714,11491,26404,7927,15973,6681,14002,4473,12457,2371,6897,399,2753,0,0,0,0,0,0,20250603
202505,경원선,보산,47,0,1520,380,1951,1512,3796,2261,3961,3428,3370,1663,3361,1729,3022,1914,3052,1536,2779,2219,2553,2371,3126,2818,4815,2994,5164,3755,3143,4036,1849,4144,1440,3383,964,2424,511,1909,241,1679,17,716,0,0,0,0,0,0,20250603
202505,경원선,서빙고,91,0,1065,751,2356,4409,3479,4456,3977,9373,3921,4797,3730,4132,3042,2783,3763,3050,4127,4751,4277,4087,5077,5179,7588,4329,9284,4128,7768,4938,3313,4066,3229,2191,3053,2064,1501,1629,390,1002,26,246,0,0,0,0,0,0,20250603
202505,경원선,석계,1510,11,6037,2174,11126,4850,21107,5578,23876,8599,16903,7515,14713,7609,13883,9580,13703,9792,12929,11487,12196,12691,11945,16327,13265,20399,13373,24575,11163,32603,8343,23747,6808,16957,6148,15101,5628,12784,3048,8116,149,2176,0,0,0,0,0,0,20250603
202505,경원선,소요산,112,1,533,387,538,800,1676,1400,2606,2752,2403,4458,2759,8291,3823,9635,5251,9530,8276,7349,9368,6509,10639,4239,8379,3035,5951,2395,3307,1766,1100,1391,895,1196,384,873,174,693,122,508,5,397,0,2,0,0,0,0,20250603
202505,경원선,신이문,1546,9,8502,1158,14816,3431,34916,4345,38754,7910,23662,5359,16829,6205,14561,7658,14031,8892,12843,9685,10873,10972,10822,15675,11154,19276,10259,22458,9057,30569,5941,22828,4431,16262,3147,14409,2362,13916,1214,8368,112,2142,0,0,0,0,0,0,20250603
202505,경원선,양주,1994,14,6118,1462,12004,5496,30688,11754,25320,12063,20279,9373,17556,7473,15739,8636,14952,10138,14977,10910,11604,11608,11887,12908,13215,14217,13588,20317,13316,22781,6945,21040,4296,16186,3077,11617,1964,11468,943,6024,101,3266,0,0,0,0,0,0,20250603
202505,경원선,연천,1,0,204,8,777,706,1446,1298,4008,3634,2672,3252,1807,4095,2022,5094,2976,4018,4069,3152,4744,2424,4653,1889,4228,1848,2933,2038,2213,2066,872,1753,720,1139,251,581,97,474,84,418,0,255,0,0,0,0,0,0,20250603
202505,경원선,옥수,0,0,0,3,5,77,37,50,159,362,29,21,31,270,38,198,36,106,20,13,19,15,30,40,544,68,418,52,69,50,404,21,46,24,52,10,26,14,21,0,0,0,0,0,0,0,0,0,20250603
202505,경원선,왕십리(성동구청),1022,7,6200,1759,9506,6553,26681,13713,40835,22046,27282,21790,19123,21335,20022,23356,24810,26375,27077,26235,28497,27043,32184,31031,37325,35663,40557,47954,37280,65339,29989,46143,30197,29745,31476,25372,27655,22530,12989,12515,1512,4549,0,0,0,0,0,0,20250603
202505,경원선,외대앞,506,32,4657,2622,8756,10492,23512,7176,26073,29715,16888,14685,14364,19643,16128,21392,17922,17181,17243,13969,21214,18304,23167,15458,27914,18008,33077,23082,22748,28933,14564,21991,12684,15507,13173,15730,12763,16662,5953,11873,368,3065,0,0,0,0,0,0,20250603
202505,경원선,월계,962,7,5199,1459,9815,2978,25069,7179,24642,16502,16780,15912,13713,8964,13267,7482,13999,9875,12939,12535,11895,10025,13865,10701,18742,13948,16286,15710,11226,23282,6623,16886,5148,10815,4368,9886,3296,8989,1368,5301,101,1359,0,0,0,0,0,0,20250603
202505,경원선,응봉,106,0,1415,199,3191,1093,7234,1418,7333,2315,5430,2482,4028,2408,3523,2567,3328,3018,3134,3065,3056,4046,3456,3689,3785,4705,3481,5274,3192,5873,2113,4774,1960,3231,1263,2585,700,2074,330,1267,40,463,0,0,0,0,0,0,20250603
202505,경원선,의정부,3077,19,11074,2560,30039,8443,49384,13031,50546,37845,32743,38685,28830,30584,31259,33025,33813,35013,34921,38786,36364,36793,39419,35236,40438,39752,43303,48875,45249,59770,27990,51929,27383,31758,18784,28413,14527,24398,7520,17427,1233,9855,0,0,0,0,0,0,20250603
202505,경원선,이촌(국립중앙박물관),74,5,1273,584,4005,2943,9190,5095,11273,8501,8994,5456,7433,4471,7431,4403,7199,4602,7759,5318,7121,5398,8372,6423,9615,6360,10756,7040,10117,9432,5754,6767,5662,5050,4951,4382,3013,4160,984,2657,93,793,0,0,0,0,0,0,20250603
202505,경원선,전곡,1,0,620,12,1302,796,3159,902,4896,2333,3250,2460,2857,2243,2634,2553,3403,2906,3244,3065,3016,2508,3320,2167,3989,2933,2997,3237,2263,3658,1654,3204,1364,1768,835,1473,450,1232,363,1010,13,679,0,0,0,0,0,0,20250603
202505,경원선,지행,101,1,5101,861,10907,2809,21426,5700,24025,13117,15739,7609,14513,7435,12462,8199,12069,7810,11415,9533,10641,12190,10810,14198,11444,16656,11781,20735,11221,21728,7897,17852,6513,14037,5678,10870,3557,10027,2098,6638,221,4206,0,0,0,0,0,0,20250603
202505,경원선,창동,0,0,0,0,0,0,2,0,11,0,8,0,4,0,14,0,6,0,15,0,11,0,9,0,14,0,18,0,13,0,7,0,4,0,1,0,4,0,2,0,2,0,0,0,0,0,0,0,20250603
202505,경원선,청량리(서울시립대입구),1494,6,5756,2465,9042,16697,30137,19540,44897,26421,33207,37413,40572,34607,34410,43049,33863,35658,36289,35800,37673,42562,40465,38645,42069,45188,41722,45304,42786,55217,34603,39718,30088,22863,20792,21714,13178,14255,7329,7802,275,3692,0,0,0,0,0,0,20250603
202505,경원선,청산,0,0,62,0,235,233,641,265,633,254,336,310,420,355,315,381,378,292,354,302,376,279,378,266,426,322,477,358,315,268,139,340,128,153,45,112,6,89,19,103,0,72,0,0,0,0,0,0,20250603
202505,경원선,한남,93,0,896,748,1865,4914,2755,11204,3255,14244,3307,11614,3794,6502,4726,5368,5275,5363,4634,5719,5877,4615,7748,4835,8786,5028,14097,5920,13258,6465,6969,4263,5866,2372,5726,2344,4736,1417,1831,955,97,303,0,0,0,0,0,0,20250603
202505,경원선,회룡,1947,38,15492,2545,29439,6741,57426,9523,52511,14666,35818,12084,29800,12952,27114,15295,25468,17598,22638,19463,19409,21537,18237,26290,17865,31903,16245,39029,13557,47374,8922,43532,7010,25505,6059,23021,3780,18653,1587,11330,321,5549,0,0,0,0,0,0,20250603
202505,경의선,가좌,11,0,3583,368,8707,4053,23492,4356,26240,11228,14532,9184,10554,7113,9735,6384,9953,8017,8909,8757,8410,8992,9347,9454,10163,12664,10719,17395,10006,21282,6014,16794,4513,10207,3827,8000,3287,6242,1249,5288,35,692,0,1,0,0,0,0,20250603
202505,경의선,강매,0,0,2556,255,7668,895,18928,1354,16829,3537,9301,1350,6579,1603,5316,1677,5038,2067,4201,2522,3556,3221,3073,4471,3469,5808,3292,7940,3373,11840,1384,10577,974,6898,807,6587,570,6103,240,3415,9,1165,0,0,0,0,0,0,20250603
202505,경의선,검암,0,0,0,0,0,0,0,0,2,0,1,0,0,0,0,0,0,0,0,0,0,0,0,0,2,0,1,0,0,0,1,0,0,0,0,0,1,0,0,0,0,0,0,0,0,0,0,0,20250603
202505,경의선,계양,0,0,0,0,0,0,0,0,4,0,0,0,0,0,0,0,0,0,0,0,2,0,0,0,0,0,0,0,0,0,1,0,1,0,0,0,0,0,0,0,0,0,0,0,0,0,0,0,20250603
202505,경의선,곡산,10,2,333,171,882,803,1634,1849,1402,2783,1139,1215,1179,1039,1045,747,897,959,961,964,1142,1074,1188,1052,1395,1125,2147,1373,2052,1872,772,1069,578,759,432,741,279,583,80,323,7,84,0,0,0,0,0,0,20250603
202505,경의선,공덕,21,3,789,99,1957,2164,4701,7504,6077,18582,5640,8611,6079,3700,5946,3978,5779,3993,5973,3760,5883,3820,6131,4427,7484,4951,11869,6742,16581,7058,8202,4580,7263,3783,7031,3520,5545,2869,2515,1912,152,254,1,0,0,0,0,0,20250603
202505,경의선,금릉,32,0,3550,251,11139,2690,17905,5847,15826,10710,11524,6011,9052,4926,9110,4958,8244,5388,8296,6727,7236,7753,7473,8751,8934,11404,10701,13445,10495,14806,5345,15360,4251,9404,3295,8119,2516,7435,591,5980,56,1737,0,0,0,0,0,0,20250603
202505,경의선,금촌,111,2,4120,306,9908,4728,19166,9185,18947,16448,13239,9403,11810,8313,12252,8058,12686,10450,11738,10761,11014,9650,12774,11463,14795,14348,15341,16735,16230,17669,7691,15736,5927,11305,4367,9462,2769,7881,599,6146,155,1861,0,0,0,0,0,0,20250603
202505,경의선,능곡,180,20,4340,697,9383,2026,20219,3661,18077,7814,11023,5712,8881,5226,7466,5397,7641,5937,7307,5686,6904,6198,7088,7253,7435,9408,7852,12006,6897,16017,3941,12755,3415,8070,2697,8127,1461,7188,680,4692,61,2375,0,0,0,0,0,0,20250603
202505,경의선,디지털미디어시티,11,0,1206,379,3754,1618,9292,2050,10063,4547,6036,4066,4799,2594,4204,2743,4623,2891,4033,3526,4022,3398,4163,3849,5081,5053,5212,7531,5063,10254,3094,7654,2300,4834,1924,4409,1458,3772,776,2697,47,396,0,0,0,0,0,0,20250603
202505,경의선,문산,1169,1,3135,47,8379,2626,16722,8172,18381,14348,13213,6192,9922,7840,10224,8048,10673,8323,10818,9089,10472,6915,10542,11651,11822,11774,13856,13157,12256,13610,5929,16436,4511,9805,3356,8497,2032,7766,188,5676,0,3077,0,0,0,0,0,0,20250603
202505,경의선,백마,247,3,5168,907,16568,5880,33243,6824,26373,11011,16536,6894,12872,5558,12162,5472,11812,6424,10483,8343,9528,8529,9885,10429,12351,13506,12484,16833,10597,29109,5566,24365,4126,14807,3423,14301,3338,13173,901,8731,94,1948,0,0,0,0,0,0,20250603
202505,경의선,서강대,3,0,575,104,1611,1703,3065,2685,4047,9564,3415,6000,3218,5282,3003,3740,3454,3605,4276,4264,4081,3718,4234,3889,5697,4048,7083,4677,6653,4919,4125,3426,4003,2780,4302,2371,3628,2293,1610,1394,14,189,0,0,0,0,0,0,20250603
202505,경의선,서울역,1,0,839,12,1034,7794,2846,20608,3054,28320,2146,17043,1606,6980,1971,4765,2654,4438,3221,5833,3657,2867,5644,2522,7942,3356,13790,4581,21532,5120,8354,2769,5193,1534,4751,1423,802,211,2020,834,5,147,0,0,0,0,0,0,20250603
202505,경의선,수색,19,1,1586,341,4201,2611,8404,5561,10556,15079,6518,7322,4605,3700,4169,3415,4251,3096,3784,4106,3902,3822,4202,4072,5140,4864,8689,8145,11072,7148,5226,7007,3153,4839,2395,4065,2122,3176,712,2516,16,320,0,0,0,0,0,0,20250603
202505,경의선,신촌,1,1,354,7,275,1209,672,4844,517,6635,863,5150,725,2112,719,1222,998,1621,1041,1914,1015,1058,1640,929,2247,1061,4787,1405,5034,2033,2252,856,1352,641,1371,387,973,137,628,433,3,107,0,0,0,0,0,0,20250603
202505,경의선,야당,79,0,6070,440,15463,3083,30191,5171,28059,9770,16742,8582,12865,6670,12097,7516,12567,9292,11505,9772,10808,13106,11107,13134,11990,21421,12637,26781,11220,35022,9304,28105,9349,14784,9619,15498,9077,11522,4599,8764,956,2401,0,0,0,0,0,0,20250603
202505,경의선,운정,54,0,4705,738,16025,11648,26914,7640,28180,11178,15763,7557,11716,5627,10867,5988,9990,6820,9663,6326,8567,9453,9645,9184,14212,15747,15107,17905,11252,22916,6096,18526,4715,11385,3714,10750,2889,8903,821,6241,123,1601,0,0,0,0,0,0,20250603
202505,경의선,운천,0,0,0,0,0,0,0,0,0,0,59,15,31,14,7,0,0,0,0,0,0,0,5,8,20,4,54,83,1,0,0,0,0,0,0,0,0,0,0,0,0,0,0,0,0,0,0,0,20250603
202505,경의선,월롱,74,1,483,46,953,2538,1920,8034,2279,9843,2052,4424,1873,2213,2092,2000,2912,2513,3120,1958,2844,1400,4903,2008,6465,1907,9618,2778,9615,2462,3607,2115,3030,2166,2146,2346,787,1971,93,1458,12,660,0,0,0,0,0,0,20250603
202505,경의선,일산,1369,5,8609,805,26728,4094,50821,8420,38925,17989,25293,10539,19996,9306,18974,11132,18204,12156,16868,14322,15457,14517,16124,17298,19419,20076,15709,30398,14168,38705,8570,39305,6601,20263,4993,21507,4724,18554,1242,11416,196,4355,0,0,0,0,0,0,20250603
202505,경의선,임진강,0,0,0,0,0,0,0,0,0,0,43,488,60,306,9,6,4,5,2,3,9,5,250,130,133,32,582,53,0,0,0,0,0,0,0,0,0,0,0,0,0,0,0,0,0,0,0,0,20250603
202505,경의선,탄현,28,1,6765,453,20608,3123,35726,5720,28311,9896,18923,5818,14228,5261,12999,5625,13415,7025,11236,7762,9923,10291,10147,11440,11375,14700,11353,21596,10995,29833,5895,30452,4740,14912,3961,17141,3082,12595,1156,8803,179,2808,0,0,0,0,0,0,20250603
202505,경의선,파주,130,0,728,5,1406,905,2524,2774,3540,5903,2102,4000,2161,2174,1994,1488,2770,1472,2561,1613,2160,1011,3579,1699,4924,1689,5230,1742,4539,2060,1422,2077,1028,1601,947,1250,249,1146,24,870,7,426,0,0,0,0,0,0,20250603
202505,경의선,풍산,548,1,4393,484,11520,3981,24903,5050,22018,8396,15632,7098,11685,6517,10823,8149,10237,7760,10144,9152,9923,7575,10600,9634,11319,12580,11471,16282,9566,23032,5835,16434,5270,13861,4890,11301,2922,10230,1015,6877,88,1792,0,0,0,0,0,0,20250603
202505,경의선,한국항공대,0,0,740,659,1528,1704,4079,2259,4285,11576,3950,11437,4180,12581,5228,6043,5481,5250,5796,7263,7636,5545,6515,3696,12832,3720,10581,4390,9307,4659,4856,3542,3584,2984,3399,2419,4450,2845,2032,2210,138,677,0,0,0,0,0,0,20250603
202505,경의선,행신,1,0,4639,1742,14038,4591,35980,5588,31448,10276,17526,7013,13242,6469,12560,7493,11576,8585,9996,9597,9180,9482,8462,11685,11588,16482,13159,21735,10075,35791,6714,26492,7173,14233,6772,14261,5736,12456,2535,7242,86,2560,0,0,0,0,0,0,20250603
202505,경의선,홍대입구,6,0,446,158,763,609,1219,1944,1857,6708,1559,6549,1445,4998,1653,4773,2368,6308,2882,6011,3737,6483,4265,6167,5412,6469,7520,6655,8017,7270,6529,4847,6385,3291,6674,2571,6858,2365,3098,1461,63,249,0,1,0,0,0,0,20250603
202505,경의선,효창공원앞,2,0,756,381,2236,3105,5495,6119,8759,17525,5748,9291,4228,5217,4072,4336,4550,4052,4561,4598,4843,4349,5404,4636,7019,5309,8827,6992,13458,8836,5645,6166,3950,4820,3194,4513,2597,4019,1099,2907,24,287,0,0,0,0,0,0,20250603
202505,경인선,간석,305,3,6234,1211,11264,2651,20742,4477,20515,9433,12226,5425,10324,5634,10038,5680,10014,6814,9662,7771,8708,8399,9088,9441,9830,12376,9121,14785,9050,18505,4857,16556,4232,10812,3425,8966,2544,7499,1350,5488,117,2101,0,0,0,0,0,0,20250603
202505,경인선,개봉,1537,10,19616,6045,40822,13280,93532,14813,87933,24643,56596,22975,41251,19192,36798,22373,37544,27242,33931,28706,29865,30785,30719,40285,33231,50226,35786,66793,30440,92390,20004,66680,16705,43754,14460,39648,11598,32931,4360,19257,52,1785,0,0,0,0,0,0,20250603
202505,경인선,구일,295,10,4893,2459,11028,6937,26387,9140,23993,14785,14962,15384,12271,10361,11828,11537,11784,21793,10409,27539,10183,13149,13485,14952,24327,21668,34057,35766,13456,45026,12020,22269,7914,12475,26262,11430,22843,9358,3351,6372,44,639,0,0,0,0,0,0,20250603
202505,경인선,도원,712,36,2095,1887,3716,3233,7734,7161,7890,19874,5785,4482,5362,4820,5583,4280,5941,4435,5941,5280,5410,6037,8113,8229,12086,7688,10802,6142,12522,6333,4801,6179,2309,4403,1836,3483,1077,3141,471,2196,34,1397,0,0,0,0,0,0,20250603
202505,경인선,도화,392,3,4828,604,7363,1858,16210,4252,13907,7713,9777,4058,8211,4023,8074,4695,7829,6151,7346,5767,6804,6665,6820,7275,7778,9810,7307,10580,6956,11390,3520,10667,2957,6788,2091,5589,1366,5037,696,4060,59,1886,0,0,0,0,0,0,20250603
202505,경인선,동암,599,4,21809,3058,28767,7203,56886,12804,55938,16823,35004,14475,28732,15426,26595,17857,27927,19842,25684,20067,22426,21645,21426,26483,22906,35453,23865,45811,21496,56838,14110,48800,11963,33242,9998,30025,7596,25594,4071,15481,403,5087,1,1,0,0,0,0,20250603
202505,경인선,동인천,1859,24,7355,2401,17826,11296,40164,22766,33392,30440,23481,17888,21304,19753,22360,22043,24785,21328,24520,23725,24607,21476,30016,22918,31616,26441,35662,29282,35827,34577,18247,32783,13552,19521,10675,16391,6363,15406,2513,9361,5,3597,0,0,0,0,0,0,20250603
202505,경인선,백운,218,25,9031,1280,15417,2213,28480,4513,27388,10551,17533,6925,14176,6196,13020,7773,12638,8381,11578,8923,10145,10041,10010,12410,10494,15647,10907,19526,9016,25674,5523,23083,4217,13952,3811,13074,2673,9960,1356,6941,144,2426,0,0,0,0,0,0,20250603
202505,경인선,부개,2064,11,10974,1515,16869,3261,39811,6052,33425,10929,20736,6929,16145,6705,14567,8243,14709,10015,13679,10112,11207,12458,11139,14419,13044,18536,11469,23599,10726,29724,6317,25468,5056,16042,3880,14917,2563,12410,1419,8830,164,2279,0,0,0,0,0,0,20250603
202505,경인선,부천,3741,27,41500,4965,42991,11927,94534,18518,98692,47422,66231,48230,52012,43671,52576,42846,56004,54857,55186,56595,52594,52932,57314,62627,61385,69186,59988,93046,58118,110738,39564,87405,32688,57781,28755,50884,23048,44420,10972,28330,943,5613,0,0,0,0,0,0,20250603
202505,경인선,부평,10826,57,24350,4368,37437,10501,87684,19957,79878,34555,51476,39171,43962,37399,44963,44362,47485,51073,47598,57904,48266,59227,55626,59518,58641,73635,61155,92129,56037,118592,42804,93165,40332,56116,37283,49774,30287,39422,16487,25473,2524,8409,0,3,0,0,0,0,20250603
202505,경인선,소사,1269,15,14132,2675,12918,6044,26927,7290,25310,10244,18298,9390,14870,8844,13194,8618,14073,10548,13625,11187,11963,10982,12272,12994,14272,15560,13509,19468,11174,24603,6866,18689,4908,13760,4207,12579,2583,11345,1229,6888,96,2120,0,0,0,0,0,0,20250603
202505,경인선,송내,1794,8,17077,8224,40143,16056,100354,29585,85697,74405,54105,41345,40371,25040,40903,21999,40155,26573,35278,28982,32607,29562,35886,34234,39199,43728,48183,62820,70353,89062,28725,77040,22344,48042,18405,41835,13829,35526,6575,24014,634,3888,0,0,0,0,0,0,20250603
202505,경인선,역곡,1109,21,30628,3163,46393,9604,107712,15031,106241,37760,64994,36687,46252,27021,41540,28060,43554,31684,41356,34326,35760,34630,37487,43509,42507,58488,44332,75895,37482,110154,24751,84109,20138,51830,16646,50008,14466,41672,7700,27901,501,4331,0,0,0,0,0,0,20250603
202505,경인선,오류동,520,6,12985,1689,19715,4290,48711,5920,48401,11585,31411,11539,24137,9709,21541,10219,21672,14267,19423,15854,16956,15584,17281,19813,17099,22891,16076,29052,13932,43170,8638,36130,6568,24143,5828,21759,3787,19583,1810,13104,57,1744,0,0,0,0,0,0,20250603
202505,경인선,온수(성공회대입구),279,1,5895,1529,8941,3847,22280,9658,20935,13404,14801,8428,11823,6630,11339,6678,12736,8605,11220,8501,10694,9471,12130,10887,14451,12594,13270,14970,11314,21407,6140,16562,4838,11358,5886,10129,3164,9122,1687,5632,111,981,0,0,0,0,0,0,20250603
202505,경인선,인천,435,2,1377,950,3372,3210,5422,7500,5178,10656,4501,10139,5212,11099,6070,13662,8281,13232,10339,11176,14749,9331,16171,7267,18446,6513,17765,5598,15669,4666,7940,3650,6445,2759,3823,2209,1948,1785,577,1328,3,1005,0,0,0,0,0,0,20250603
202505,경인선,제물포,1022,12,8280,1934,17819,5483,37309,15197,31988,35264,21094,17755,17606,11026,18057,10365,18514,13517,17674,14050,15557,13102,19813,14794,26078,20056,23907,24374,24303,31706,10571,28085,8543,17049,7350,15700,4409,15183,1828,10316,81,3435,0,0,0,0,0,0,20250603
202505,경인선,주안,1206,31,15968,3177,29200,8433,58011,17840,54706,29384,37167,24536,31210,19645,32930,20699,35327,22252,32785,21862,29107,23537,31929,26169,34060,34367,39051,43262,35844,56321,22332,54300,20079,32037,18597,29399,14601,26607,7867,19247,727,6403,0,0,0,0,0,0,20250603
202505,경인선,중동,1172,33,11821,1587,18728,4663,41920,5920,34413,11223,22397,8511,16845,8568,16334,8974,16185,10400,14679,12621,13193,12616,12775,15203,12922,18664,13140,25172,11562,32989,7204,26096,5649,17109,4388,15529,2942,13073,1302,8591,117,2019,0,0,0,0,0,0,20250603
202505,경춘선,가평,0,0,986,191,2130,1452,4080,3165,4981,5440,4404,5906,4501,5893,5179,6389,4394,6017,4325,4962,5560,5116,6830,5059,7255,3821,7359,4540,5952,4011,3228,4430,2361,2895,1275,1905,688,2002,299,1459,16,494,0,0,0,0,0,0,20250603
202505,경춘선,갈매,8,0,2061,445,4446,1093,14470,3032,9470,5053,6727,2615,4692,3206,3710,2056,4006,2571,3662,3169,3463,2709,3521,4600,3903,4411,3968,6630,4931,9855,2306,8565,1825,3907,2470,3117,1565,3279,705,1646,19,455,0,0,0,0,0,0,20250603
202505,경춘선,강촌,14,2,509,67,781,244,543,492,687,2142,924,2197,998,2183,1311,2862,1092,1277,1268,1025,1962,1632,2558,1137,2511,1086,1965,1048,1188,925,724,597,410,483,311,471,131,353,73,231,27,89,0,0,0,0,0,0,20250603
202505,경춘선,굴봉산,1,1,52,0,74,46,183,204,213,515,184,550,240,892,401,819,364,385,679,317,675,324,847,309,694,222,389,200,204,171,144,104,83,94,55,49,12,59,5,56,1,20,0,0,0,0,0,0,20250603
202505,경춘선,금곡,30,0,2081,303,2598,1158,5765,2948,4993,6373,4196,2885,3242,1952,3572,1750,3365,2906,3107,2353,2392,2636,3503,2624,3171,2980,3589,4264,3696,4710,1556,4033,1017,2064,743,2182,469,1957,196,1082,5,312,0,0,0,0,0,0,20250603
202505,경춘선,김유정,49,2,246,27,299,153,700,704,648,1307,593,1504,656,2419,972,2257,989,2090,1552,1395,1596,1462,2289,1090,1926,1027,2068,925,1509,770,684,671,450,485,228,277,122,257,32,199,14,107,0,0,0,0,0,0,20250603
202505,경춘선,남춘천,565,7,1775,29,3967,2056,5273,2266,7168,6160,7621,7670,7173,6322,6740,11188,7280,9777,9875,6575,9359,5936,9895,6577,9108,6703,8133,6387,6533,8194,4875,9417,3786,4838,3288,4423,2098,5614,630,3090,17,2621,0,0,0,0,0,0,20250603
202505,경춘선,대성리,5,1,7561,232,7076,675,3118,912,2982,1722,3607,1213,4975,2122,4311,1752,1685,2007,1360,4090,1634,13087,1841,7170,2011,6595,2269,5061,1164,2213,851,1971,544,865,398,539,387,515,227,427,7,30,0,0,0,0,0,0,20250603
202505,경춘선,마석,21,0,1449,533,9224,3288,16206,6613,15506,7054,10566,7195,9797,5225,7969,5830,8096,5915,7582,6956,7181,7381,7442,8525,8262,8124,7817,12881,7155,13761,3802,10352,3074,7794,2244,5793,1618,5410,646,2524,40,984,0,0,0,0,0,0,20250603
202505,경춘선,백양리,0,0,38,6,31,35,44,471,116,264,170,421,245,517,332,507,357,311,435,192,394,340,484,207,382,191,443,87,229,106,73,75,74,64,41,28,35,39,27,41,5,12,0,0,0,0,0,0,20250603
202505,경춘선,별내,28,1,1322,493,2885,1901,8384,4570,8219,6185,5801,3523,4428,3687,3813,2942,4104,2778,4188,3614,4265,3114,4554,4410,4954,4204,5888,6046,6196,8128,3370,6218,2405,3169,2154,2236,1793,2433,911,1387,44,365,0,1,0,0,0,0,20250603
202505,경춘선,사릉,74,0,1721,743,3967,1727,9635,4462,7809,3897,5145,2578,4159,2364,3333,2477,3672,2347,3448,2205,2679,2713,2817,3256,2947,3505,4312,5822,4616,8414,1962,6741,1359,3391,1110,2692,570,2666,218,1647,21,427,0,0,0,0,0,0,20250603
202505,경춘선,상천,5,0,712,60,349,290,760,497,806,1090,651,1188,738,1516,877,1047,814,952,949,584,1196,1201,1409,1011,1387,689,897,464,569,564,259,548,198,269,75,337,37,146,17,91,3,40,0,0,0,0,0,0,20250603
202505,경춘선,신내,34,0,1563,577,4975,2926,12933,6705,10649,9319,5764,2810,4637,2482,4062,2778,4122,2804,3932,3357,3668,2862,4389,5152,4855,3995,6045,6772,7266,9548,3153,6771,1954,4001,1639,3269,1244,2979,735,2116,84,783,0,0,0,0,0,0,20250603
202505,경춘선,천마산,18,1,1047,249,3983,815,7346,1771,7485,2143,5281,1993,4074,1779,2976,2083,2890,2100,2608,2260,2527,2787,1983,3416,2369,3096,2170,4848,2065,4850,1009,5278,687,2957,590,2664,299,1968,134,1283,9,307,0,0,0,0,0,0,20250603
202505,경춘선,청평,18,2,1246,303,2992,1223,4685,2652,5271,4941,4794,4817,4606,4875,5332,4086,4593,5968,5262,4219,5023,3967,4938,4410,5411,5441,5499,5158,4142,4967,2101,4396,1676,2368,1021,2044,573,1787,246,1268,11,339,0,0,0,0,0,0,20250603
202505,경춘선,춘천,331,3,823,6,1545,685,2153,1146,3038,4870,3412,6198,2820,5116,3443,6289,3547,4846,5157,4526,6197,2965,7840,3722,9056,2811,7905,2830,5208,3070,3468,2955,2246,1778,1435,2093,1084,1519,406,1483,5,864,0,0,0,0,0,0,20250603
202505,경춘선,퇴계원,44,0,3095,604,6022,1871,16609,3728,13166,5292,9596,3386,7490,3629,5948,3191,7312,3383,5666,4567,4083,4202,4610,6010,5152,6848,5280,9475,5665,11810,2482,10567,1904,5554,1551,4599,1071,5186,466,2614,26,821,0,0,0,0,0,0,20250603
202505,경춘선,평내호평,672,3,6154,721,14505,2420,28439,5178,25982,10652,15375,7082,13040,5799,11562,6084,10499,8514,9907,7918,8621,10921,8847,10749,9154,12791,10153,22255,9153,25433,5907,21494,4804,10611,3937,9623,3747,8702,1790,6177,57,2781,0,0,0,0,0,0,20250603
202505,공항철도 1호선,검암,1555,1,9064,628,14470,2291,32484,6734,22364,14427,12830,5770,9795,4308,10435,3944,9229,4729,7919,5358,6944,6525,7000,7810,8074,11089,8866,14731,10680,25130,4431,22858,3559,14017,2985,12810,2676,12907,1053,10001,189,5353,0,0,0,0,0,0,20250603
202505,공항철도 1호선,계양,38,0,14120,734,38156,3970,69287,5395,54708,7706,37403,7305,26075,6063,22344,6842,21024,7908,17780,11368,14394,13735,14127,17632,15336,25554,14653,34575,10668,60907,7499,50698,5149,33171,4159,31009,3004,29187,1415,16960,249,5707,0,0,0,0,0,0,20250603
202505,공항철도 1호선,공덕,106,0,2048,223,3152,1935,6806,4002,7643,11952,5069,6461,4109,4209,4232,4431,4257,4771,4155,5295,3807,4849,4177,5654,4857,7194,7394,9754,10334,13670,4790,9312,3989,6527,3998,6473,2918,5851,1576,4354,83,2002,0,0,0,0,0,0,20250603
202505,공항철도 1호선,공항화물청사,4,0,522,906,1536,7778,2021,10608,2028,16683,1571,2768,832,1724,725,2860,989,3420,1255,2653,1778,3071,3001,2542,4692,2119,9884,2148,11563,1310,3255,1287,2279,1814,2575,850,2262,395,654,190,7,73,0,0,0,0,0,0,20250603
202505,공항철도 1호선,김포공항,20,1,1843,2276,2870,11177,5934,19237,12049,17569,15668,10231,16472,9852,15443,10644,15011,12356,18860,10838,18113,9797,17801,9132,17932,10129,20664,11679,25089,9878,18285,4996,12555,2594,17101,1642,16580,1443,6401,1013,176,820,0,52,0,0,0,0,20250603
202505,공항철도 1호선,디지털미디어시티,156,10,4373,844,9470,7514,22048,31050,23863,78877,14380,37394,11436,16269,12604,12637,13757,13717,14469,14006,14579,11686,17225,12203,21452,14818,47828,21731,73295,28396,29900,19492,18564,11964,17532,11172,13116,10312,5973,6519,751,3110,0,5,0,0,0,0,20250603
202505,공항철도 1호선,마곡나루(서울식물원),34,2,3101,1474,6139,13866,14925,36580,17026,74442,10171,36049,7557,15022,9802,10762,11225,11302,11173,12178,11854,11680,17369,11651,27196,11491,66683,16247,58693,20604,24403,13656,16712,9016,13641,8696,10822,8711,3271,5507,527,3379,0,0,0,0,0,0,20250603
202505,공항철도 1호선,서울역,346,0,3055,1920,5088,16674,12710,23744,18383,34071,19092,29922,19038,24232,23259,24963,28150,24731,29609,24217,22013,20259,31429,23057,32003,23163,38905,24390,38711,24272,31171,22586,23407,14910,26790,14073,19145,10193,12225,4948,182,3557,0,1,0,0,0,0,20250603
202505,공항철도 1호선,영종,6,0,4021,211,12287,1912,18580,3635,14912,3872,10808,3751,9945,3868,9621,4923,8625,4784,7461,4629,6747,6233,6906,9298,7371,9718,7508,10794,4771,17709,3141,15938,2906,9660,2533,10443,1808,10259,871,8814,160,2897,0,0,0,0,0,0,20250603
202505,공항철도 1호선,운서,177,10,17977,1009,24634,8160,34036,11908,28270,13408,17001,11963,18043,7432,21192,8451,19987,10598,14993,11650,13594,14652,14856,16488,16453,19269,17778,24014,13545,35461,8500,28435,7627,25527,7373,24360,5928,26018,2718,18982,316,6253,0,0,0,0,0,0,20250603
202505,공항철도 1호선,인천공항1터미널,0,0,12196,10634,14970,19862,19048,36579,19584,33963,15167,27536,14398,27277,18829,31581,26531,39285,27288,28912,31249,25866,37934,21863,35016,23050,33170,25840,37691,18592,26027,18552,24988,12451,28518,10750,29291,7458,12413,7238,160,4815,0,0,0,0,0,0,20250603
202505,공항철도 1호선,인천공항2터미널,0,0,7158,8279,6669,13972,10338,21081,10698,18412,8178,9049,4417,10170,6346,16605,9859,18294,12505,13877,16307,12112,21317,10369,18130,10770,23811,12511,23246,7369,13559,4009,16627,3415,17704,2863,13925,1993,4633,2119,2,2558,0,0,0,0,0,0,20250603
202505,공항철도 1호선,청라국제도시,151,2,7617,293,17739,6372,32431,7972,21563,16096,14494,5110,11406,3939,12471,3741,11527,4709,9304,6186,8568,7113,9694,8439,11810,11663,15469,16005,17509,25098,6030,23614,4322,16133,3383,15650,2460,16571,1243,9592,192,4336,0,0,0,0,0,0,20250603
202505,공항철도 1호선,홍대입구,258,8,6070,522,6629,4507,10980,10937,14382,26406,14120,32213,14862,28205,16893,31932,19800,37478,22581,37947,25877,33931,31813,33847,39528,34931,46081,37425,50076,41907,42586,28414,41042,17287,44317,14856,37385,13228,17328,10882,1480,3641,1,0,0,0,0,0,20250603
202505,과천선,경마공원,1,0,505,540,1190,2972,1978,4255,2460,12670,2442,36195,2602,36900,3200,22045,4070,21011,6279,16331,8688,10907,15094,6019,22841,4069,33186,2697,66928,2387,9412,1749,2280,1220,886,1040,419,894,176,562,31,100,0,0,0,0,0,0,20250603
202505,과천선,과천,10,2,2718,403,10194,2581,24474,5957,24267,9204,16722,5994,12918,5469,11864,5325,11459,6463,11144,7232,10000,8363,10678,10643,11022,11856,10157,15206,8791,20621,4847,17117,3364,10711,2329,11462,1698,10386,623,6167,92,1431,0,0,0,0,0,0,20250603
202505,과천선,대공원,4,0,116,284,379,4051,761,6706,1322,31885,2228,49261,3975,38067,9644,28500,17931,21758,18120,20904,26989,16877,37412,10403,34773,5893,31339,3241,25056,2413,11280,1308,7040,863,7896,597,4248,468,242,185,11,38,0,0,0,0,0,0,20250603
202505,과천선,범계,107,1,9938,3192,42227,13036,103755,26551,89241,58760,56489,46480,43958,33094,41118,34655,45273,35879,43487,43462,42282,42968,45015,51644,51322,60245,55704,78517,59802,110107,38992,87935,40095,46492,31953,40925,26337,36644,11029,21247,1170,7306,0,0,0,0,0,0,20250603
202505,과천선,선바위,0,0,936,1359,6033,10134,15107,21516,18373,24494,14493,14463,11673,8106,10714,8350,11853,9586,12280,8416,11594,7757,13030,8859,16762,10528,25707,12843,29071,15336,12989,11141,9096,9131,6916,7880,4088,7301,1351,4192,153,804,0,0,0,0,0,0,20250603
202505,과천선,인덕원,90,7,9989,3459,32615,16901,79581,45409,72971,98677,51817,40638,40444,23552,35834,23954,37259,24527,36590,27812,33749,29051,36902,33380,43056,42891,64752,58697,80631,84063,30933,70929,25624,39983,24215,37379,15422,35703,6238,21982,707,7041,0,0,0,0,0,0,20250603
202505,과천선,정부과천청사,21,2,2533,1651,9590,14995,23422,41773,21500,96870,17349,27369,15324,13745,15811,11509,17088,13426,17317,14404,17311,14370,19696,15246,29210,17686,45619,21683,64303,27221,19765,21911,15530,12405,14196,11586,8107,9462,2282,5768,220,1447,0,0,0,0,0,0,20250603
202505,과천선,평촌,70,5,5178,2479,23566,9370,61796,34149,51893,80495,30987,28421,24668,16305,22374,15148,23214,15898,21221,19978,20838,18903,24148,20127,26981,25409,45398,34898,56128,50162,21960,43283,17411,24401,16485,20370,11918,18882,4314,10440,501,3836,0,0,0,0,0,0,20250603
202505,분당선,가천대,18,1,4879,860,7832,4066,18635,7180,25062,45457,17450,36954,13710,29494,18219,21346,22039,24930,20924,17835,27752,18512,28126,14012,39357,14434,41290,17447,23065,23383,13659,18673,10842,15019,10803,16646,8760,17391,5046,13056,219,1469,0,0,0,0,0,0,20250603
202505,분당선,강남구청,22,0,1450,816,2837,6040,7558,18685,11473,51867,9681,40273,9123,20364,10046,14841,11705,14957,12789,16929,14648,15133,16484,14981,19671,15457,30803,17554,44668,21274,23556,12861,14384,7943,12867,6572,8292,5808,2581,3458,106,782,0,0,0,0,0,0,20250603
202505,분당선,개포동,8,0,1274,514,4206,3344,12671,6952,13830,9188,9914,6664,8015,5919,7016,4657,8274,5705,7496,6326,7249,6651,8128,7720,9273,9063,8674,11657,8581,14358,5067,10924,4073,7284,3623,6991,3288,6131,1244,3795,29,125,0,0,0,0,0,0,20250603
202505,분당선,구룡,5,0,1061,508,3333,3967,9252,9890,13026,8171,9725,4425,7153,3353,6557,3092,6353,4665,6075,4922,5664,4844,7584,5947,8734,6768,6829,8452,6443,10463,3831,8193,2663,5271,2767,5008,1347,4580,394,3070,35,109,0,0,0,0,0,0,20250603
202505,분당선,구성,148,1,2870,669,10200,4557,25301,9524,28514,12246,17529,8131,13624,6448,11356,7004,10843,8340,9151,8391,9105,9331,9205,12098,10764,14707,14006,21300,13169,27108,7576,19656,6898,14284,4916,11304,4187,12902,1911,7006,130,737,0,0,0,0,0,0,20250603
202505,분당선,기흥,332,13,5901,874,16181,4972,37487,15511,36646,30525,21622,13774,15694,12647,15888,12927,15678,10504,15370,13493,15956,12743,16138,14102,19951,17404,24760,24205,24302,35369,13347,27766,10348,17514,9020,14420,7282,15869,2557,9096,57,1017,0,0,0,0,0,0,20250603
202505,분당선,대모산입구,4,0,2668,602,7463,3359,23660,6460,25279,10972,15837,6172,11244,5004,9528,5386,9929,6841,9225,7680,7603,7391,7605,10095,9461,11486,10987,14075,10270,18473,5579,15102,4213,9727,2903,9811,2009,9620,671,5326,18,382,0,0,0,0,0,0,20250603
202505,분당선,도곡,25,0,1614,1245,4881,7241,12518,16486,16765,22883,13996,18669,11951,9998,12011,9386,12649,9521,13141,11274,13068,11431,16374,12525,17319,13325,21000,15419,21750,17303,11612,14006,8723,9857,7193,8775,5650,8168,1254,4443,78,363,0,0,0,0,0,0,20250603
202505,분당선,망포,42,1,6386,2721,22248,9400,56175,27965,52595,42776,27765,17702,19746,10357,17472,11632,18369,13209,18094,14083,16325,14464,18571,20527,22552,25435,36122,35252,41874,49817,21380,44353,16786,28326,13898,23264,10578,21069,3857,13350,144,1006,0,0,0,0,0,0,20250603
202505,분당선,매교,476,8,5011,1024,10439,3592,21702,6918,22544,13356,11010,5769,7253,5002,6924,5655,7232,6247,6403,6178,5925,6798,9087,7064,11596,10298,9028,15432,8200,20289,4859,14005,3933,9662,3676,8293,2746,7335,793,4002,32,693,0,0,0,0,0,0,20250603
202505,분당선,매탄권선,52,1,4088,878,11329,3496,24099,5796,22063,14460,12400,5908,9298,4058,8213,3980,8687,5189,7218,5888,6451,5541,7215,8587,10229,10895,11070,14833,9543,21999,5491,15406,4206,10559,3600,9305,2771,9206,891,5723,12,541,0,0,0,0,0,0,20250603
202505,분당선,모란,624,27,15989,2642,22667,11802,52445,23020,66645,37388,49574,31302,36649,30722,34609,35293,39563,35298,38093,36618,36334,37243,37314,44279,40903,46882,41926,50509,39424,63404,23014,46186,17664,34472,15061,31731,12078,27016,6684,16354,373,1616,0,0,0,0,0,0,20250603
202505,분당선,미금,594,2,3565,786,13178,11545,27234,22618,32187,45918,25448,36122,24947,23324,26410,23187,27052,24805,26947,26138,28263,26284,33378,26643,31867,30397,37291,34661,38580,39048,21658,30653,18233,21225,18149,18520,13095,16280,4245,9198,212,2175,0,0,0,0,0,0,20250603
202505,분당선,보정,35,0,1128,101,3566,1163,8930,2695,10374,5837,6914,2196,5410,1656,4824,2119,4025,2461,3769,2606,3271,3219,4030,4243,4891,5185,4358,6075,3421,6958,1690,6042,1324,4049,1161,3841,1086,4144,371,2529,7,184,0,0,0,0,0,0,20250603
202505,분당선,복정,0,0,0,0,1,0,2,0,7,0,3,0,5,0,12,0,4,0,3,0,6,0,7,0,7,0,5,0,6,0,6,0,3,0,6,0,2,0,1,0,1,0,0,0,0,0,0,0,20250603
202505,분당선,상갈,42,0,3442,764,8625,2751,19427,6769,19809,9602,14049,5960,9846,4585,8592,4937,8167,5042,7273,7035,6721,6811,8189,7958,8703,11517,10152,13559,9835,16464,5827,13787,3868,10418,3420,9682,2063,9005,607,5245,2,779,0,0,0,0,0,0,20250603
202505,분당선,서울숲,172,1,2716,618,5545,6225,12809,22879,21313,46947,15462,40627,10674,32248,12234,28179,15773,28270,19078,29819,23364,28883,29604,28363,35468,26161,50844,26801,55189,30875,36083,19518,26409,10732,20070,8699,12996,7361,3321,3627,140,822,0,0,0,0,0,0,20250603
202505,분당선,서현,322,14,4319,2901,12901,13011,33482,34450,38575,82054,31289,65927,29118,39945,31436,35285,34171,37726,35824,39015,39515,39550,46127,38711,49519,45317,65446,52606,79602,59537,46322,42229,45208,27365,35873,21944,26858,19074,9971,10106,469,1720,0,0,0,0,0,0,20250603
202505,분당선,선릉,56,5,1086,1618,2518,12749,5253,47731,7997,118778,7180,78508,8048,37078,9937,24923,12159,23191,13356,25755,14855,19851,19656,18032,27432,19374,48292,22673,69389,24257,30958,14829,20945,8177,18641,7332,15702,6055,4550,3590,257,713,0,0,0,0,0,0,20250603
202505,분당선,선정릉,12,0,985,905,2196,4536,4865,12731,7356,42305,7290,37176,6306,14738,7437,9835,9650,9149,10060,9345,11302,8760,11757,7767,13754,8071,24151,9238,37147,10156,19466,6527,10481,4387,8585,3912,5535,3657,2014,2179,103,483,0,0,0,0,0,0,20250603
202505,분당선,수내,140,0,3037,1869,8070,8965,18744,23053,22911,50688,17100,40783,14800,22663,15803,17432,18378,18857,19272,18725,21573,18678,23305,18824,26154,22036,36824,25449,47120,28537,27538,20293,25012,13245,17861,11596,13575,11203,3477,5665,208,1114,0,0,0,0,0,0,20250603
202505,분당선,수서,68,1,4206,4901,11150,15414,40619,30423,59016,44139,38842,29188,35703,22478,25600,20791,32845,24299,27191,22483,21947,24023,29660,28681,31495,35534,40860,49086,40838,61878,20179,39566,19960,29485,15776,26834,15101,24671,8546,10061,272,2070,0,0,0,0,0,0,20250603
202505,분당선,수원,753,5,6158,796,9402,4742,22740,10240,23371,15104,13212,13821,9222,10737,9615,12739,10513,14000,11298,13910,11222,14343,13391,13837,15774,16442,18660,23649,20431,27334,15448,18732,16186,11087,14368,9098,13097,6635,4959,4160,142,757,0,0,0,0,0,0,20250603
202505,분당선,수원시청,240,2,7248,2193,13733,8127,33084,18764,32146,53119,18289,37712,15920,19157,17912,18444,20748,21091,19876,22027,20357,18361,24278,20106,31916,24058,33707,37486,43553,49787,23117,35215,20797,24114,21529,16953,17528,16023,6640,10283,256,1346,0,0,0,0,0,0,20250603
202505,분당선,신갈,95,1,2969,216,9443,1183,18516,2489,19734,7323,12217,4997,9198,3778,8854,4516,7721,5158,7055,5814,6544,6308,7237,7904,7936,8889,5962,12180,5115,17165,2666,13773,1894,9883,1735,7832,1191,9245,453,5160,13,338,0,0,0,0,0,0,20250603
202505,분당선,압구정로데오,169,5,2713,1173,3837,14003,5775,26960,9086,66236,9073,98635,10778,57403,15602,41473,21207,35697,25544,35703,31232,33429,39927,32710,50432,33823,62447,39760,80683,41377,65944,24634,55649,12647,37122,8904,25465,7440,9032,4400,444,970,0,0,0,0,0,0,20250603
202505,분당선,야탑,200,4,7666,3319,20486,16460,51571,42577,58308,92074,44037,57147,37803,39671,38386,36427,41038,39217,40839,42538,42233,39527,47526,42999,52665,48552,67253,58625,77169,70507,39045,53832,29855,35436,27295,28079,18931,28142,7284,15113,361,2522,0,0,0,0,0,0,20250603
202505,분당선,영통,88,10,2888,2096,8493,5095,18937,11758,19546,28532,12551,19992,11085,14473,11812,12896,13086,13598,14584,14625,14234,14489,17099,15243,21047,17308,25907,23908,27625,27564,14952,20130,13647,12595,15607,12134,15442,11639,5759,7306,223,498,0,0,0,0,0,0,20250603
202505,분당선,오리,680,6,3745,433,15353,8360,29298,14901,29597,32307,21734,15499,18240,11438,16887,12177,17454,13756,17216,12592,16423,12845,18340,14911,19487,16759,26227,19739,30247,24372,12420,20064,10256,14228,8807,12236,6373,11268,1992,6963,89,1739,0,0,0,0,0,0,20250603
202505,분당선,이매,66,3,2666,804,6005,3421,13893,10530,15634,17506,11463,7798,10372,7164,10830,6964,10979,7510,8761,10611,8590,8030,10791,9555,17902,10766,13447,13386,13684,15285,6620,12276,5009,8230,6787,7358,4648,7584,1045,4498,68,1009,0,0,0,0,0,0,20250603
202505,분당선,정자,307,10,3357,1215,11180,15840,27336,41974,31178,80728,24078,51122,19472,26150,20806,20540,21537,19349,22305,21695,22569,20170,28479,22179,32898,28467,55909,39429,66190,45025,36529,34973,29645,22438,29306,20115,25789,17691,10059,10616,1000,2961,1,0,0,0,0,0,20250603
202505,분당선,죽전,1526,12,5377,1008,18203,7789,41510,16681,37295,31117,24752,30111,19783,23386,19190,23217,20909,22675,22004,22055,21885,23555,24596,26287,27938,30044,32749,36358,32240,49112,21671,38287,26458,24988,14014,21903,11590,21675,4122,14530,2,7326,0,0,0,0,0,0,20250603
202505,분당선,청명,27,0,3113,907,8510,2852,19987,6352,19610,9955,11061,4726,7357,4437,6420,4097,6620,4752,6201,5232,5591,5777,6812,6709,8032,8605,8185,11761,9762,17143,4488,13155,3199,8680,2374,8287,2268,7261,763,4419,16,352,0,0,0,0,0,0,20250603
202505,분당선,태평,355,24,15541,1646,20090,5138,41223,7959,58757,17801,41324,12983,24698,12247,20960,13750,21518,15606,20906,16465,18843,19493,18659,26050,20149,30166,20418,35270,18828,44393,10873,32335,8991,25111,6289,27810,4445,22073,1942,12558,106,1290,1,0,0,0,0,0,20250603
202505,분당선,한티,20,1,2430,1680,9041,11163,24333,29490,28284,46554,20255,41132,17262,25835,17862,21611,21938,25931,24067,32819,23117,23235,25767,27610,31903,32474,46620,42014,44454,38418,27786,25674,31139,16472,25880,14859,32248,12583,4571,6915,214,462,0,0,0,0,0,0,20250603
202505,서해선,김포공항,16,7,292,2400,698,8034,1977,10375,2998,13011,3243,8835,3330,9305,3375,10647,3929,10679,5413,9628,6070,8501,6911,7634,7446,8437,9608,9444,11925,8644,8254,4554,6428,2394,7050,1597,6069,1088,1978,1139,73,436,0,0,0,0,0,0,20250603
202505,서해선,부천종합운동장,25,0,2650,434,4699,1439,13173,3290,13246,4611,6728,2687,3991,2284,3762,2017,3937,2425,3608,2556,3302,2887,3506,3536,4044,4971,4519,6290,5399,10737,2386,8288,1961,4790,1601,4337,1080,4261,405,2566,33,467,0,0,0,0,0,0,20250603
202505,서해선,원종,32,1,6298,1039,9023,3429,18787,6438,17670,9544,11216,5295,8879,4810,8631,5341,8546,7091,7877,6418,6656,7399,7503,8890,9103,11475,9392,15077,9682,18901,5420,14502,4436,8436,3344,7947,2524,6949,1208,4312,39,715,0,0,0,0,0,0,20250603
202505,수인선,고색,627,1,3746,501,9247,3580,20364,19169,16867,24401,8591,6579,6119,3999,5808,4780,6643,4873,5605,4785,5356,4913,6832,5958,8683,8195,17755,10345,20878,14133,7122,13859,6426,9340,4407,7246,2409,6335,995,4285,5,2493,0,0,0,0,0,0,20250603
202505,수인선,남동인더스파크,0,0,450,886,1063,4488,1418,17410,2151,21522,1537,2987,1569,1504,1881,1620,2077,1737,2271,1684,2365,1344,3055,1094,3942,1376,15271,1681,11141,1972,3791,2200,4105,1569,1623,1013,544,605,237,421,0,22,0,0,0,0,0,0,20250603
202505,수인선,달월,0,0,19,48,33,105,152,127,131,265,96,115,82,112,81,92,103,93,117,102,134,122,157,120,217,150,399,157,706,163,103,77,94,69,37,49,26,85,9,29,4,9,0,0,0,0,0,0,20250603
202505,수인선,사리,10,3,5073,474,11578,1765,26121,4020,23554,5599,13237,2966,10142,3040,8311,3190,8837,4263,8046,5437,6300,5411,6680,7590,7032,10995,7532,12562,7104,21557,4474,14229,2758,10117,2278,10482,2402,8741,949,6437,24,822,0,0,0,0,0,0,20250603
202505,수인선,소래포구,11,0,3024,484,8307,2336,17446,4053,15682,7782,9648,7091,8120,9946,10146,16495,11125,16782,12746,12832,15779,11361,17247,10384,14334,12290,11763,12675,9432,16012,5512,10238,4378,7166,4448,7404,3101,5757,1489,4055,24,751,0,0,0,0,0,0,20250603
202505,수인선,송도,3,0,2284,442,4916,2129,8904,2605,8779,4916,5242,2979,4734,2859,4789,3309,5215,3460,5359,3552,4544,3809,4833,5101,5364,5641,5452,7206,4084,7913,2480,5639,1865,3615,1652,3409,974,2539,326,1716,7,489,0,0,0,0,0,0,20250603
202505,수인선,숭의,8,0,3946,861,7134,3895,14706,8228,12569,11894,7994,5123,7846,4414,7542,4529,7545,5148,7042,6224,6877,6165,7238,6839,8539,8445,10217,10561,9754,12899,5452,7635,3552,5898,2429,5698,1987,4402,943,2808,15,650,0,0,0,0,0,0,20250603
202505,수인선,신포,12,3,1039,283,1902,1230,3381,4484,3274,7861,2396,3649,1971,3079,2585,3585,3344,3722,3557,4276,4029,3523,5130,3691,6401,4060,6398,4428,6335,5053,3227,2629,2867,1936,2099,1582,1356,1323,508,875,1,266,0,0,0,0,0,0,20250603
202505,수인선,야목,0,0,425,9,1334,489,2164,767,1905,692,1299,538,961,579,824,508,908,542,745,648,747,608,893,739,1077,954,1008,1121,1040,2037,553,1148,322,565,214,857,180,620,80,396,0,69,0,0,0,0,0,0,20250603
202505,수인선,어천,2,0,349,91,1967,1926,4838,2988,4611,3387,3655,1928,3075,1820,2923,1911,2983,1946,2648,2490,2332,2321,3124,2563,3668,3855,3383,3483,4377,5191,1785,3501,1272,2009,786,2138,527,1770,219,858,1,154,0,0,0,0,0,0,20250603
202505,수인선,연수,7,1,3063,921,7155,2714,15365,4859,14701,11191,7865,7186,6722,6501,7038,6353,8025,7451,8344,7923,8071,7010,8731,8239,8773,10776,9185,14636,11220,15969,6201,10846,5715,7545,5580,7079,4374,4737,2520,3515,47,615,0,0,0,0,0,0,20250603
202505,수인선,오목천,10,2,1302,508,6229,2275,13888,5879,15052,15019,9587,8410,7423,5709,7019,4838,8770,5486,8227,6616,6781,5362,9349,6335,12246,8676,13847,7528,11227,14070,5286,8681,3547,5291,3421,5264,2757,5805,1061,3526,8,387,0,0,0,0,0,0,20250603
202505,수인선,원인재,58,0,3731,809,7255,2694,14044,6102,16875,8623,9595,5042,7944,5057,7784,5327,7974,6624,7802,6760,6815,6968,7596,9317,7657,10969,8613,13307,8263,16145,5326,11582,4604,8473,3769,8282,2978,6781,1580,5041,94,896,0,0,0,0,0,0,20250603
202505,수인선,월곶,2,0,2034,439,5340,1580,12316,1816,11698,3259,6828,3673,5134,5422,4940,5272,4941,5042,4396,4721,4747,4465,4855,5208,5560,6599,5728,8341,7085,10778,3746,5795,2417,4423,2039,4782,1387,3662,580,2310,4,360,0,0,0,0,0,0,20250603
202505,수인선,인천,67,1,500,269,1230,1215,2027,2795,1959,4558,2031,3312,1903,3982,2082,5967,2510,5878,2608,5062,3137,5062,4324,4259,3826,3957,3566,3776,3030,3793,1978,2621,1562,1904,1096,1375,604,1449,152,835,8,309,0,0,0,0,0,0,20250603
202505,수인선,인천논현,3,0,2864,829,6588,5339,15125,8650,14811,13600,9911,9861,8783,7357,9186,8039,10015,8453,9140,9598,9221,9893,10157,10549,11393,13267,12532,16778,11554,19655,7357,11803,7233,8308,6669,7390,5046,5555,2313,4234,10,650,0,0,0,0,0,0,20250603
202505,수인선,인하대,25,0,4672,581,12690,2950,26269,5782,21708,20975,10926,12862,10129,15372,11136,10206,12691,10827,13182,12514,12390,11743,15438,11301,18777,15087,19268,21394,15431,26238,8795,15544,8621,10921,8404,9610,8683,8215,5801,5769,102,1668,0,0,0,0,0,0,20250603
202505,수인선,호구포,2,0,1811,787,3542,6741,7205,19033,8374,20353,5546,4272,4979,3115,5147,3732,5551,4194,4957,4222,4940,4137,5218,4482,6255,5824,16643,6824,15061,7998,5267,6264,5674,4883,4155,4119,1983,3105,1017,2565,3,382,0,0,0,0,0,0,20250603
202505,신림선,관악산(서울대),3,2,996,840,2044,2322,6523,4720,7093,12417,4780,16535,4649,13963,5349,8149,7403,7204,8948,7442,9598,6126,11926,4882,12594,4366,11425,4393,9489,5382,4466,3853,2757,2819,1903,2588,1454,2622,729,1838,185,807,0,63,0,0,0,0,20250603
202505,신림선,당곡,4,0,2243,273,4940,1269,13526,4903,19908,9074,12986,6450,8861,5717,8276,5732,8643,6722,8744,6393,7847,7165,8161,8488,8741,9530,10609,12304,10229,16676,6056,13148,5172,8308,3363,7382,2264,6699,962,4090,196,1408,3,4,0,0,0,0,20250603
202505,신림선,대방,35,0,1913,421,2965,1717,7919,3497,11533,5502,7723,3602,5542,3025,5523,3009,6113,3528,5873,3961,5813,3775,5861,4202,5965,5403,6847,6197,6249,8560,3832,5900,3257,4182,2658,4097,2235,3854,988,2624,293,824,1,44,0,0,0,0,20250603
202505,신림선,보라매,1,0,1981,388,3712,2176,10554,6957,15077,13490,9207,6111,6836,4989,6526,5433,7110,5431,7512,5917,7261,5725,8337,6835,9929,7116,10516,9404,13202,13158,5748,10023,5033,6485,4368,5463,3152,5041,1387,3242,344,997,0,4,0,0,0,0,20250603
202505,신림선,보라매공원,0,0,667,472,2145,1739,6340,5684,7653,9270,5007,6157,4132,6847,5194,7939,5879,7818,6493,9264,7558,9731,9647,8856,8961,7494,8681,7302,8357,8650,4204,5927,3124,3705,2029,3044,1577,2690,380,1573,102,567,0,0,0,0,0,0,20250603
202505,신림선,보라매병원,10,0,976,612,2142,6074,8298,25278,9402,46990,10396,23541,10475,15013,12538,13073,12887,13497,13275,15174,16551,14139,20029,11350,20749,10019,32091,10956,33125,12280,12547,9019,10037,5167,7489,4826,4834,3433,1393,1621,156,508,0,0,0,0,0,0,20250603
202505,신림선,샛강,1,0,443,978,803,2845,1905,13755,2917,26448,2560,10389,2176,4845,2591,3875,3103,3462,2895,4082,3860,3730,4693,3588,5323,3938,11434,4319,17726,4778,6410,2658,4877,1868,4518,1313,3070,1036,1511,636,452,327,0,62,0,0,0,0,20250603
202505,신림선,서울대벤처타운,11,0,7159,342,11859,3295,34032,7000,45543,10677,29658,9125,20369,7943,18001,9448,18647,10489,18569,11639,15848,12304,14858,15962,16286,20672,16184,24686,15172,35073,9730,29981,7337,18685,5961,18210,5657,17708,2077,13391,461,5271,2,4,0,0,0,0,20250603
202505,신림선,서울지방병무청,0,0,1464,473,3708,1496,10188,4518,13270,6137,8293,3734,7613,3315,6508,3400,5951,5340,5193,5147,4919,5641,5877,6886,5928,7673,5207,9559,4711,11734,2682,8710,2086,6166,1852,5422,1181,5236,343,3426,89,977,0,2,0,0,0,0,20250603
202505,신림선,서원,0,0,2661,472,4847,938,13787,1436,19457,2430,12956,2443,7634,2335,6363,2682,6416,3387,5887,3606,4940,4039,4522,5601,4710,6403,4253,8539,3906,12315,2617,11099,1760,7402,1568,7562,1160,6803,364,4540,100,1545,0,0,0,0,0,0,20250603
202505,신림선,신림,1,0,1027,428,1688,947,4806,1791,7076,3177,4900,3286,3819,3442,4079,3800,4388,4438,4058,4444,4347,4859,4312,5720,4361,6390,4569,7931,4694,10657,3803,7349,2813,4638,2360,4030,2024,3596,1128,1971,399,820,0,1,0,0,0,0,20250603
202505,안산선,고잔,309,4,6099,863,16666,5798,28985,14020,24102,27922,17531,16487,15652,12682,15606,11550,14694,12273,13792,13558,14084,13325,16714,13820,17840,15219,22021,20358,22862,26671,9463,20138,7722,12753,8321,11730,5303,10165,2326,8536,179,3419,0,0,0,0,0,0,20250603
202505,안산선,대야미,33,1,3201,1132,8713,3392,18414,5138,21404,7990,12187,4796,9555,5130,8358,5158,8483,5664,8361,5816,8022,6401,7994,8904,9031,10904,8724,12085,10240,16096,5361,11988,4401,8762,2461,7181,1566,7941,960,4419,147,1201,0,0,0,0,0,0,20250603
202505,안산선,반월,19,0,4284,1067,8981,2660,18200,4606,17785,7652,10869,3950,8469,4128,7913,4546,7983,5040,7362,5346,6321,6195,6434,7708,7430,10324,7823,12259,7004,16276,3674,12645,3202,9625,2108,7607,1653,7394,550,4276,88,1112,0,0,0,0,0,0,20250603
202505,안산선,산본,687,4,10570,1707,25007,6734,55349,15503,52382,30110,30589,23899,27264,22097,25335,22678,27152,25731,27014,26845,26582,27675,29210,31510,30429,37653,29762,43015,32071,67796,21019,52301,18424,30774,16547,25761,12633,21257,4890,14104,523,4650,0,0,0,0,0,0,20250603
202505,안산선,상록수,652,15,14307,2609,30224,8488,63517,13437,60526,22716,36930,18865,28876,16207,24705,14940,25913,15453,23473,17335,20274,19912,22093,23838,26098,31168,27638,42420,22954,61624,15492,48727,11759,36695,9406,31931,6665,26256,2983,18283,453,5864,0,0,0,0,0,0,20250603
202505,안산선,수리산,26,2,3687,564,9713,1696,17731,4685,17976,8016,11034,4816,8400,5364,8060,4182,7183,4080,6665,4446,5445,4976,7006,5909,6109,7231,5698,8714,4929,12645,2824,9546,2102,7125,1397,5479,899,5590,452,3145,51,937,0,0,0,0,0,0,20250603
202505,안산선,신길온천,60,1,3290,179,5165,2142,9152,3853,7564,2438,5435,1593,4144,1582,3627,1979,3369,2205,3131,2147,3006,2774,3009,3390,3982,4002,4737,5753,3899,7302,2069,5620,1309,4208,933,4173,591,3052,236,2271,19,611,0,0,0,0,0,0,20250603
202505,안산선,안산,1967,13,11100,1584,13318,15131,24707,37355,25446,29058,22648,15144,18973,14294,17979,16442,19259,17107,19590,17000,19914,18534,20876,20124,25519,21305,42065,28755,41251,28237,20752,22743,17134,18552,10791,15920,4848,12694,1629,7836,135,3157,0,0,0,0,0,0,20250603
202505,안산선,오이도,178,3,6326,596,14715,6408,31990,11332,27548,12901,17469,8627,13815,9512,12720,12012,12788,12325,12060,12017,11610,13203,14313,15298,16501,18700,18193,21411,16523,27894,9840,21599,8616,14495,6917,13148,4190,12025,1338,9175,16,4003,0,0,0,0,0,0,20250603
202505,안산선,정왕,421,7,9140,892,13153,12437,22848,22814,22505,33059,18629,28614,15204,17997,15037,14330,16252,15530,17312,15369,16001,14914,20482,15758,26303,16710,33881,21362,33656,25924,16872,19063,12395,14993,9902,14648,7252,12420,2920,8594,141,2666,0,0,0,0,0,0,20250603
202505,안산선,중앙,342,30,11088,1518,30688,11152,55742,18727,48472,41174,31590,35460,28034,24079,30079,22958,34381,28311,29944,32259,28931,30935,31893,32799,37770,41472,40516,55229,41125,71710,28035,56583,27810,36019,28167,31737,23715,26658,9830,21081,1008,6891,0,0,0,0,0,0,20250603
202505,안산선,초지,276,1,4358,313,11953,4371,21428,9636,17755,11987,11443,8191,8574,5394,7702,4875,9019,5749,6967,5602,6390,6254,7368,7540,8941,9043,10721,13399,10946,17116,5072,15101,3866,10377,3088,9406,1804,8033,731,6257,61,2441,0,0,0,0,0,0,20250603
202505,안산선,한대앞,214,3,8680,1138,17596,4466,31808,9191,27885,26699,20898,17381,17562,17972,17433,11552,17827,14895,16638,13273,17628,14744,17605,15457,21810,20628,22985,26472,19259,34411,11316,27243,10061,18675,9965,17298,7918,14733,3526,10348,283,3353,0,0,0,0,0,0,20250603
202505,우이신설선,4.19민주묘지,5,2,1729,446,3453,1245,9058,2529,10227,14042,7350,6266,6424,8229,7084,12922,7567,6826,7971,6973,8429,6842,8174,6165,12053,6415,11450,6995,7838,8282,4755,7434,3875,4984,3968,4422,2086,3838,851,2797,242,813,0,0,1,2,0,0,20250603
202505,우이신설선,가오리,4,1,2680,503,6721,1538,17023,3311,17686,6554,11802,4905,9284,4650,8555,5275,8510,5823,7771,6607,6530,6897,6683,8896,6919,10444,6432,10858,5131,14408,3899,12633,2692,7885,1778,7053,1274,6264,551,3498,139,1021,0,0,0,0,0,0,20250603
202505,우이신설선,보문,16,1,677,119,1110,1541,2949,3563,4699,5333,3806,4108,3123,2948,3643,2983,3395,3505,3612,3151,3278,2960,4125,3299,4452,3906,4204,4044,4199,4448,2828,3274,2348,2347,1930,2081,1592,1710,725,1271,186,315,0,2,0,0,0,0,20250603
202505,우이신설선,북한산보국문,4,2,2628,571,7792,2388,18968,6733,22073,13133,16406,8419,13175,8133,12053,8161,12490,8194,11675,8404,10890,9052,11614,10741,13565,12934,14769,15133,13393,19451,6741,15983,5184,11732,4580,11110,3793,10195,2225,6867,700,1633,0,0,0,3,0,0,20250603
202505,우이신설선,북한산우이,12,0,2378,693,3716,2142,9592,3834,9768,7630,6990,10715,5499,11090,6344,9425,7601,7510,8356,5729,9750,5648,9216,5679,8873,5656,6814,5799,5710,6847,3612,5333,2869,3741,1958,3239,1091,2790,562,1752,178,768,1,46,0,0,0,0,20250603
202505,우이신설선,삼양,3,0,1336,440,3486,893,8276,1880,9209,3890,6744,3132,5402,3309,5205,3262,4958,3984,4453,4345,4192,4356,3795,5785,3794,6503,3540,6417,3207,7672,2454,6781,1742,4545,1157,4107,751,3261,372,1885,81,548,0,0,0,1,0,0,20250603
202505,우이신설선,삼양사거리,3,2,1565,404,3349,2143,7588,2514,9355,4919,6679,3804,5811,3669,5048,3726,5705,4486,5510,4660,4707,4677,4521,6132,4978,6778,4428,6658,4096,7402,3085,6447,2189,4130,1540,3413,1041,2585,512,1679,116,459,0,0,0,0,0,0,20250603
202505,우이신설선,성신여대입구(돈암),1,0,780,570,1529,1577,3592,4836,7009,10262,5483,7794,5503,6908,6183,7531,7066,7470,7049,8209,7155,7809,7917,8353,8373,9218,8834,10579,9819,12626,7247,7837,6870,5072,7618,4355,6650,3411,2947,2261,750,767,0,0,0,0,0,0,20250603
202505,우이신설선,솔밭공원,13,0,1949,328,4271,1143,11062,1770,11329,3264,7622,2817,5719,2759,5320,3060,5173,3757,4343,4417,4076,4540,4436,5097,4576,5751,3863,6141,3026,8255,1835,7435,1424,5209,959,4805,641,3813,316,2488,53,604,0,4,0,0,0,0,20250603
202505,우이신설선,솔샘,2,1,3540,430,11297,1478,29650,3747,29607,4846,18072,3277,12604,3752,10829,4221,10550,6074,9338,6652,7784,7519,7449,10558,7047,13354,6470,15024,5253,23795,3734,20691,2539,12680,1939,11999,1419,10644,705,6021,169,2029,0,0,0,1,0,0,20250603
202505,우이신설선,신설동,108,5,1087,1191,1117,3550,1938,7119,3000,12643,2317,8679,2511,5325,3163,4350,3637,4467,4195,4538,4738,3211,6352,2790,6857,2865,8709,2371,10529,2553,5743,1663,3936,1299,3337,1196,2492,1135,959,609,220,569,0,138,0,0,0,0,20250603
202505,우이신설선,정릉,6,1,2124,572,6008,1995,14035,3614,17073,7103,14068,5072,11129,4930,10207,5450,10490,6268,9498,6797,8497,7317,8422,9190,8755,10614,9067,12200,8792,15912,4798,12363,3547,8280,2909,7401,2450,6354,1301,3413,330,900,0,0,0,0,0,0,20250603
202505,우이신설선,화계,6,2,2250,706,4880,1906,12487,3010,14762,6403,9791,6377,8212,5620,7978,5708,9229,5955,7885,5848,6717,5724,6560,6724,6972,7352,5256,7989,4705,10660,3138,9305,2361,6465,1618,5179,1094,4842,576,2970,203,904,0,0,0,0,0,0,20250603
202505,일산선,대곡,252,4,2793,2426,8757,10005,23813,24723,26017,32071,15451,21661,12091,14808,10819,14397,12677,14525,13139,12959,13041,12392,15691,13502,19514,14797,27032,17844,36374,24166,24200,17111,15029,10237,14293,10238,12441,9041,7693,6791,1279,2677,0,0,0,0,0,0,20250603
202505,일산선,대화,177,0,7721,1624,23819,5005,47815,12984,37534,17979,27510,14060,22870,14201,20098,13816,19580,16173,18905,16098,18540,14783,19735,18006,20581,17221,21544,24068,19295,26700,9948,24601,7567,17456,6243,15683,5715,13403,1715,9015,160,3473,0,0,0,0,0,0,20250603
202505,일산선,마두,39,1,3792,1776,10650,4886,19078,8904,19233,22619,14802,16408,15808,12842,15794,12226,15616,11474,14181,15516,14928,14315,17024,14008,18450,15894,18308,16895,17174,19577,7636,17311,5858,10440,5053,9877,3949,8828,1131,5853,123,1271,0,0,0,0,0,0,20250603
202505,일산선,백석,69,2,5129,2300,10567,7211,22058,12548,25767,27631,19593,16462,17989,15291,18020,14525,18392,16004,17853,17979,18405,18268,20512,18932,20719,21822,24211,24186,23959,29367,13642,25517,11630,15567,10682,13121,7548,11987,3064,7594,396,1871,0,0,0,0,0,0,20250603
202505,일산선,삼송,732,6,9010,1337,32019,7165,81257,16234,79551,30458,45063,21486,34586,19397,29672,21186,30303,24251,28238,26544,26884,28113,27154,33672,31564,37570,34101,50801,33407,72787,21144,60488,16914,37885,14418,36412,14283,28351,3725,15565,615,3363,2,1,0,0,0,0,20250603
202505,일산선,원당,222,1,9487,814,21931,6222,47407,7863,49645,14242,32082,10610,24857,10279,21420,12841,21460,14246,19905,13789,17378,17952,17277,19919,17785,25863,17692,31052,16282,41984,9088,35560,6898,25189,5407,22157,3495,19454,1136,12522,112,2137,0,0,0,0,0,0,20250603
202505,일산선,원흥,230,4,7275,609,18076,4049,46754,7343,50628,14474,30152,10575,22073,8980,19708,10212,19322,11907,17875,13670,15148,15216,15744,18219,15661,23069,16767,30900,17085,39853,8666,37425,7317,23767,6526,21622,4651,19900,2290,12200,311,2632,0,1,0,0,0,0,20250603
202505,일산선,정발산,74,0,2630,964,5078,3377,8654,6474,11050,22202,9362,24054,10030,23357,12413,22121,14456,19915,18066,21004,20265,18174,24515,15898,24460,15874,25419,16547,27382,17740,14649,14452,13943,8123,9694,6855,7203,5356,2299,3781,290,939,0,0,0,0,0,0,20250603
202505,일산선,주엽,159,1,6420,1393,17045,3357,26020,7738,28342,15492,21141,13964,19811,14478,19980,14787,19571,15218,18482,17706,18179,17375,19575,20483,19072,20525,16667,25598,15024,27009,8616,24700,8647,15380,5936,13472,4507,11350,1290,7744,142,2139,0,0,0,0,0,0,20250603
202505,일산선,지축,0,0,0,0,0,0,1,0,4,0,5,0,1,0,0,0,3,0,3,0,1,0,2,0,0,0,6,0,2,0,8,0,2,0,3,0,0,0,0,0,0,0,0,0,0,0,0,0,20250603
202505,일산선,화정,174,1,12466,1507,24854,6266,54097,13550,55339,36569,37108,25126,33448,23586,30801,24361,32038,26980,33616,28417,31028,30780,31466,37544,34253,40001,33155,49023,31122,61269,18575,49504,16245,32515,17470,29040,12906,26218,4942,15715,670,3651,0,0,0,0,0,0,20250603
202505,장항선,배방,76,0,1193,348,1934,797,3850,1380,4465,2605,3406,1711,2581,1468,2380,2040,2563,1991,2620,2271,2818,1867,2469,2144,2475,3732,2762,4249,2866,4809,1775,3340,1351,2597,1218,2531,1279,2022,769,1845,37,287,0,0,0,0,0,0,20250603
202505,장항선,봉명,19,1,1396,519,1848,955,2788,4707,3336,4798,2680,3699,3085,2657,2950,1725,2751,2052,2296,2775,2483,2047,3095,2142,3294,1870,3984,3123,2356,2674,1360,1930,1241,1291,943,1280,736,1336,734,906,10,288,0,0,0,0,0,0,20250603
202505,장항선,신창(순천향대),363,1,826,121,1830,690,2941,4037,2506,10866,2529,7494,3872,8405,4388,5270,4622,5500,6585,3859,7577,3385,6120,2637,11617,3566,8177,2611,9251,5100,3163,3389,2877,3629,3178,3629,2415,3223,1493,2465,21,687,0,0,0,0,0,0,20250603
202505,장항선,쌍용(나사렛대),79,2,3146,429,4521,695,7767,1809,9387,7750,5638,5888,4944,4494,5151,3838,5025,6773,5643,4661,5074,3359,6599,4965,6450,5914,6342,7686,6125,7834,3598,5523,2667,4306,1936,4907,1768,3633,973,3361,70,852,0,0,0,0,0,0,20250603
202505,장항선,아산,75,1,1189,1689,2772,4732,7845,6611,11248,10729,6054,9450,6342,8846,7315,7365,8103,8337,8526,8378,9636,6258,11918,7668,10734,8011,10473,10672,14194,10848,10478,6502,6622,6062,7730,4537,7331,3100,4235,2184,152,615,0,0,0,0,0,0,20250603
202505,장항선,온양온천,791,6,2124,587,4864,3008,10402,6565,12337,9279,11032,10714,11049,11253,10975,15946,13104,12399,14623,11817,14847,8034,12781,9936,12089,11799,9380,12464,10495,11933,5108,9329,3954,6756,3135,7047,2138,5301,1350,3658,28,1235,0,0,0,0,0,0,20250603
202505,장항선,탕정,57,2,1227,326,2161,1123,4844,2283,5233,4561,3438,2944,3266,2481,2992,2558,3513,2881,3921,3515,4007,2679,4625,2997,3816,4926,4857,5538,4991,6296,3778,3997,2834,3437,2626,2997,3030,2627,1702,2272,71,295,0,0,0,0,0,0,20250603
202505,중앙선,구리,832,8,6136,1308,12312,4038,28304,6665,28230,13619,16393,12057,14298,12050,13471,10778,14164,11896,13431,13571,12918,12715,13776,16377,14825,19015,15351,22643,14527,32315,9735,24957,9035,14655,5629,12844,4681,11791,1498,7648,46,1642,0,0,0,0,0,0,20250603
202505,중앙선,국수,0,0,892,38,1115,319,2291,658,2145,1813,2080,1446,1536,1074,1462,1638,1470,1269,1614,1287,1372,1064,2089,1504,2046,1647,1378,1998,994,1981,607,1531,417,1253,275,1201,214,1097,18,705,2,103,0,0,0,2,0,0,20250603
202505,중앙선,덕소,1615,5,3553,936,10065,2299,23863,4605,21209,6266,14253,6396,12204,5471,10593,5188,9403,6560,9674,7824,8132,7520,8101,11161,8731,12513,8633,14792,6744,21019,4343,18741,3600,9726,2553,11025,2256,9347,744,7013,6,1781,0,0,0,0,0,0,20250603
202505,중앙선,도농,889,5,8586,862,19828,2927,47258,6903,40782,12979,23909,8046,19911,7929,17347,8047,15697,8543,14010,11239,12179,11570,12360,16854,14494,19880,14435,22199,12367,37254,6633,33785,5344,18186,4351,16563,3013,14553,922,11556,22,2098,0,0,0,0,0,0,20250603
202505,중앙선,도심,2,0,1962,245,6069,871,13957,2444,9732,4768,6731,1944,5160,1703,3722,1811,4201,2095,3532,2351,3412,1939,3102,4559,4129,3104,3411,5500,2836,7900,1528,6279,1258,3770,993,3866,650,4185,274,2149,0,0,0,0,0,0,0,0,20250603
202505,중앙선,망우,265,2,8644,740,12203,3269,31515,5461,26943,14093,17503,9805,14376,9294,13221,10200,14656,11416,13783,10948,12044,13016,12772,15553,13465,16935,12892,22054,12825,27027,8212,21909,5793,13849,4866,10762,3221,9879,1298,6418,30,619,0,0,0,0,0,0,20250603
202505,중앙선,상봉,690,15,6929,791,9256,3681,21906,4781,23216,8045,14378,6064,9999,6420,9050,6798,10802,8771,9110,8151,9144,9254,9960,10499,9031,11784,10105,16471,9593,23634,6811,19101,5672,11926,5211,9705,3227,10137,1646,5984,155,1256,0,0,0,0,0,0,20250603
202505,중앙선,신원,0,0,211,90,296,190,539,521,490,622,438,783,440,852,530,667,488,407,671,413,610,329,792,428,731,344,716,475,689,416,294,270,178,264,100,200,118,202,69,110,1,20,0,0,0,0,0,0,20250603
202505,중앙선,아신,0,0,525,34,848,292,1827,645,1532,1168,1533,1136,1585,1097,1152,1518,980,853,1194,1112,1094,1032,1326,923,1707,1657,1306,1528,871,1648,633,985,347,929,257,1000,194,930,17,462,4,127,0,0,0,0,0,0,20250603
202505,중앙선,양수,2,0,1109,222,2252,949,6621,2578,5584,3799,4683,4363,3844,5336,3710,5096,3549,4308,4497,4283,4768,3492,6606,4130,6562,4140,5630,5049,3876,4482,2188,4974,1845,3186,960,3101,421,2044,172,1864,0,352,0,0,0,0,0,0,20250603
202505,중앙선,양원,113,2,3044,368,4999,1955,12490,9886,11577,6759,7275,3366,5140,3740,4693,3536,5429,3420,4880,3870,4462,3818,7071,4874,8250,5776,5554,7732,4373,9975,2750,9628,2200,5378,1561,4557,1200,4087,344,2645,8,196,0,1,0,0,0,0,20250603
202505,중앙선,양정,201,1,227,131,695,929,1333,1435,1229,2115,884,1213,823,1098,873,670,881,642,1000,733,1263,712,1402,1045,1586,742,1962,839,2078,1166,722,727,365,285,305,438,96,350,41,262,1,60,0,0,0,0,0,0,20250603
202505,중앙선,양평,163,5,2296,82,4682,1380,11167,4949,7736,7463,6329,5058,8067,6007,6751,8723,6963,7934,7669,4756,7582,7850,7649,6149,8650,7019,8070,11047,6194,10473,3791,5186,3386,7175,2748,4071,1858,4631,236,4036,97,1288,0,0,0,0,0,0,20250603
202505,중앙선,오빈,9,0,307,53,482,398,1152,434,1006,508,893,569,864,588,675,660,624,473,609,429,531,599,595,518,696,739,607,932,462,1174,280,509,192,453,101,542,59,390,4,228,0,66,0,0,0,0,0,0,20250603
202505,중앙선,용문,543,2,1216,15,2700,585,4667,2413,5196,4983,4097,3672,4551,5605,4414,10782,5979,5803,7113,7581,8170,5177,9336,2481,8313,6921,6420,5704,3554,4548,2332,3249,1053,3680,825,2146,349,2337,2,1766,0,733,0,0,0,0,0,0,20250603
202505,중앙선,운길산,1,0,316,106,506,464,1582,916,1670,1716,1182,3485,1177,4898,1242,4320,1659,2515,2370,2018,3380,1619,4687,1718,4019,1339,3230,1317,1990,1119,1296,1188,719,665,316,759,214,581,76,483,2,1,0,0,0,0,0,0,20250603
202505,중앙선,원덕,91,0,345,2,650,210,937,483,1116,603,1099,667,1041,1018,791,904,771,741,828,700,997,669,915,749,923,913,704,1247,559,977,332,592,228,518,103,496,22,428,4,294,3,86,0,0,0,0,0,0,20250603
202505,중앙선,중랑,175,6,6358,791,9822,2263,20975,3484,23043,6862,16506,5653,10622,5791,9844,6061,10071,6704,9680,8490,8655,7943,8607,11367,8456,12644,8182,16761,8338,21505,5674,16425,4145,10863,3501,9579,2461,8706,1112,5225,22,415,0,0,0,0,0,0,20250603
202505,중앙선,지평,0,0,0,0,0,0,218,281,28,198,67,12,393,659,0,1,1,1,168,1,532,503,1,4,2,0,186,222,57,83,268,258,0,3,60,163,1,2,0,0,0,0,0,0,0,0,0,0,20250603
202505,중앙선,팔당,4,0,262,103,627,543,1215,1806,1286,3371,1188,3439,1414,3420,1192,2731,1359,2632,1650,1896,2196,1683,2767,2104,3259,1574,2966,1623,2721,1620,2052,1029,1710,638,1198,420,849,395,144,191,0,0,0,0,0,0,0,0,20250603
202505,중앙선,회기,954,13,13714,3995,23403,13763,58944,32418,77105,64985,55550,49873,42461,43193,44188,39044,48917,37963,50396,43415,49719,38018,57995,40011,66441,47196,72934,62156,59654,81102,35164,62779,31831,42998,35353,44874,33608,48397,17545,31563,903,6552,0,0,0,0,0,0,20250603
