사용월,호선명,지하철역,04시-05시 승차인원,04시-05시 하차인원,05시-06시 승차인원,05시-06시 하차인원,06시-07시 승차인원,06시-07시 하차인원,07시-08시 승차인원,07시-08시 하차인원,08시-09시 승차인원,08시-09시 하차인원,09시-10시 승차인원,09시-10시 하차인원,10시-11시 승차인원,10시-11시 하차인원,11시-12시 승차인원,11시-12시 하차인원,12시-13시 승차인원,12시-13시 하차인원,13시-14시 승차인원,13시-14시 하차인원,14시-15시 승차인원,14시-15시 하차인원,15시-16시 승차인원,15시-16시 하차인원,16시-17시 승차인원,16시-17시 하차인원,17시-18시 승차인원,17시-18시 하차인원,18시-19시 승차인원,18시-19시 하차인원,19시-20시 승차인원,19시-20시 하차인원,20시-21시 승차인원,20시-21시 하차인원,21시-22시 승차인원,21시-22시 하차인원,22시-23시 승차인원,22시-23시 하차인원,23시-24시 승차인원,23시-24시 하차인원,00시-01시 승차인원,00시-01시 하차인원,01시-02시 승차인원,01시-02시 하차인원,02시-03시 승차인원,02시-03시 하차인원,03시-04시 승차인원,03시-04시 하차인원,작업일자
202509,1호선,동대문,535,13,12099,1984,9918,7427,17438,12154,24011,20554,22384,22572,19350,23086,19941,25520,22751,23849,24527,24654,26088,23321,26787,23447,28408,23378,27780,23950,25027,24785,19397,23660,16862,16839,14765,15837,11790,15247,5832,10017,978,3111,5,349,0,0,0,0,20251003
202509,1호선,동묘앞,202,4,2934,890,4096,5669,9623,11460,15217,24533,12422,17090,13713,21522,17598,28112,23766,29302,30243,34755,30790,29100,32564,25121,33498,19892,31318,15389,21737,13692,11011,9773,6386,6693,5346,7211,3749,6944,1285,4829,171,2095,0,289,0,0,0,0,20251003
202509,1호선,서울역,753,35,11376,10334,32529,62503,105429,134137,169793,262118,120800,179302,105419,104372,108975,95923,122220,104996,116266,103708,106080,97255,122816,112530,151041,126188,236554,154646,261505,183403,142252,122023,104218,86720,103751,83200,69927,60274,33814,29456,4658,7703,13,173,0,0,0,0,20251003
202509,1호선,시청,78,5,1832,6166,4039,35164,7843,91024,11334,224375,15339,99634,19629,51420,24469,46852,26091,41354,33854,43245,41980,35146,57658,30051,71569,27874,108827,30678,175786,26837,68116,13900,60945,9744,52377,8756,32788,6304,10419,3512,651,991,1,29,0,0,0,0,20251003
202509,1호선,신설동,454,10,9125,2340,10625,9290,24255,27377,35323,58887,23836,34383,20714,21277,21868,19374,23324,18977,24807,20780,23658,19058,25928,21632,31661,23076,44246,27384,53907,33389,21114,23993,15699,16994,13334,16523,8764,14710,3794,9200,478,2787,0,0,0,0,0,0,20251003
202509,1호선,제기동,343,3,5283,2646,9704,10050,24278,23449,33570,41565,24816,34880,27156,41252,35418,46175,39026,45497,40736,47002,43611,43389,46815,37724,45846,35422,44810,28491,38556,27940,21473,18588,13653,12522,8499,11629,5357,9881,2135,6039,151,1529,0,0,0,0,0,0,20251003
202509,1호선,종각,111,5,3898,6419,4435,39583,7420,129864,11794,290190,14833,149681,20927,64031,30532,60962,35830,54000,44703,54017,57265,45034,70305,40421,89716,43893,170309,51269,236309,52634,101004,26314,88715,14340,86935,10647,61776,7641,25817,4454,2171,1324,1,2,0,0,0,0,20251003
202509,1호선,종로3가,227,11,4314,3807,4605,14452,7348,28980,11628,69136,16332,65326,22753,56456,33609,65795,45443,62557,47635,56849,57978,51045,64685,44169,73449,43731,88315,41904,94801,40102,57121,20914,48088,12457,48778,10675,37906,8452,16860,5128,1752,2332,4,22,0,0,0,0,20251003
202509,1호선,종로5가,73,1,1995,4823,3307,18539,6866,45382,11805,96790,17027,67243,27930,60472,39242,61820,45723,55249,52388,52252,61195,50528,64474,42297,71196,41029,93320,37016,94743,33543,50403,20437,35009,11985,29995,8511,19250,6784,5815,4282,394,1143,0,4,0,0,0,0,20251003
202509,1호선,청량리(서울시립대입구),1216,46,11608,3196,20284,12039,54063,19907,62719,42923,38812,43584,35930,45251,41770,52388,48027,52874,49971,54606,52772,52803,58036,51434,61991,52444,58381,55056,50149,64625,28844,41081,21734,25416,17272,24015,10533,21065,4630,12224,332,4135,0,0,0,1,0,0,20251003
202509,2호선,강남,129,9,8007,12131,17685,57947,43173,169200,67143,346408,57876,346621,57534,160638,73408,106286,90497,100988,104727,116229,116896,104682,142088,99456,173342,109794,272608,146480,343023,185493,228327,105980,173750,60751,184014,50673,157834,39923,69262,22181,11674,6420,6,26,0,0,0,0,20251003
202509,2호선,강변(동서울터미널),45,1,9161,1945,23656,22079,70680,23422,104751,40950,76519,34163,59973,31549,50313,31737,46848,35210,43210,39886,40553,42925,44558,51080,48003,55413,54632,70748,57651,94093,37898,64227,29638,46400,24148,37456,15799,32195,5788,16531,876,4517,0,101,0,0,0,0,20251003
202509,2호선,건대입구,333,18,14655,1690,23621,15867,59485,26125,101746,67234,67525,52125,43677,50175,40169,48748,47617,55144,51490,60042,54617,59432,60667,65285,71277,78810,83422,106911,93294,157101,71459,108732,72897,68911,77462,63772,71502,56714,40833,33492,7012,11703,12,982,0,0,0,0,20251003
202509,2호선,교대(법원.검찰청),20,0,2506,6590,11471,29177,27316,62291,39007,170520,31805,137271,28933,73380,34420,62426,35675,56875,45160,60580,52643,51954,56991,49488,62496,51344,105478,67648,142095,74205,64742,41869,54329,27741,51449,23981,38635,22226,15151,11652,3058,3634,1,19,0,0,0,0,20251003
202509,2호선,구로디지털단지,540,15,39944,4728,56218,21123,148433,89180,194204,231866,118577,147407,70728,62536,63018,46678,71553,52616,67562,66308,62477,61171,71538,68959,87378,83410,142663,113357,208982,168925,102635,132598,63225,88911,50913,87105,39518,81743,18262,47932,3549,14315,4,343,0,0,0,0,20251003
202509,2호선,구의(광진구청),75,2,14448,1374,31140,12759,84635,19889,132688,49966,79394,28683,44254,26255,35244,27675,37484,30422,37842,33358,36713,35146,38212,43955,42454,49920,45159,71947,55395,113974,30849,80697,24426,54218,23279,49099,18564,44911,8925,24659,1501,7961,3,117,0,0,0,0,20251003
202509,2호선,낙성대(강감찬),50,4,12733,2651,29343,9995,92037,21616,135216,46375,85546,38360,47307,30461,38495,26168,42235,29482,40713,31686,36611,32853,38981,39192,41859,47222,49417,65369,56306,107064,31844,88911,25619,59343,22714,56467,17198,55606,8886,33481,1706,9690,5,190,0,0,0,0,20251003
202509,2호선,당산,67,11,8637,4195,20643,16811,50924,32122,63720,81501,37826,34778,27026,17225,24775,16864,25054,20016,23876,22845,21407,22671,23736,27837,30727,36522,45142,54253,60999,81255,28635,53833,23600,36481,22235,34688,17984,31734,8895,19066,1525,5579,7,144,0,0,0,0,20251003
202509,2호선,대림(구로구청),865,12,35203,3301,31455,11057,72686,24917,98650,57367,64934,35415,40302,33175,34990,34533,37189,33780,35457,33090,32981,34479,35421,42651,38421,50204,44785,63458,51157,71223,26134,53243,18602,41615,13774,50394,10472,46975,5176,22661,889,5469,3,284,0,0,0,0,20251003
202509,2호선,도림천,2,0,400,330,1641,893,3877,4451,3952,6365,2407,2343,2301,1659,2298,1643,2188,1914,1857,2161,2475,1948,2766,1874,3029,2216,3270,2841,4044,3932,1703,3083,1244,2073,1008,1736,714,1397,230,971,73,335,0,6,0,0,0,0,20251003
202509,2호선,동대문역사문화공원(DDP),214,11,4610,1089,4076,9521,7847,23893,14645,50266,18343,35466,19402,32875,21518,31340,24379,30965,25502,33260,29369,34389,36110,33552,43682,33430,50640,37382,50998,42576,34628,37520,29513,27605,26327,22394,19275,18478,10977,10668,2608,3793,7,157,0,0,0,0,20251003
202509,2호선,뚝섬,14,0,3829,2297,9538,15719,21407,44944,28457,150036,18875,107573,16543,49243,19681,39627,24073,39057,28115,40951,33814,36530,42532,37578,54479,39179,89891,45578,145174,55844,77250,31655,53951,18145,46126,14398,28507,12875,10086,7570,1553,2875,2,63,0,0,0,0,20251003
202509,2호선,문래,18,0,4410,3155,15979,12361,48869,44015,54549,145468,30020,67422,22335,27644,21459,24254,26323,27240,27323,28397,28265,27960,30999,29554,39637,35556,71452,46359,119139,70140,43841,45211,31080,24701,32317,22152,29501,19024,12277,10747,2425,3929,5,90,0,0,0,0,20251003
202509,2호선,방배,10,1,2526,3752,9325,14106,24468,31416,32951,84168,26935,64745,20030,36366,21809,29674,24716,29046,27776,26074,32871,26196,37122,24447,46667,25485,58136,33660,68592,38779,32021,26246,25400,17904,24177,16100,18073,15470,6955,8781,1493,2710,0,6,0,0,0,0,20251003
202509,2호선,봉천,100,7,16208,1436,32303,7296,92623,13938,131602,29641,79221,23264,44191,21246,35555,23589,37795,24930,37209,27016,33144,30399,30245,39270,33288,46638,34412,61844,34986,97858,21626,78233,16998,49048,14458,45683,11118,41932,4823,23621,921,8210,1,280,1,1,0,0,20251003
202509,2호선,사당,89,4,13823,4217,33203,35594,86168,53193,111485,79372,82484,56678,55522,46674,48501,60603,54072,60548,58244,55069,64651,56381,66010,68318,70035,93065,86575,140910,106597,190588,76418,126504,72364,78693,76462,72141,68655,67193,37784,38290,6663,11947,10,744,0,0,0,0,20251003
202509,2호선,삼성(무역센터),220,4,5168,7145,8036,55558,15249,155697,21521,340960,21492,260077,25666,123433,38403,87397,51121,77575,64380,81823,79504,71599,102630,62557,138778,61370,243024,69008,305886,64935,161325,35560,124546,19722,103189,15574,63658,11118,17006,6269,2201,3485,3,1022,0,0,0,0,20251003
202509,2호선,상왕십리,7,0,6341,927,15400,6210,45926,13068,69789,31550,39590,18872,24488,14674,20354,13943,22214,15109,21252,17206,19079,18680,20280,22807,23188,27461,26113,38684,27781,58993,18920,39750,12421,26115,10576,23178,7513,22317,3031,12927,462,4254,0,28,0,0,0,0,20251003
202509,2호선,서울대입구(관악구청),5356,23,28946,2798,48200,15458,136303,30670,188888,80119,124382,71169,72577,58161,61002,46585,70955,50991,72254,55172,64966,56475,70031,65424,77075,77258,89660,111089,98922,178457,59786,140740,48810,91791,48507,86595,39919,84466,22105,49265,4228,18345,0,2978,0,0,0,0,20251003
202509,2호선,서초,10,1,1859,5506,9570,26372,19914,59659,30698,126111,29793,92755,22048,46914,31448,36239,28243,28859,36619,29358,38624,28473,47627,23529,55005,26638,83300,29836,99673,30531,45306,21564,33629,13892,32298,11919,17910,11002,6517,5886,1033,1582,0,9,0,0,0,0,20251003
202509,2호선,선릉,132,7,4691,6478,12326,50274,24919,137903,39875,310537,38440,230610,41746,107770,53196,71204,64365,69341,71749,76712,82168,60075,108747,54583,144270,55018,237031,61414,314553,62637,156233,40463,101384,25707,88384,21730,72137,18955,25078,11231,4075,4700,2,54,0,0,0,0,20251003
202509,2호선,성수,151,5,5362,5555,9281,38701,22385,81444,28759,268317,24342,183617,24233,123904,31479,111493,43638,112297,59274,118192,75704,114056,100451,111079,129665,105192,195350,102057,300068,99514,173409,57744,134961,28399,113500,19294,73612,15219,24900,10478,3547,5783,1,1001,0,0,0,0,20251003
202509,2호선,시청,15,0,1111,2716,2364,25492,5681,86320,10004,247667,16226,99568,23093,35534,28235,29707,27059,29372,32897,32120,39351,26663,49854,23495,62303,22281,119603,25005,188138,25110,67185,13700,51358,9178,44613,8941,26702,7153,9820,4389,1435,1457,3,54,0,0,0,0,20251003
202509,2호선,신답,6,0,1364,75,2304,653,7668,1090,11833,1754,5147,962,2726,1170,2383,1253,2251,1524,2258,1523,1799,2152,1861,2952,2233,3915,2218,5426,2141,11074,1044,7370,683,3944,481,4153,326,3197,157,1970,38,467,0,0,0,0,0,0,20251003
202509,2호선,신당,42,1,5866,1240,12312,7634,33912,16217,57503,31405,31732,22815,21713,18544,20828,20441,23140,20547,23210,22544,22873,22339,23683,26197,26826,31167,31324,42466,34140,59830,23197,39487,18606,25094,16672,22054,15549,20180,7319,12004,1596,3909,1,57,0,0,0,0,20251003
202509,2호선,신대방,378,3,25795,1949,37013,9423,97507,16162,137449,25459,84119,18480,45378,18201,36208,19273,37141,22355,34251,26362,29981,29407,30231,40615,32901,47857,35089,62970,31561,95929,20552,81113,15525,57132,12968,58417,10012,55132,4786,30807,972,9298,1,325,0,0,0,0,20251003
202509,2호선,신도림,4728,14,38719,5551,60692,20939,153180,45863,159014,112004,96589,74695,66433,58331,63099,58313,71246,61356,71869,66069,72762,63892,76086,74720,84024,88321,105566,116088,122417,171107,70438,120570,55431,77231,51905,73747,41503,70289,20147,47038,2704,21336,25,2759,0,0,0,0,20251003
202509,2호선,신림,208,8,38448,4154,73319,18482,200006,30857,287415,47931,172639,43424,94306,41763,78172,43690,82490,49902,76905,56619,69913,63573,68611,80823,74641,101444,75715,140186,78936,231938,53662,199184,44294,133870,40269,125496,34436,117598,19643,73338,4537,23244,11,787,0,0,0,0,20251003
202509,2호선,신설동,47,1,1257,262,1724,1889,5504,5142,10535,12950,6546,8858,5932,7373,6650,7311,7500,7780,8045,8556,8035,6525,8690,5957,9149,5886,12175,6376,11513,8214,4982,6339,3895,4482,3325,3940,1815,3781,681,2368,145,945,0,163,0,0,0,0,20251003
202509,2호선,신정네거리,96,1,9028,930,19749,2294,54322,4763,48180,12509,25779,8921,18343,8005,16313,8898,15892,10672,14416,12302,12679,13428,12156,17771,12717,23061,12651,32840,12027,50645,7327,36373,5367,21771,4505,18317,3399,16822,1462,10473,326,3031,1,165,0,0,0,0,20251003
202509,2호선,신촌,78,10,7818,2693,14550,16494,39263,42925,58053,97948,44194,103219,42579,80761,52715,69755,62367,72645,68265,75174,69449,67752,79083,64859,98971,72263,115479,96415,110972,124849,77819,82141,78987,51083,82320,44992,78039,39790,37327,24980,7215,7243,2,156,0,0,0,0,20251003
202509,2호선,아현,5,0,4808,999,11996,5463,33703,12279,47083,21986,27000,15316,18748,13092,17262,11288,19368,13093,17776,14176,16301,15116,19365,17845,22466,20408,22243,26587,21506,37697,13967,27679,9803,19013,7713,17126,5801,16346,2258,8193,352,2702,3,50,0,0,0,0,20251003
202509,2호선,양천구청,31,0,5208,813,13294,2655,35455,5533,31348,10044,17623,5879,12289,4679,10932,5438,10767,6919,9477,8578,7646,9017,8120,11607,8838,15341,8935,21218,9215,31953,4296,24844,3162,14803,2599,13823,2301,10654,697,7456,156,2334,2,34,0,0,0,0,20251003
202509,2호선,역삼,27,3,3607,7753,8908,47223,17189,171527,27843,394924,25906,324507,27234,128121,35866,70083,41993,62404,50835,67095,62185,52126,81794,44946,113859,45811,253751,56899,295842,63084,162188,37757,91599,23423,81423,20109,57729,16402,19920,9782,3614,3389,0,19,0,0,0,0,20251003
202509,2호선,영등포구청,57,1,5408,3767,14868,15325,45127,43536,55817,136296,34279,58755,24961,30264,26510,26546,29757,26757,30862,30086,31290,28503,34243,29129,42009,33249,66477,43234,110115,64673,40297,42554,30475,25588,27057,23838,19479,21496,8807,13052,1849,5157,2,137,0,0,0,0,20251003
202509,2호선,왕십리(성동구청),578,8,6473,902,10462,7645,29810,15448,50096,29509,31360,22456,21687,17568,20680,17927,24316,19918,24258,21274,23947,21309,27873,23700,33875,28481,37696,39833,37684,60744,25398,37763,23581,25030,25235,21730,24598,21567,14933,13448,3359,5577,6,141,0,0,0,0,20251003
202509,2호선,용답,24,0,2447,439,3616,1417,9182,2066,15301,3880,8013,5618,5477,3330,4820,2878,5276,3336,5332,4060,4541,3677,5164,4930,6543,6281,5874,7626,4671,12042,2994,8407,2093,6069,1657,6823,1142,6428,606,3516,144,1187,0,5,0,0,0,0,20251003
202509,2호선,용두(동대문구청),54,1,1084,94,2007,951,6440,2880,10161,5722,6166,3737,4567,3649,4216,4099,4597,3517,4710,4537,4869,4560,5246,5088,5621,5115,5720,6114,5931,9434,2684,6472,1735,3985,1600,3598,821,2561,286,1617,59,538,2,12,0,0,0,0,20251003
202509,2호선,을지로3가,11,0,1356,2075,2918,25506,7498,82187,15959,183073,22321,74572,25843,33912,27442,29116,27319,28553,30141,30482,34810,27411,38926,28404,51833,33878,102328,41595,149855,49641,60840,31362,46316,19809,48177,16679,41247,14095,22889,8432,4193,2151,3,99,0,0,0,0,20251003
202509,2호선,을지로4가,7,0,1208,1239,2675,15000,6452,38437,13840,81650,16560,42043,19821,26366,22048,25025,22121,22591,23517,23020,25937,21572,29980,20034,35906,19919,66313,20988,72744,21742,30731,15918,19852,11471,16416,10846,11306,10535,5640,6099,1208,1865,2,38,0,0,0,0,20251003
202509,2호선,을지로입구,82,2,2837,2932,5105,35210,11782,142678,20008,360560,31305,173406,37339,95538,46206,78047,52294,69238,64122,72365,73970,65259,87179,64056,109532,68740,191187,78566,295030,79882,143263,52425,133042,35870,90561,29388,72259,22286,31895,11805,4449,4225,6,900,0,0,0,0,20251003
202509,2호선,이대,32,1,3502,886,10020,7658,30503,18700,41076,52471,25945,59571,21512,45114,22699,30100,33570,34314,30930,37169,30482,27883,40682,29660,44649,30778,55721,39473,52399,52896,31144,37045,26210,25611,25654,25244,19535,25138,7487,16738,1136,5004,2,164,0,0,0,0,20251003
202509,2호선,잠실(송파구청),82,20,14453,5127,54045,36574,131621,84029,176442,177486,126872,157787,88304,119531,86007,115821,95975,115358,104969,117314,112915,120747,136802,134670,160061,151376,200387,196852,233050,252745,166410,166336,154101,108383,138419,95691,93551,83739,31339,44374,4821,10198,4,178,0,0,0,0,20251003
202509,2호선,잠실나루,12,0,3768,2864,15082,17756,45012,24264,52204,40260,33107,24856,26344,19070,25176,16854,23893,20452,21091,21858,22389,20252,26446,20985,34121,22943,39504,31781,32251,44146,15770,31957,11266,20668,8375,19346,5938,17888,2578,9215,439,2847,2,56,0,0,0,0,20251003
202509,2호선,잠실새내,52,2,5972,933,21004,10089,70971,19956,92241,32314,57555,32176,38740,25941,36236,26643,36506,31201,35238,35613,32142,40754,36522,46811,40749,53469,42785,71046,44541,93841,33603,63567,28892,39211,29143,34537,28148,30519,14674,16735,2564,5302,1,115,0,0,0,0,20251003
202509,2호선,종합운동장,23,1,1804,1599,7109,17746,19332,20531,25350,33418,17105,18822,12801,18286,12750,13401,14408,16850,16232,23829,16519,21377,21964,35198,22661,69840,40267,72200,33922,78524,24420,25779,56362,13421,83390,12354,16865,10421,3159,5516,346,1723,2,107,0,1,0,0,20251003
202509,2호선,충정로(경기대입구),13,1,3339,979,6784,7338,17518,28143,24401,66932,15819,30515,12511,14033,13105,11737,13581,11986,13996,14679,14296,12221,15562,13666,19966,14426,37254,18809,50412,23123,16556,15488,11958,11566,10091,10860,6641,10072,2800,5744,569,1858,0,76,0,1,0,0,20251003
202509,2호선,한양대,2,0,1271,702,3143,9985,6632,17677,10294,81445,8017,64563,10530,58622,17282,20551,20650,44593,24140,30767,30422,23389,38624,18110,51212,14520,61687,19959,51131,25851,25287,13004,21056,8350,22231,7519,15628,7013,10202,4582,1756,1546,0,31,0,0,0,0,20251003
202509,2호선,합정,136,6,10509,3311,18702,14477,42525,33889,54376,98279,36062,91180,28506,55191,31094,49700,37228,53879,41451,58135,43093,53246,48859,56688,57138,67334,79201,87883,116846,117994,79630,80679,66272,45694,72709,37333,68829,32452,34674,22191,6092,8438,8,274,0,0,0,0,20251003
202509,2호선,홍대입구,926,48,23394,3394,30781,18283,64364,44882,85145,120673,64560,160291,58848,119675,68617,134391,80462,147438,94695,160825,105125,155388,127302,155222,157351,171999,186002,197694,208843,240036,176243,170930,166966,106435,186375,88539,178189,71324,87529,48747,12072,18235,10,1948,0,0,0,0,20251003
202509,3호선,가락시장,53,10,2920,840,8084,6064,24162,12094,24843,27317,17420,14804,15452,10986,14177,11719,14086,12392,13990,12703,13975,13463,15446,15572,16840,16869,20662,21496,27903,28130,12469,19542,9705,12636,8301,10809,5695,10126,2379,5111,401,1854,2,41,0,0,0,0,20251003
202509,3호선,경복궁(정부서울청사),28,2,2567,2087,6912,17035,15005,47570,22768,148378,21745,99241,20804,60047,29170,53912,35648,51053,42216,49897,50178,42316,62005,38498,77475,37720,103982,42039,124253,45467,53729,27901,49494,14357,45077,11911,26632,10017,9147,5568,1098,1554,1,43,0,0,0,0,20251003
202509,3호선,경찰병원,10,0,3206,319,9266,3491,26430,10559,28204,28867,16699,16980,12682,9763,11649,7410,10337,9297,10177,10424,11605,9439,11468,10209,11423,10991,17222,16751,20050,23806,7846,17937,5882,10937,4777,9645,3252,9104,1000,5311,168,1460,0,1,0,0,0,0,20251003
202509,3호선,고속터미널,151,2,5406,4254,8375,36463,26897,52586,49310,80395,58264,99696,59313,101793,70336,108046,85413,99516,92797,99106,107533,102215,123230,107999,133288,110052,147837,119030,141509,125223,120852,76676,134230,48567,83699,37260,52048,27679,18335,12919,2092,2249,0,2,0,0,0,0,20251003
202509,3호선,교대(법원.검찰청),77,16,1973,952,5173,8054,12247,21273,16695,52818,14700,40018,15819,19340,20271,14130,22769,13266,27142,13394,32078,12039,33762,11113,37550,12400,58945,17242,77144,21585,36537,11721,32428,6567,29970,5365,21444,4844,8588,2725,1389,875,0,2,0,0,0,0,20251003
202509,3호선,구파발,144,4,13953,1781,38008,12292,92218,25182,86934,32081,49022,26713,34666,28794,32444,26864,33701,27932,31994,30028,32381,31203,36925,34179,43947,41715,41523,52934,31943,81972,21596,64805,16819,37943,14428,33833,11389,30515,3263,19831,710,8236,0,395,0,0,0,0,20251003
202509,3호선,금호,82,13,4488,696,11325,2895,30887,5192,40035,9826,24457,6922,15216,7163,13324,7279,12426,8301,11411,10002,9981,11178,9874,13944,11183,17322,12106,22868,11805,32283,8708,22543,6182,15577,4738,13504,3636,12840,1708,6281,421,1831,0,0,0,0,0,0,20251003
202509,3호선,남부터미널(예술의전당),44,3,3226,1523,10057,29881,31651,72223,49039,162547,41275,92068,35995,52137,39753,38998,42357,41250,45498,47191,47092,47162,54560,46964,69337,51870,120499,56032,140694,64491,64255,41912,44599,26142,39836,20340,28227,17038,7567,9385,920,2623,1,12,0,0,0,0,20251003
202509,3호선,녹번,89,4,10125,485,27093,3933,75802,8455,81465,17652,45403,11730,28149,9485,23736,10468,23820,12905,20572,14732,17136,17168,17422,22116,18868,30270,19088,38798,20134,64632,10081,51078,7393,31584,6013,28837,4524,25780,1602,14102,301,3830,0,0,0,0,0,0,20251003
202509,3호선,대청,86,4,4210,1145,13624,7766,35237,22211,40747,29908,23447,14462,17992,10587,15887,9464,15557,10922,15809,12188,14728,12799,19778,16106,23226,17860,27310,24004,28798,32076,12420,26419,9102,18328,7671,15946,5229,16142,1703,7979,282,2676,0,0,0,0,0,0,20251003
202509,3호선,대치,12,1,3025,632,14661,8788,33683,22887,33139,31195,20105,20397,15547,14482,14718,13138,17718,19266,17962,23619,16504,19843,18122,25080,21645,31323,35300,39588,30898,36178,20560,26112,14898,14999,18438,14735,40887,11830,4045,6169,473,2067,0,2,0,0,0,0,20251003
202509,3호선,도곡,36,1,1199,378,5182,4815,13446,15714,16565,23589,11001,17473,8387,8442,8196,7796,8384,7442,8607,7930,8989,8172,11524,8423,14488,8959,18918,11396,19424,14094,9812,10447,6911,6949,5963,6248,4718,5186,1161,3041,206,1830,1,305,0,0,0,0,20251003
202509,3호선,독립문,189,3,5338,1008,7095,7106,17249,16588,21439,24912,17214,20467,15000,17215,15708,12595,17071,12649,14824,14121,15537,13440,18361,13840,18661,15041,18881,16540,17778,19818,8223,14872,6349,9943,5403,9134,3680,7702,1249,4548,181,1927,5,580,0,0,0,0,20251003
202509,3호선,동대입구,14,1,1555,1311,3316,11206,5490,18887,9152,70741,9127,42011,11065,44026,13550,30492,14218,27246,21520,30057,24948,21142,26321,18264,33806,19739,47054,24590,52241,26945,26450,14015,29830,7130,25410,6599,18886,4569,4836,2973,625,1134,0,70,1,1,0,0,20251003
202509,3호선,매봉,17,0,1940,732,7988,11071,20493,25716,23626,80347,17094,35811,15543,18443,15225,17074,15482,14507,16804,13972,19839,13897,22338,15320,25894,16558,42065,21440,65195,26024,21643,17006,15804,10879,16976,9342,9345,8600,2889,4403,337,1351,0,43,0,0,0,0,20251003
202509,3호선,무악재,3,0,1973,168,6104,1457,17440,3194,20617,5863,12368,3820,8465,3725,7309,4009,6723,4479,5980,4973,5568,5808,5093,7040,5715,8901,6550,12140,6755,17718,3285,13564,2211,8598,1960,7988,1446,6303,579,4139,76,1107,0,0,0,0,0,0,20251003
202509,3호선,불광,46,3,10412,1523,21291,7004,56563,12140,66011,34568,38858,30584,28095,25413,26527,25296,28371,27223,27262,30395,27067,28567,29086,32508,30582,37094,32638,43150,31848,62361,17500,47820,13930,28937,11552,25940,7693,23181,3352,13521,630,4165,0,8,0,0,0,0,20251003
202509,3호선,수서,152,3,4852,2700,14830,17421,41812,38895,47988,60649,33123,37234,36625,25273,28426,22004,33754,26094,31596,23099,23703,25534,36714,30381,38285,32908,51766,40436,54452,54718,25345,40776,22507,28825,16834,22179,14480,22555,7346,9393,873,3410,1,298,0,0,0,0,20251003
202509,3호선,신사,39,5,3157,1808,6337,17473,12068,45348,19085,111867,16965,141559,19518,70924,24857,47547,29261,45019,35495,47452,42231,42504,49227,39257,59180,42123,90679,51854,129770,64569,89686,34334,59571,17674,56864,14015,45446,11182,18566,7165,2869,3222,0,1,0,0,0,0,20251003
202509,3호선,안국,45,0,1524,2068,3187,27673,6158,99812,12036,132074,16596,92534,19362,74229,28464,71269,39753,60335,45471,56844,55684,53657,68466,44047,95462,39725,130822,36002,131228,32303,60476,15253,46148,7970,38673,6619,20388,5555,6897,2969,708,928,0,1,0,0,0,0,20251003
202509,3호선,압구정,63,1,3093,2558,8669,25511,17745,51650,26569,142318,22726,151723,26265,81102,32053,65560,39264,52776,44161,53630,54926,50322,64352,45858,74091,47678,97584,59778,134767,62530,94824,34472,74170,17681,52265,14218,36812,11419,11217,5863,1911,2093,0,218,0,0,0,0,20251003
202509,3호선,약수,118,4,6822,1127,10853,6440,27879,16082,38275,34692,27275,23409,19604,17075,18409,16368,20094,16422,20552,17286,19902,18787,22270,20673,24283,25705,29248,31693,32721,43481,20426,27384,16627,18848,15786,16677,11485,15025,5077,8488,853,3126,0,446,0,0,0,0,20251003
202509,3호선,양재(서초구청),66,3,5105,3337,15267,43301,40565,122060,51717,246641,35489,125875,32167,58711,34755,47801,40105,44323,44270,48651,51025,42854,62057,44373,79935,48148,144606,67570,202393,80688,94572,51525,68052,32591,58340,28899,36886,25211,12102,12634,1423,3466,1,48,0,0,0,0,20251003
202509,3호선,연신내,360,11,26609,2535,52800,14553,127477,33679,153809,48299,91772,41588,63233,37364,57897,39216,61793,41162,55926,45290,52799,48158,54546,60151,63011,72081,60315,90482,57973,140581,39867,109197,31150,68444,27131,61817,22566,52928,10389,33684,1962,11022,7,56,0,0,0,0,20251003
202509,3호선,오금,14,0,4770,16,10354,2801,33365,6488,32973,14001,17072,6421,10124,5238,7978,5002,8687,5830,8014,6578,7244,6761,7273,8948,9072,10999,11232,15659,12067,23307,5083,16578,3719,11055,3184,9282,2645,11314,735,5225,147,1942,0,0,0,0,0,0,20251003
202509,3호선,옥수,211,7,3267,963,9658,4520,25840,8361,34166,14120,23281,11096,15846,9018,14603,11079,14246,12010,13955,13663,14017,14748,14873,18262,16726,19863,18019,28221,18697,37477,12686,26460,10537,18055,9069,15535,6628,14670,2802,6368,467,1818,0,0,0,0,0,0,20251003
202509,3호선,을지로3가,6,0,788,1438,1690,10440,4444,38503,8971,82596,12436,34026,12915,16836,13446,14882,12951,14612,14950,15682,17201,13305,19122,14689,24191,16801,50347,21895,74140,27231,30161,15688,22333,8615,22749,6625,18885,5283,10433,3482,1690,915,0,7,0,0,0,0,20251003
202509,3호선,일원,12,2,2555,1741,9834,13450,29128,39021,27571,29317,20283,22547,19786,18593,19588,14234,19399,16142,17625,17331,19227,16592,26717,15574,32147,15179,40977,17573,20576,24351,11299,19281,7218,13171,5462,12103,3424,12137,1432,5042,154,1610,0,35,0,0,0,0,20251003
202509,3호선,잠원,12,0,1804,845,6650,9425,20955,9937,27109,13279,17084,10023,12261,6527,11554,6506,11176,8064,10934,9536,9278,9916,12067,11939,15456,12502,16085,17783,13272,21937,8727,16040,6027,10896,5240,10643,3612,10676,1303,4630,225,1516,0,1,0,0,0,0,20251003
202509,3호선,종로3가,44,8,898,1116,1471,7139,2403,18291,3963,43301,6825,44505,9709,38297,12657,30213,14904,27524,17290,26433,20505,24822,23930,22960,28903,23266,42722,23388,54607,22886,29791,13419,21267,8276,23084,6458,19136,4945,9064,3074,1226,1116,0,19,0,0,0,0,20251003
202509,3호선,지축,36,2,3418,935,12845,4696,35284,6319,34809,13700,17994,8328,12343,6818,10240,6782,11003,8020,10020,9466,9314,9416,10151,11574,11379,15670,13111,20902,11546,32938,7673,24905,6313,16316,5591,14641,3839,12373,1933,6730,347,1159,0,0,0,0,0,0,20251003
202509,3호선,충무로,0,0,0,0,1,0,0,0,2,0,3,0,9,0,10,0,6,0,12,0,12,0,7,0,8,0,20,0,25,0,21,0,8,0,5,0,8,0,7,0,1,0,0,0,0,0,0,0,20251003
202509,3호선,학여울,0,0,733,229,2343,2039,5022,3842,5115,8468,3731,7043,2874,4420,3392,3376,3315,3502,3815,4046,3907,3832,4701,3744,6462,3676,8363,4386,7650,5212,2904,3979,2001,2768,1614,2395,1556,2096,343,1087,44,366,0,0,0,0,0,0,20251003
202509,3호선,홍제,103,7,10972,1334,26350,6724,70455,11973,76003,27847,48480,21874,34392,20823,30491,20053,31678,20477,29048,22429,27317,26422,28009,31129,30118,37790,30747,47559,29257,67810,16291,53333,12831,33311,9962,29834,7100,24816,2874,14566,452,3828,0,1,0,0,0,0,20251003
202509,4호선,길음,56,2,11136,1524,36516,7932,94572,16842,96116,39646,53562,29221,35011,25038,31130,29064,32147,25212,31387,28478,29059,30857,32319,33261,37695,43407,38539,58979,37457,84310,20454,67112,16056,41531,12939,37972,12332,36489,4454,20375,719,5343,0,23,0,0,0,0,20251003
202509,4호선,남태령,15,0,635,94,1210,2018,2543,5990,4042,6079,2614,1974,2171,1266,2309,1175,2575,1381,2206,1407,2205,1411,3068,1556,4040,1805,5558,1784,4301,1814,1709,1514,1070,1558,783,1156,451,986,213,620,30,144,0,0,0,0,0,0,20251003
202509,4호선,노원,330,8,13254,979,27117,10358,58384,16898,59413,37183,37258,37043,29379,27040,30118,27801,33426,30036,32363,34381,32447,34094,34932,38963,38846,47547,39959,62501,39144,88351,28476,68033,28993,41864,27843,36340,23785,31788,10664,20411,2573,7630,11,789,0,0,0,0,20251003
202509,4호선,동대문,212,11,4275,1877,3244,16208,5407,34523,8047,67056,14517,63982,20071,56521,26833,50211,31068,41300,36296,40531,44977,38944,52918,33494,68047,27229,81869,22216,60907,21079,34374,20939,26347,14998,23928,11409,15940,8832,8491,5567,1454,1607,1,134,0,0,0,0,20251003
202509,4호선,동대문역사문화공원(DDP),265,8,5650,1688,5116,14261,9602,31730,15639,71378,19968,42725,21393,34408,23180,31189,24948,28746,28592,30589,34133,29752,41776,27706,51138,27262,70242,30188,84023,32939,50315,33027,44581,22117,39921,18963,28939,16134,15648,10760,2840,3119,5,291,0,0,0,0,20251003
202509,4호선,동작(현충원),12,0,290,3441,924,9763,2210,3812,2575,5855,2460,3425,2038,2792,2430,2049,2278,2149,2405,3090,2409,2821,3539,3151,10489,3202,8853,4190,6685,6239,4144,5421,6518,3609,5091,1764,2928,1066,1059,643,180,333,0,116,0,0,0,0,20251003
202509,4호선,명동,35,5,1735,1260,4826,32106,9720,59347,19694,140876,35175,105712,39346,75169,46684,74110,48869,82057,54631,78387,65251,73490,83472,74584,103386,77134,111096,80450,151719,77048,92946,62850,82942,47314,80780,33492,76911,19349,34458,9835,2407,3056,5,183,0,0,0,0,20251003
202509,4호선,미아(서울사이버대학),20,3,12209,1601,22882,6869,52530,20042,55026,43285,36582,22514,27571,18358,27160,22345,27538,19238,26096,21078,26143,23785,26844,27893,32883,31324,33359,37863,31448,49590,18154,40771,12426,25772,11389,23515,8807,20614,3075,13416,463,3818,2,14,0,0,0,0,20251003
202509,4호선,미아사거리,84,4,15675,2580,38787,9142,93384,23322,100360,36761,60512,33416,42470,29618,40495,30453,41761,32505,41052,36006,40001,38282,43861,48258,49031,57114,42817,70599,43725,100914,30543,75716,28337,47802,17947,42187,12758,36589,5891,20619,1053,4951,0,13,0,0,0,0,20251003
202509,4호선,불암산,91,1,8973,43,19530,4827,49540,7967,39078,11030,24298,10205,17816,10226,16242,10022,15905,10421,14865,11178,13509,12270,12942,14555,14178,17578,13709,20693,12934,28395,7941,25682,5186,17431,4384,15589,2949,14936,1503,9850,292,3421,0,366,0,0,0,0,20251003
202509,4호선,사당,157,32,11345,1335,29745,18958,73590,27915,85094,39659,67948,29685,45553,25239,36524,33065,38550,32988,39767,28558,37752,28629,37828,33842,41198,47902,49716,70262,52545,101848,36952,65197,33815,39439,35608,36720,30684,32286,15275,21212,2103,6084,3,612,0,0,0,0,20251003
202509,4호선,삼각지(전쟁기념관),6,2,610,416,2285,5289,7757,12205,11638,24093,7156,13227,5695,10653,6001,12174,7242,13200,8856,13304,9306,11516,10631,12306,12082,15413,17419,21406,26532,29603,14027,17841,14089,8856,17180,7250,15855,5988,8379,3672,1177,1448,1,34,0,1,0,0,20251003
202509,4호선,상계,124,3,16155,281,43461,8120,92746,20571,76235,22602,46942,18349,32866,16141,30008,17459,32113,21657,29479,22890,25040,24247,26185,29959,28379,39054,28954,49121,25539,70753,16955,62618,13125,39506,12000,33870,11716,30262,3551,19492,631,5788,4,626,0,0,0,0,20251003
202509,4호선,서울역,299,6,4980,1241,7038,17705,14438,46627,17986,102145,15656,62721,14973,35985,16858,34180,17212,37039,16949,36683,17114,34278,19208,38160,25087,42178,53550,45549,70873,46960,27043,34519,18253,25167,15491,24809,11251,20185,5163,9902,573,2693,0,260,1,1,0,0,20251003
202509,4호선,성신여대입구(돈암),46,9,6376,1685,20847,7706,51722,19575,60651,50424,41659,31227,32838,26267,34165,38598,39222,29928,38768,32747,39385,37214,41592,36866,47394,45117,56566,57633,55338,73829,35516,57519,31866,39557,33550,36772,29555,34280,14381,22891,2503,6716,0,10,0,0,0,0,20251003
202509,4호선,수유(강북구청),119,4,23271,2826,48787,11776,119703,23197,129815,58083,82807,40785,58492,31718,54505,34540,56604,36734,54116,42298,50281,45536,51169,56459,54730,71958,58667,90570,65802,130447,38451,110679,30643,72883,26361,65426,20367,61237,10828,40466,1898,11215,1,51,0,0,0,0,20251003
202509,4호선,숙대입구(갈월),15,2,3224,793,8502,10808,20234,26006,30349,58711,22960,37681,17643,29031,18815,25709,21944,21683,24568,24710,25084,22101,31309,22457,42578,26672,46046,35147,56781,44458,29988,28970,26104,18975,27827,17255,22552,15711,10506,9423,1336,2218,1,29,0,0,0,0,20251003
202509,4호선,신용산,7,0,1544,1353,4287,15519,13589,44762,19721,104881,17804,76035,16054,38330,21654,35371,24078,36850,28509,37923,28316,35539,37631,38008,48809,43357,75925,51782,106749,60383,53410,33871,46272,18972,48668,13926,36264,10151,15557,4989,1896,1325,6,59,0,0,0,0,20251003
202509,4호선,쌍문,178,13,26620,1196,57623,9325,132253,17103,133275,30189,80516,23307,55168,21640,47409,23808,47999,27332,43043,31066,37285,33591,36111,46387,39321,58333,38962,73692,34985,108638,23395,99502,17018,62642,13032,55787,9836,51271,4300,32517,823,10414,1,113,0,0,0,0,20251003
202509,4호선,이촌(국립중앙박물관),22,2,1228,939,5692,8779,14584,14752,18133,28470,12798,24316,10127,23484,12192,22440,18683,23050,18974,28644,21747,26796,28005,24953,37278,22438,38189,22871,32860,28747,12816,18296,10922,10968,10726,9203,5539,7731,1944,3965,218,1199,0,61,0,0,0,0,20251003
202509,4호선,창동,2296,57,18270,2601,42794,17226,95537,24872,85591,51537,54775,38902,44626,33145,44616,34713,45499,41420,42595,48482,41002,49375,46465,53499,53506,60734,54736,73254,53100,100827,31518,79949,25979,50364,21687,42848,16422,38951,7444,22707,1288,8078,1,241,0,0,0,0,20251003
202509,4호선,총신대입구(이수),86,4,6643,1112,19377,13234,51903,22005,63331,42929,40682,31572,30016,26880,29109,26551,31910,28595,33173,31609,30147,34048,32301,40060,36220,47011,41701,59134,45546,82461,27940,51501,24772,30757,19960,27060,16962,22867,7413,13236,1263,3476,9,654,0,0,0,0,20251003
202509,4호선,충무로,94,9,3528,3124,6480,24923,13908,67678,23934,203262,31544,112546,34649,67604,36175,53471,35064,49238,43432,49628,49385,42620,55850,38554,72305,42834,119300,50943,174170,56944,78118,34192,60780,24499,56915,24479,46711,23249,25317,15571,5076,4420,13,298,0,0,0,0,20251003
202509,4호선,한성대입구(삼선교),70,1,7018,1605,13549,9675,32917,19934,40114,39143,28707,30986,21462,24225,20406,23830,24499,22753,27438,24304,25098,24549,30121,24191,37329,26923,42096,33815,37409,40115,24637,30918,20275,20926,18202,18986,13135,18213,5521,12070,927,5172,0,1462,0,0,0,0,20251003
202509,4호선,혜화,24,1,3232,2182,8582,26065,18683,57704,24798,124329,28455,95807,35081,70999,40081,64666,44372,72662,46534,89324,62149,76396,87278,61988,101249,58811,119162,72900,126609,84501,75174,59409,76350,22990,103880,21302,86542,18221,30052,11853,4162,3510,0,426,0,0,0,0,20251003
202509,4호선,회현(남대문시장),18,3,1573,777,3679,25617,5869,60560,10369,159590,15728,106498,22022,87822,33712,79296,41931,63467,53036,55722,65234,52787,76501,43534,93484,34208,117448,28268,135793,23751,64329,14236,57031,8181,23481,7541,13173,6529,4574,3970,652,1169,0,97,0,0,0,0,20251003
202509,5호선,강동,112,3,12758,1516,22444,11896,61396,29975,75891,54791,39744,30367,28660,21236,25535,19720,28237,21678,26746,25691,26922,24396,28663,27002,33191,31305,44824,38342,46350,61273,23002,43609,16078,30218,12492,27957,8917,24916,3723,15104,881,6326,0,0,0,0,0,0,20251003
202509,5호선,강일,5,2,3254,727,10555,3369,32046,6507,27229,9369,16306,4763,12053,3913,8912,4050,8974,6239,8363,5895,6994,6967,7903,9160,8967,10257,9325,15617,9366,20455,4153,20297,3123,12275,2082,10842,1659,9815,681,5950,173,1948,0,0,0,0,0,0,20251003
202509,5호선,개롱,5,0,3854,796,10752,2902,25448,8336,24632,16671,14208,9158,11295,6820,10106,7208,10405,7469,9934,9178,8934,9871,10476,10843,14802,14506,13261,17913,13458,23363,6798,21169,4738,12022,4348,10299,2405,10897,901,5717,89,1949,0,0,0,0,0,0,20251003
202509,5호선,개화산,3,1,5029,127,10253,3691,25379,7139,25109,15265,13519,7363,9396,5939,9353,6188,10144,7496,8894,7603,8221,7644,8030,9218,9827,10904,13746,13624,12216,20462,5620,17206,3919,10480,3097,10166,2366,9151,879,5055,98,1740,0,69,0,0,0,0,20251003
202509,5호선,거여,15,0,7419,765,18893,3425,49725,9756,45749,19953,24741,10050,17112,7642,15108,8802,15473,8782,14201,12768,12616,11943,13031,16277,15467,21125,16780,26231,16149,42377,7721,34250,5646,18903,5137,16740,3438,17321,1228,8982,170,2877,0,0,0,0,0,0,20251003
202509,5호선,고덕,2,0,4443,1605,12045,6943,30521,20913,27136,24034,18321,17690,16776,15402,18141,11939,18366,13564,15578,18721,16926,15242,20693,18137,24902,19758,26118,20489,19988,31345,12121,24836,9886,13135,9592,12534,9706,11585,2124,6007,362,2534,0,146,0,0,0,0,20251003
202509,5호선,공덕,14,2,1979,1004,6162,8810,22939,38041,33826,81697,17643,42849,14268,18814,16337,17577,18583,16404,21204,17731,18757,15156,22052,17130,27828,20350,47523,31648,69509,47958,27331,23136,21144,14339,22335,13572,16173,12073,6769,6007,914,1767,0,0,0,0,0,0,20251003
202509,5호선,광나루(장신대),5,0,4582,1906,13747,7281,32036,16359,36528,36830,21631,21128,17074,17077,16252,14984,17919,15698,18172,15981,18285,15542,22119,16919,26140,20396,25938,27011,30285,34913,15643,24824,11703,15611,12449,14431,10113,13955,2562,8163,441,2191,0,0,0,0,0,0,20251003
202509,5호선,광화문(세종문화회관),5,0,1328,1056,3536,37401,9597,99986,13332,299096,12893,134428,16797,63901,24236,59806,30119,50397,40017,54443,46281,42575,59173,34913,79767,35658,138669,45583,227771,51481,83711,22771,70991,9945,72462,7819,45957,5523,13753,2751,1528,733,6,1,0,0,0,0,20251003
202509,5호선,군자(능동),55,3,7768,874,12144,5843,36742,10440,49818,28157,24626,20122,14839,14532,14443,13887,16292,15114,16981,16934,15087,16977,15981,19638,18815,25384,24854,35936,29075,58390,17747,36113,15189,22957,14309,20329,11646,20103,6425,11631,1302,5675,2,957,0,0,0,0,20251003
202509,5호선,굽은다리(강동구민회관앞),6,0,8037,723,14725,3141,38513,7294,41357,15961,22007,11903,17389,10413,15450,11539,17274,12314,16293,14040,14316,14591,14327,15765,15491,21201,16171,23529,16192,39270,9357,27073,7680,17675,7178,13694,5027,14447,1585,7045,404,2927,0,0,0,0,0,0,20251003
202509,5호선,길동,4,0,5419,793,10531,4017,27926,8156,32170,20487,18665,15493,15335,11491,15084,12039,16012,12781,16218,13141,13873,14813,14453,15975,15663,19136,17011,22165,18391,31420,10138,23372,7240,14647,6505,11228,4702,11246,1958,5749,455,2816,0,0,0,0,0,0,20251003
202509,5호선,김포공항,10,1,1050,3159,5440,10140,21118,19959,26406,25959,14565,14266,15130,14189,17868,15864,19574,16650,23788,17137,25535,15902,29598,15180,28416,15455,30251,16638,37663,15449,23953,8946,18929,4661,16512,2978,17536,2221,7802,1211,390,494,2,4,0,0,0,0,20251003
202509,5호선,까치산,334,3,25509,1316,47407,8034,128760,11629,155406,22971,80451,19560,47987,17898,42059,21516,42409,24969,37857,27886,32328,33128,30520,45103,32515,57115,31998,75093,31344,125833,20841,95987,15007,61935,12841,59264,9513,49266,4831,29653,815,8803,1,395,0,0,0,0,20251003
202509,5호선,답십리,44,1,9445,1338,22490,8735,62333,15331,82302,35066,39122,19166,23520,13752,20114,14310,21497,15586,21105,17881,19151,16996,20637,21758,24896,25736,30627,37374,33434,62405,16810,39154,11669,25965,9280,23359,6574,21664,3078,12182,495,4180,0,1,0,0,0,0,20251003
202509,5호선,동대문역사문화공원(DDP),0,0,220,283,765,3524,1738,11000,3219,31597,3575,11825,3860,4769,3338,3841,3156,3869,3162,4100,4044,3527,4562,3636,6300,4087,14249,4640,22892,4816,8465,3158,4738,2593,4150,2737,2653,2430,1125,1715,210,454,0,3,0,0,0,0,20251003
202509,5호선,둔촌동,10,1,6903,586,18575,6713,50822,13214,50854,26820,29449,17356,21058,13993,19171,13603,20275,16388,19741,19609,19536,18990,20413,23401,21719,26918,24940,36523,26619,52415,15098,37853,11983,19154,9849,20188,7451,16215,2984,8811,349,2770,0,0,0,0,0,0,20251003
202509,5호선,마곡,5,0,3150,3248,9503,12296,27597,32610,27688,82071,15431,43483,13224,22426,14845,19313,16761,19893,18566,21024,21043,19080,26253,19427,34155,21989,54820,27733,65057,37128,31923,25619,24364,13328,21382,11836,13802,10740,4855,5384,640,2085,0,0,0,0,0,0,20251003
202509,5호선,마장,1,0,2496,580,7239,4342,17885,7873,21006,17161,12542,12631,9456,8672,8900,7796,10998,8682,9731,8695,9388,7395,10795,8310,13185,9601,13137,13473,12662,18969,7419,12049,6121,8204,5439,7708,4003,7587,1407,4087,201,1332,0,9,0,0,0,0,20251003
202509,5호선,마천,124,0,7589,336,15582,3138,45629,4491,34609,11398,18159,6640,11475,6312,9741,5473,10801,6929,9118,7998,8081,7375,7861,12339,9092,13684,8259,17348,10207,26030,4281,22668,3632,11893,2389,12118,1531,11420,698,6529,97,2403,0,0,0,0,0,0,20251003
202509,5호선,마포,8,1,2639,1326,9189,9489,30801,22880,40168,75851,21775,38681,18012,18755,17738,18644,18964,17088,19722,17556,19697,16404,21490,18373,25220,24256,41835,35742,63181,52707,23463,32057,25237,18197,25869,15527,16806,13385,6195,7291,755,2067,0,0,0,0,0,0,20251003
202509,5호선,명일,14,0,5795,1483,14175,3473,35395,7860,32695,15119,18367,9786,15138,9817,13094,9284,14276,8673,12539,11492,11883,11241,12038,14667,14589,18523,12529,19594,12804,34565,7879,25959,6694,14394,6473,11798,3756,11813,1594,6625,363,2265,0,1,0,0,0,0,20251003
202509,5호선,목동,26,1,9245,1474,22868,6188,63050,18532,75592,30270,37892,21550,26065,16068,24433,15152,24549,18599,22416,22671,20661,22945,22635,27574,24918,35971,28625,52627,30325,85826,16690,56081,13811,32016,14380,30671,16283,26598,4377,14630,672,4691,0,0,0,0,0,0,20251003
202509,5호선,미사,7,0,8631,946,25080,8403,76573,15987,70443,29082,35707,24911,25851,19224,23463,18600,25765,21421,25256,20559,23335,24976,26809,25319,28370,35351,31980,48508,32514,70604,19698,65632,17590,36101,17343,28792,15116,25353,7033,16351,1963,5538,0,0,0,0,0,0,20251003
202509,5호선,발산,1,0,3972,2546,12169,16900,33810,49958,34740,132220,22822,67198,23271,36987,26546,32914,30827,31955,33388,34437,36758,30881,45028,31030,52562,33851,84048,41079,99157,57823,43625,39174,37559,22545,33733,18466,26629,16457,10905,9578,1652,3266,0,0,0,0,0,0,20251003
202509,5호선,방이,2,0,2720,938,7909,4180,21382,9582,20356,25509,12940,13137,11036,9559,9697,9044,10775,11194,11611,10407,10390,12360,11290,13303,13398,17066,17255,21632,20554,24471,10330,18293,9298,10511,11987,8946,12404,7516,2476,4670,265,1331,0,0,0,0,0,0,20251003
202509,5호선,방화,18,0,5666,13,12844,3933,29716,6444,27245,15238,16050,9236,12487,6739,12082,6968,11888,7884,11405,8830,10019,9509,11283,11644,12571,13327,12325,16722,11414,23771,5871,20916,3713,12870,2825,11480,2094,10926,873,6236,176,2327,1,270,0,0,0,0,20251003
202509,5호선,상일동,85,1,11047,1396,34382,6240,81117,12951,62389,20557,35926,11651,25203,10027,20748,9652,21423,15720,18241,17522,16430,16911,19597,23378,19463,24806,21491,39598,22585,60595,11445,50422,8099,28089,5596,26353,4089,22525,1746,13466,508,5907,2,1267,0,0,0,0,20251003
202509,5호선,서대문,35,1,3133,929,7238,18566,22496,68736,25771,172593,19174,52207,18370,24799,21508,22958,22411,21753,21805,25740,26486,19727,34534,17546,46684,17870,75367,22232,125356,29292,32040,16128,25932,11042,23125,11541,16349,9299,5550,5283,592,1438,0,27,0,0,0,0,20251003
202509,5호선,송정,12,1,3842,1116,7803,4701,18670,7483,23262,11501,15076,7309,11579,6428,9819,7293,10537,8175,9560,8254,9525,8778,9733,9662,11547,12028,12515,14014,12726,19585,7921,15611,5622,10708,4723,10129,3550,9567,1992,5360,270,1978,0,0,0,0,0,0,20251003
202509,5호선,신금호,39,0,3127,563,7445,3239,22447,9312,29533,15007,16371,8313,10298,6538,8914,6619,9247,7846,9124,8746,9320,9353,9435,11345,11957,13844,10625,17757,11177,27825,7813,17815,5360,11277,4184,10219,2959,9188,1181,5401,264,1822,0,0,0,0,0,0,20251003
202509,5호선,신길,49,0,2131,394,4951,1925,18944,5535,27837,15079,12151,7082,8055,3545,6014,3949,6526,4127,5852,4615,5015,4893,5364,6164,6486,8094,9372,12913,14643,23828,5708,14237,4510,11443,6384,11578,4075,10480,1733,6256,205,1742,0,0,0,0,0,0,20251003
202509,5호선,신정(은행정),146,3,12564,884,25758,3681,66095,8798,81378,14021,39222,9190,22137,7752,18703,8742,18698,11088,16920,12355,13886,13803,14933,18241,15541,23369,16767,32808,16196,50568,9050,37367,6755,25279,5343,23171,4100,21908,1478,12361,275,3799,0,0,0,0,0,0,20251003
202509,5호선,아차산(어린이대공원후문),33,0,9386,1545,18905,6357,45168,15140,59994,34545,33430,18770,23600,18114,21382,19087,23893,19180,24539,20003,23926,20745,25739,26292,28122,31160,29392,38555,29327,57327,17818,38162,13013,25083,11892,20574,10376,18418,3381,10544,567,3114,0,0,0,0,0,0,20251003
202509,5호선,애오개,35,13,2443,907,6882,6560,23070,8221,29539,17180,13921,11831,9364,7271,9566,7168,10475,7033,10092,8330,9110,8649,11030,9373,13186,10920,14334,16058,15053,24351,7816,15173,5708,9691,4680,8602,3172,8054,1157,4480,142,2136,0,327,0,0,0,0,20251003
202509,5호선,양평,1,0,2877,914,7642,5138,27371,12619,32526,48078,15091,18375,9809,7363,8603,6635,9042,6522,9308,7450,8745,7502,9511,8319,11979,10350,23492,15201,38940,26729,11774,17803,7241,11706,5534,10901,3966,9809,1854,5742,262,1706,0,0,0,0,0,0,20251003
202509,5호선,여의나루,80,2,1324,1912,3435,14334,7535,50668,11089,83259,7191,35370,6891,23592,8711,21188,10566,22710,11643,26407,15716,28269,21280,32296,27941,36965,59385,44978,70965,43562,35907,23339,39442,14978,40833,10218,37625,7063,14459,3264,1103,1027,0,0,0,0,0,0,20251003
202509,5호선,여의도,13,0,2764,3401,5102,32002,12070,166319,15384,230282,14694,87979,17865,36354,24629,35782,24307,34034,29774,36251,33658,30300,42366,30361,58774,31414,157695,37521,180680,53902,70785,29215,64845,12863,57522,9612,31291,8384,9423,4510,1119,2306,0,0,0,0,0,0,20251003
202509,5호선,영등포구청,2,0,1250,751,3348,2523,10391,8417,16139,28958,6096,12222,5028,5679,5440,5029,5743,5355,6271,5424,6040,5230,7033,5530,8529,6457,13679,9392,26851,16933,8376,8417,6020,5539,5451,5314,4026,4927,1885,2732,287,659,0,1,0,0,0,0,20251003
202509,5호선,영등포시장,18,1,2912,1112,7809,6064,28947,16486,39288,49042,17812,28673,12710,17590,13254,18072,15854,20671,16943,22239,17622,18853,21343,16480,26294,17463,37179,22326,47692,37979,19410,22335,14437,14567,12363,13833,8583,12553,3781,7532,428,1915,0,0,0,0,0,0,20251003
202509,5호선,오금,26,1,1209,599,3626,2977,8391,11201,8881,23094,6481,7774,5123,3824,5605,3576,5534,4115,5537,3982,5414,4577,7036,4608,8627,5803,11359,7224,15872,8616,5013,6665,3435,4319,2890,3785,2233,4074,637,2570,110,924,1,2,0,0,0,0,20251003
202509,5호선,오목교(목동운동장앞),4,1,5494,1782,17653,9401,55170,29930,61357,64845,33726,49709,25812,32013,26983,30301,29378,30531,29678,35360,30153,33140,34466,37091,40087,45960,51623,60133,63218,81051,34805,50123,35782,29023,29350,24999,27181,21726,7529,11397,1016,3349,0,0,0,0,0,0,20251003
202509,5호선,올림픽공원(한국체대),8,0,1728,952,6467,3875,13613,7235,14210,13289,9940,7637,8306,7303,8077,6467,9044,7625,8473,8430,7494,9445,10282,9475,11722,9535,12362,11074,12065,12521,7948,8933,9398,5736,8304,5418,3260,4323,987,3238,112,880,0,0,0,0,0,0,20251003
202509,5호선,왕십리(성동구청),62,0,1774,641,2409,3507,6913,7183,9382,18917,5308,10902,4829,7413,5508,7588,6285,7845,6818,8592,7030,8370,8288,8663,10878,9602,11880,12257,15091,17529,9381,9579,8024,5776,8202,5122,6494,4390,3029,2626,592,2043,0,310,0,0,0,0,20251003
202509,5호선,우장산,1,0,7625,982,25595,4816,59955,16515,63077,24930,34069,17279,26490,15159,26081,14261,26202,17660,23869,20769,20428,23054,24573,26876,28081,31689,26640,39657,21581,60788,13590,45130,9600,27483,8876,24322,7005,25345,2089,13146,304,3795,0,0,0,0,0,0,20251003
202509,5호선,을지로4가,4,0,631,694,1153,7185,3012,20181,4473,46155,4421,21150,5677,13389,7061,12723,8304,10671,9388,10071,10319,8846,12375,8181,15856,8007,30354,7684,40796,8537,15882,4992,10701,3634,9443,3025,6550,2419,3201,1598,515,534,0,1,0,1,0,0,20251003
202509,5호선,장한평,24,3,8270,1222,21597,11840,64658,26766,85267,73633,43590,31452,26689,22257,23011,18922,24913,19978,23972,21198,23642,21016,25310,24491,31442,31183,45323,45188,65882,72515,28826,50297,16985,30560,13443,28958,9948,25525,4075,15487,686,4702,0,69,0,0,0,0,20251003
202509,5호선,종로3가,35,4,1462,534,2485,8281,3659,17107,6101,48523,8938,38389,11300,33038,14593,34407,20131,32978,21776,31838,26280,29421,31666,28800,38542,30677,49205,36686,62318,43325,37083,25107,35774,15708,39632,12134,34532,9812,20235,5588,2960,1896,0,14,0,0,0,0,20251003
202509,5호선,천호(풍납토성),111,2,7708,1729,13348,13857,38171,21038,46088,42394,27353,37479,25203,30598,28158,31653,32411,32420,33449,36685,35919,33665,41394,36346,46591,39183,53016,47328,55290,64468,38370,42719,33761,25748,24338,22927,18006,19878,8784,11994,1715,4006,0,0,0,0,0,0,20251003
202509,5호선,청구,6,1,1567,148,2323,1948,6546,3847,9344,14151,5763,8032,5000,4242,4925,3366,4370,4141,4834,4535,4479,4592,4995,5033,7280,5521,9122,7188,13729,9910,7268,6406,4650,4329,3565,4114,2979,3840,1647,2329,269,684,0,0,0,0,0,0,20251003
202509,5호선,충정로(경기대입구),7,0,956,254,2718,3060,7063,17854,9893,40096,5450,14376,4312,5041,5293,4999,5574,4343,5549,5149,5779,5148,6368,4559,8178,5059,20745,6816,33539,10179,8723,6150,6297,4249,5442,4268,2858,4202,1205,2595,235,635,1,76,0,0,0,0,20251003
202509,5호선,하남검단산,21,0,4799,17,11300,3390,26911,5182,21691,11965,13350,9284,10812,8744,9207,8427,9767,10632,10193,9640,9858,9402,11032,12668,12402,11575,12158,15109,11336,18776,7293,17217,6386,10603,4998,9692,4316,8485,1240,5495,115,2315,0,0,0,0,0,0,20251003
202509,5호선,하남시청(덕풍?신장),43,1,6414,167,15416,3675,33950,7202,30303,17079,19965,9110,15065,10132,14242,9154,15117,9066,13346,12926,12375,11298,13078,16628,15644,18393,14997,18404,15028,26881,8270,24710,6367,14224,5353,13534,3369,12337,1315,7116,365,3484,0,0,0,0,0,0,20251003
202509,5호선,하남풍산,12,0,2089,463,6233,2956,11655,8669,13159,17680,8452,10372,7753,6879,7120,6094,7446,5541,7493,6783,7156,6313,8874,6502,10499,8220,12797,8209,14422,11804,5375,10845,3944,6103,3788,5533,2281,5399,681,3308,153,1189,0,0,1,0,0,0,20251003
202509,5호선,행당,24,0,4000,654,12246,2774,35349,5399,44238,10864,21981,7482,14609,5662,12747,6642,11982,7871,11446,8966,9659,10453,10865,13036,10479,16370,10672,20695,10890,33008,6887,20830,4990,14066,4161,13157,3430,11088,1057,6265,213,1899,0,0,0,0,0,0,20251003
202509,5호선,화곡,571,8,24652,1616,45693,9813,123300,16434,153349,37660,75865,27375,47568,20167,41667,21341,42752,23921,39032,27672,33708,32046,32977,39992,36542,54003,40142,70389,43570,128681,25523,89379,17416,56422,14397,53451,10874,45882,4479,28280,704,8333,0,0,0,0,0,0,20251003
202509,6호선,고려대(종암),53,0,3709,963,8355,4750,23236,14023,29575,31448,16663,15709,11788,16848,12030,11578,13293,10548,15285,14097,15240,12503,15755,11323,24758,14778,27718,18033,24501,29683,13222,20776,10655,13193,13373,13201,8376,12901,3477,8779,605,2817,0,41,0,0,0,0,20251003
202509,6호선,공덕,98,2,5171,2368,9625,12521,24519,46013,35697,101698,25833,52659,21092,24307,23127,21815,25037,21801,25362,22895,25682,21618,31268,23016,37858,28402,64683,35139,87729,46600,39435,28566,30371,18455,30391,17500,21020,15062,9334,10050,1243,4338,1,195,0,0,0,0,20251003
202509,6호선,광흥창(서강),11,0,3328,1677,8828,6970,23757,17244,30425,37091,19232,20956,14436,12574,15979,11023,15522,12309,14579,12043,13935,12285,15887,13308,18822,15168,25077,19689,32830,28045,14586,20181,11349,12274,10924,11045,6545,10826,2666,6245,403,2053,0,0,0,0,0,0,20251003
202509,6호선,구산,38,0,6433,310,14138,2501,33993,7314,41169,8776,22397,6195,14683,5773,13507,7287,14003,8002,11923,8687,10820,9597,12204,12304,13186,15664,11614,17875,9944,25481,6670,21326,4955,11519,4156,10529,3813,8810,1177,5388,287,1487,0,1,0,0,0,0,20251003
202509,6호선,녹사평(용산구청),63,1,1513,530,2310,4510,5240,9253,7990,19605,6793,9633,4831,7869,5558,7840,6143,9118,6550,9817,7612,9680,9501,10587,13125,11171,16547,13775,20859,16250,12952,10979,11893,6834,12864,5574,11055,5270,5630,2920,749,910,0,0,0,0,0,0,20251003
202509,6호선,대흥(서강대앞),6,0,2594,1488,6171,6847,17139,21075,24113,38367,15834,23783,11544,23981,11819,15826,14087,15632,19184,20340,16288,14301,17923,15620,25421,18185,30927,22709,32768,30922,16063,18721,14033,11291,15858,9850,13880,9085,4569,6161,800,1953,0,1,0,0,0,0,20251003
202509,6호선,독바위,8,0,2474,245,4822,940,14359,2445,13593,3294,7697,2709,5212,2810,4173,2519,4178,3370,3651,3426,3401,3860,3377,4750,3954,6166,3516,7836,3043,12163,1922,10631,1171,6534,810,5293,587,4954,328,3147,52,1187,0,0,0,0,0,0,20251003
202509,6호선,돌곶이,24,3,8609,1065,21551,3609,58947,7260,58832,19414,28387,13354,18620,10218,16122,10425,17290,12832,16152,13982,14530,13470,15279,17911,16910,22399,17470,29177,17914,47380,11559,37517,7868,21379,6974,18319,5102,18616,2401,11054,491,3722,0,0,0,0,0,0,20251003
202509,6호선,동묘앞,177,6,5115,1076,5250,4088,11437,8548,17807,23362,15170,19229,13835,15969,15892,16606,16963,16032,17061,18452,19014,17930,21404,16861,23439,17888,25160,19496,23554,22061,14070,15928,10757,11414,8351,11261,6413,11934,3108,8289,531,2692,2,115,0,0,0,0,20251003
202509,6호선,디지털미디어시티,240,26,7205,2523,19224,12551,55845,32793,57565,70802,32035,32019,19227,12976,16595,12477,17029,14015,15734,15539,14332,16070,16361,18844,22276,25870,38399,35032,50025,54155,22052,37580,11492,23622,12808,22232,10999,20820,3225,11193,783,4706,0,14,0,0,0,0,20251003
202509,6호선,마포구청,24,4,6634,1865,16210,7957,46199,16599,60444,38888,37076,19940,24114,14908,22527,13881,22908,17258,21663,19689,19740,17430,21437,22604,24920,24721,28971,31690,38229,47743,19406,34441,14163,23087,15394,21332,12500,20200,4504,12136,657,3418,0,0,0,0,0,0,20251003
202509,6호선,망원,26,3,6285,850,11178,5988,29559,11495,39792,35265,27234,33877,19543,27438,20896,29964,26838,31720,27225,35936,27193,32061,29108,37300,32528,39644,37974,44982,43971,53814,30973,37305,26457,20489,23552,18041,19268,15529,8942,10327,1293,2523,0,0,0,0,0,0,20251003
202509,6호선,버티고개,0,0,950,248,2000,1578,5853,2887,7933,6243,5465,3789,3741,2808,3235,2378,3100,2867,3008,3317,3121,3496,3714,3939,4448,4149,5425,5079,7387,7180,3743,5328,2326,3560,1632,3360,1498,3031,709,2022,139,464,0,42,0,0,0,0,20251003
202509,6호선,보문,32,0,4840,815,8768,5043,25612,11112,36515,22157,20249,12328,12091,8716,10954,8513,12180,8836,11979,9459,10709,8682,12294,11016,14896,13010,17564,18832,19409,27125,9710,20814,8115,13541,7580,13036,6259,13475,3242,8714,720,2696,0,0,1,1,0,0,20251003
202509,6호선,봉화산(서울의료원),12,0,6565,966,18556,2875,48050,6265,41399,12603,20270,7777,14321,6826,12976,6582,13146,8346,11631,10295,10152,10497,10243,13554,12079,16372,12654,23063,11254,31974,5552,28735,3998,16978,3407,14387,2690,14440,1016,8025,158,2894,0,193,0,0,0,0,20251003
202509,6호선,불광,27,0,1660,379,4463,2924,12923,4056,14831,8534,7999,7623,7204,5938,7717,6583,8952,6766,9200,7709,9404,7246,10849,8364,11698,9015,11475,11837,10845,15724,6551,11426,5356,6949,4130,6101,2023,5762,921,3395,127,1158,0,0,0,0,0,0,20251003
202509,6호선,삼각지(전쟁기념관),9,1,1905,825,3387,6254,9801,16411,15034,30050,11088,14095,7914,11214,9272,11006,11028,11918,13310,12434,15393,11500,17386,11766,21916,13121,28160,15827,32689,19496,16080,11360,12907,7540,13367,7434,10728,7633,5775,5041,979,1455,1,10,0,0,0,0,20251003
202509,6호선,상수,53,2,5197,1553,7306,4970,11306,6699,14998,26030,11015,39410,8818,23622,9916,19103,13637,21569,15566,24021,16033,20218,19174,19377,25637,22366,30001,27716,32927,38108,23680,24523,22667,16220,24671,13643,23831,13461,15596,10261,3060,3466,0,1,0,0,0,0,20251003
202509,6호선,상월곡(한국과학기술연구원),56,2,5705,436,9977,2061,27289,4161,30126,16778,16652,10788,10988,12750,10745,9257,10400,7209,10969,8777,11499,8248,10266,9749,12184,11430,11913,15049,11526,21306,6899,18006,3861,10826,4525,10535,2602,9760,1265,6439,178,2279,0,1,0,0,0,0,20251003
202509,6호선,새절(신사),82,2,11916,883,22961,5585,58758,9135,65219,16499,33327,13879,21350,10348,18330,11501,19285,13017,16969,15844,15195,15423,17259,20256,21983,24030,18340,32515,15705,50504,9790,40113,6352,24083,5664,21981,4466,19413,1814,11987,274,4121,0,6,0,0,0,0,20251003
202509,6호선,석계,1474,12,9155,2193,21392,7283,52850,9539,57056,17459,31581,12477,22187,11880,19197,14511,19738,14785,18771,16012,17130,16550,17653,21340,18684,27444,20658,34522,17824,56077,11848,42815,8845,25676,7881,22921,6836,21111,3721,12906,773,4476,0,8,0,0,0,0,20251003
202509,6호선,신내,0,0,0,0,0,0,0,0,1,0,0,0,1,0,0,0,2,0,0,0,0,0,0,0,2,0,1,0,5,0,0,0,1,0,1,0,0,0,2,0,0,0,0,0,0,0,0,0,20251003
202509,6호선,신당,121,0,5516,1329,4933,8601,7992,16082,12620,37749,9791,22314,8652,14072,10565,11398,11265,11237,11784,12728,12704,10170,15560,10117,19847,13142,23257,15610,27747,21380,17036,20459,16395,11452,14677,8625,17219,9478,6996,7540,1558,2530,2,19,0,0,0,0,20251003
202509,6호선,안암(고대병원앞),21,0,2076,1615,3591,7336,10626,22063,15219,62341,14072,41047,15296,49752,19173,30166,20781,22632,22648,29947,28798,23867,30822,18296,50906,19951,60955,22357,44968,31195,26146,20224,24015,13776,30160,14261,23752,15071,14016,10270,2539,3853,0,122,0,0,0,0,20251003
202509,6호선,약수,8,0,1281,307,2054,2776,5145,7025,8307,17045,6389,9299,4910,5756,5071,5271,5808,5103,5821,5743,6134,5234,6771,6341,8170,6357,10227,7826,14182,10080,7483,6048,5753,3783,5450,3315,4458,2975,2286,1689,442,531,0,1,0,0,0,0,20251003
202509,6호선,역촌,0,0,2483,441,6633,3395,17262,3697,18558,8577,9972,4580,6636,3809,6462,5006,6806,5848,6675,5503,5800,5851,5591,6847,5680,9025,5986,12552,5693,19194,3191,14881,2206,8358,1762,8364,1314,7527,570,5063,83,1562,0,0,0,0,0,0,20251003
202509,6호선,연신내,0,0,0,0,2,0,2,0,1,0,3,0,7,0,5,0,7,0,5,0,5,0,6,0,4,0,9,0,9,0,4,0,3,0,0,0,2,0,0,0,1,0,0,0,0,0,0,0,20251003
202509,6호선,월곡(동덕여대),28,1,7480,1039,15511,4165,44554,9037,50540,29940,26255,19335,18348,17778,16940,15246,17954,13553,19061,15590,19523,15381,19505,18578,24541,24195,24437,29174,28380,45293,13989,33569,10040,19633,9194,18613,5667,16821,2657,10791,494,3578,0,0,0,0,0,0,20251003
202509,6호선,월드컵경기장(성산),31,0,965,1482,3194,4312,8521,7259,10118,10702,6276,10275,6995,11122,8216,11508,9340,12919,9796,14302,11094,14822,13320,16631,16116,19226,15255,32497,12783,41786,9083,13639,10424,5918,40838,4783,18569,3367,1648,1582,203,493,0,0,0,0,0,0,20251003
202509,6호선,응암,33,1,12660,1516,29984,5935,78579,10691,93208,19544,49291,20648,30750,18323,28045,16033,28756,19085,26479,20307,22731,22250,22907,29982,27841,36796,26360,51351,23540,79439,14275,60918,10342,39332,8681,33387,6603,29149,2553,18915,390,5646,0,0,0,0,0,0,20251003
202509,6호선,이태원,187,0,13788,3114,11639,19341,9852,13629,11524,33731,10325,28631,9884,19898,10867,16122,12320,17402,13733,18584,15964,17510,21986,19442,33571,23188,34679,27997,40372,34163,28738,29880,24337,23755,25055,23766,24850,23967,18111,19694,3529,7503,0,0,0,0,0,0,20251003
202509,6호선,증산(명지대앞),73,12,7519,832,15363,4333,39546,5056,47965,11507,26348,9657,16816,8146,14739,9004,14684,9262,14136,11266,11921,12206,12213,15015,13816,19291,13045,26016,12815,42001,7648,31335,5752,19468,4213,18624,3502,15796,1471,8920,307,2915,0,0,0,0,0,0,20251003
202509,6호선,창신,8,0,2928,348,5710,2291,16669,5553,18468,6848,9827,4454,5512,3390,5083,3484,5114,3815,4889,4165,4109,4098,4834,4715,6993,5845,5983,7825,5296,10328,3728,8266,3483,5546,2526,5223,1338,5132,640,3097,129,966,0,0,0,0,0,0,20251003
202509,6호선,청구,19,0,1421,513,2909,3134,7546,7312,10452,22411,6433,11597,5237,4954,4783,3957,4754,4214,4963,4852,5092,4527,5463,5097,7065,5560,8881,6426,14633,8095,8664,5262,5108,3952,4481,3641,3498,3350,1757,2170,380,730,0,0,0,0,0,0,20251003
202509,6호선,태릉입구,14,0,4811,1234,7943,3733,20393,4374,23734,11708,12715,8309,9599,6137,8879,9552,9246,7613,9017,8656,9016,9545,9577,10144,10851,12712,10792,16950,10901,25630,7150,19524,5498,12140,4816,11865,4119,10838,2202,8077,496,3896,0,2,0,0,0,0,20251003
202509,6호선,한강진,26,1,860,920,1594,10801,4349,25899,6875,46521,6447,31712,4718,24429,6101,22035,8539,21514,10744,26815,13997,23113,21549,25220,31275,25969,42425,26778,48505,27891,31736,14202,27542,5762,22586,4598,23394,4111,4510,2539,548,1767,0,196,0,0,0,0,20251003
202509,6호선,합정,26,0,3546,1370,5968,6711,14368,17430,21275,43396,15506,31393,13440,19546,14881,19412,17599,20067,19378,22362,20579,19581,23475,21848,26808,26725,35663,32891,49754,46443,32992,28284,29346,16007,32075,15003,27237,13415,14694,8395,2430,2501,0,0,0,0,0,0,20251003
202509,6호선,화랑대(서울여대입구),10,0,6886,1346,23151,4731,58837,9678,55563,23385,28220,14737,18355,10199,16585,11350,16998,9027,17658,10993,15976,10679,18701,13550,23620,17161,22366,25022,18229,38994,8779,32723,6015,19748,4846,17262,3703,16701,1302,10688,173,3737,0,23,0,0,0,0,20251003
202509,6호선,효창공원앞,11,0,2554,772,6343,4345,19418,8260,29937,28195,17036,15750,10959,11744,10076,10240,11710,9638,12538,10668,10868,10029,12853,10468,16290,12982,19194,15629,26338,22646,11249,15209,7684,10235,7322,9115,5680,8238,2581,5073,500,2135,0,0,0,0,0,0,20251003
202509,7호선,가산디지털단지,587,5,6704,5500,10878,28769,26172,144939,31511,400785,21694,232660,20388,60644,24951,36432,33126,34106,37055,34690,41615,29723,55066,27330,81541,27279,227111,31460,316235,37563,123546,27578,68801,17293,50545,14619,28504,13307,11856,8646,1742,3114,2,2,0,0,0,0,20251003
202509,7호선,강남구청,22,0,1845,1917,4285,18369,8110,40352,11198,112190,10617,103241,10337,44915,12583,25470,15759,21875,18398,23716,22799,20887,28225,19127,35192,19103,57051,21311,92545,22629,57045,13969,35724,9758,31558,7102,21703,5769,9375,3794,1641,1742,0,0,0,0,0,0,20251003
202509,7호선,건대입구,78,1,4453,1233,5890,9741,15189,22015,21564,47742,17113,34932,15849,30946,17901,25054,19838,25439,22340,26978,27315,25562,32273,24235,37168,25446,45709,32661,39440,41088,29189,27046,29271,16068,25936,14127,21324,12091,10821,6810,1878,3743,1,190,0,0,0,0,20251003
202509,7호선,고속터미널,13,1,1420,3265,3027,24127,12247,44876,20940,54348,26683,38844,25597,31040,27658,28452,28472,25516,28457,28818,30272,25442,41312,21383,45966,22376,64243,24953,52321,28161,34314,17483,36314,10779,32313,9733,23960,5660,7506,3129,799,793,0,6,0,0,0,0,20251003
202509,7호선,공릉(서울과학기술대),45,0,6435,1038,15424,4803,39485,13099,44360,27875,24040,22197,18870,16062,19009,13954,20393,16521,20670,17829,19217,16395,22937,19479,26186,24178,26764,28947,26588,44123,15026,35911,12063,21421,11060,18439,9049,18563,4934,11799,850,3902,0,0,0,0,0,0,20251003
202509,7호선,광명사거리,203,2,20125,6285,34889,12974,86254,17245,89018,28560,48868,24894,32972,25833,30441,28531,32991,32619,32550,33168,30652,32316,33671,38929,39929,44459,38445,56774,33769,85030,22235,62619,15107,35042,11643,31164,8542,25335,3521,14645,765,4394,0,5,0,0,0,0,20251003
202509,7호선,군자(능동),30,3,9324,780,15725,6084,39220,10017,60844,28676,39549,19838,22992,12981,20142,13121,20883,13619,20847,15295,19763,16519,20566,20162,22651,23107,30546,30889,35389,46134,22535,35114,18376,21581,17129,19141,13483,16688,7273,9761,1379,3470,0,58,0,0,0,0,20251003
202509,7호선,남구로,147,4,17530,1337,16414,7935,33371,35729,36456,98299,24042,46284,17109,19799,15483,15478,17129,15922,16228,16192,15480,15171,17673,18726,21994,23512,48535,33307,74413,32471,31167,23503,15995,16554,10891,18409,7131,15035,3021,8050,520,1966,0,0,0,0,0,0,20251003
202509,7호선,남성,45,1,6530,911,15605,3703,41741,7254,57269,18858,35972,13431,20804,12011,17533,12703,18405,12677,17552,13879,15247,15130,15207,19089,16857,22631,15952,30666,16585,46109,10025,33387,9107,21582,7715,18809,5199,17039,2256,9878,420,3084,0,0,0,0,0,0,20251003
202509,7호선,내방,9,0,2882,2207,8679,16651,20493,28975,30358,79730,22685,46974,17112,22320,16917,17732,18109,17777,20374,19298,21386,18035,23158,18115,31745,20557,50787,27123,69252,35115,28102,21935,19880,14416,18799,12561,12492,10019,4028,6267,749,2814,1,187,0,0,0,0,20251003
202509,7호선,노원,59,2,7810,2533,16338,8709,41441,17464,45374,50614,30067,46715,29413,33587,32126,33405,35436,34267,35658,39286,37796,38200,41992,40205,45436,44474,45132,48876,47023,66814,31742,51086,27670,26483,23613,21895,21244,18303,8164,12075,1595,3807,0,0,0,0,0,0,20251003
202509,7호선,논현,55,1,2864,1430,4742,17737,9670,44983,15136,110326,12780,95819,12196,38188,14548,24600,16785,24135,18694,25610,23835,23812,28343,22230,36527,25164,68171,30568,106025,36867,59216,20458,38829,12361,37741,10433,34027,7890,16702,5319,3065,2539,0,0,0,0,0,0,20251003
202509,7호선,대림(구로구청),81,1,10817,974,8820,4005,18286,8440,23408,19752,17998,15305,13392,18532,13950,17960,15341,15952,16474,16159,17478,15485,18344,17118,18990,18338,20345,23354,20145,23445,12387,16039,9474,11752,7819,13880,6430,10802,3241,5544,473,1374,1,0,0,0,0,0,20251003
202509,7호선,도봉산,116,0,6298,1173,19678,5301,53717,9853,41353,16302,22293,16570,14104,14064,12779,11525,12876,12661,11761,13368,11442,13006,13070,15782,16183,19613,13931,24960,12659,38086,6304,39494,4028,23355,3370,18970,2464,16908,947,10342,173,4527,3,67,0,0,0,0,20251003
202509,7호선,마들,8,0,12274,1256,29040,3256,70401,8477,67373,13155,34983,10693,23764,10623,21555,12192,22358,14318,18870,15550,16260,16858,17304,21460,16599,26648,14860,33335,13206,52851,8438,49723,5766,27086,4268,23611,3216,21170,1241,12751,193,3957,0,0,0,0,0,0,20251003
202509,7호선,먹골,66,1,8116,657,14435,3574,36160,6279,45991,16499,25782,11086,18456,9771,16330,11040,16573,12309,16323,13307,14486,13950,13980,17970,15184,22206,15969,27417,17599,40915,11072,32160,8118,20467,6418,17753,4606,15484,2148,9771,408,2851,0,75,0,0,0,0,20251003
202509,7호선,면목,77,0,13745,861,25445,5359,58858,9914,72390,31900,41238,18235,26504,15019,22874,14823,23753,18681,22662,18744,20315,18953,22297,25636,25847,32576,22188,38068,23507,54986,15752,47397,9495,28612,7602,25011,5143,23725,2441,12461,381,4374,1,1,0,0,0,0,20251003
202509,7호선,반포,19,0,1063,1009,3753,13755,11270,14143,15684,21333,11286,17893,8342,11566,8588,11565,9696,11182,10336,11017,11668,10362,14810,10787,20400,11725,21014,12657,20026,14752,13542,9399,10992,6557,10357,5576,7689,5285,2505,2893,286,965,0,0,0,0,0,0,20251003
202509,7호선,보라매,16,0,3939,969,6621,3263,18496,9649,26177,22191,15079,10514,9531,8349,9166,8671,9807,9449,10446,9419,10331,8859,10918,10242,12452,12422,14470,17282,16919,25482,7962,18438,7324,11336,6324,10026,5499,8715,2127,5398,317,2135,0,32,0,0,0,0,20251003
202509,7호선,사가정,45,1,12618,1384,25009,7940,58946,12916,72475,29384,43554,18879,27714,16288,23764,16698,25409,18902,23219,20198,21668,21479,22230,28547,24274,33679,25281,44470,25066,66865,17928,52759,12227,31012,9678,28079,7677,24255,3912,12883,719,4411,0,0,0,0,0,0,20251003
202509,7호선,상도,13,1,5661,1862,14317,6448,38495,9589,47689,28677,30039,20906,19294,21988,17947,18183,19316,18220,19634,17077,18875,19316,20941,19043,25018,22746,28940,31436,27444,46928,15110,30782,12916,20808,14350,19113,9777,18005,5240,10913,1254,3431,0,0,0,0,0,0,20251003
202509,7호선,상봉,460,17,10756,1675,21756,7376,56748,13224,79023,28963,39970,21507,24774,17337,23075,17744,25269,19521,24265,21632,23518,21844,24730,25492,28456,31682,31345,43931,32896,69435,22948,58198,18377,34266,17449,27056,13356,26432,7049,16228,1478,7271,0,12,0,0,0,0,20251003
202509,7호선,수락산,65,1,10791,972,22527,5676,49767,9007,49279,17400,31064,15360,21976,14960,20381,16146,21429,17961,20735,16417,19992,16954,21105,20733,20668,25977,19764,31708,19192,46466,11746,42810,8106,25939,6385,20752,4105,18782,2157,11327,320,4128,0,0,0,0,0,0,20251003
202509,7호선,숭실대입구(살피재),30,0,6468,902,15104,4084,41049,8785,51276,40454,34140,25072,21994,34585,20731,25154,21119,18724,23559,24931,26362,22180,25267,22834,35880,27430,38546,36459,28339,52662,18142,37021,15961,24011,16586,21898,13705,21060,8346,13426,1949,4343,0,0,0,0,0,0,20251003
202509,7호선,신대방삼거리,83,1,9880,793,20674,4683,56024,9640,79031,20027,44686,18057,26342,14385,23240,14646,25611,16768,22353,18108,20542,19431,19975,23685,22187,29065,20960,40144,21734,64199,13196,46944,11137,29057,9600,26203,6935,22625,3216,14062,702,5291,0,40,0,0,0,0,20251003
202509,7호선,신풍,202,4,13636,1163,17130,5895,44207,12650,55062,22108,31231,14579,18608,12479,16926,12284,18122,13707,16950,14461,15911,14455,17058,18534,19734,22484,19182,32038,19905,45267,12017,31883,8874,19749,7332,18552,5645,15665,2317,8440,463,2864,0,419,0,0,0,0,20251003
202509,7호선,어린이대공원(세종대),21,0,3341,1176,8223,7691,21944,19297,36378,85188,25732,51831,18601,53802,21561,42094,23067,28789,30189,37532,34608,29903,37321,24008,51532,24944,66175,29647,58240,40732,33082,27074,27167,18143,25279,16279,19978,16282,11027,11417,2321,3442,0,16,0,0,0,0,20251003
202509,7호선,온수(성공회대입구),315,2,9783,808,21143,3667,47796,12302,53672,22414,24134,15836,13960,7816,12096,9151,13719,9200,12410,10844,11197,10214,13610,12871,18491,15929,19394,23226,16127,40721,7223,28912,5239,18875,4778,14821,3137,13425,1646,8279,317,4555,1,1092,0,0,0,0,20251003
202509,7호선,용마산(용마폭포공원),18,1,5491,710,11283,2297,24483,4551,29744,12062,16204,6033,10092,5406,8802,5114,10154,6452,8281,8674,6701,7266,7559,9709,8172,11874,9043,15397,8225,22866,5284,18439,3167,11412,2822,10776,1677,9445,994,5769,189,1981,0,0,0,0,0,0,20251003
202509,7호선,이수,31,0,4778,1347,10596,18036,32190,19625,45153,45000,31880,31860,21962,21412,21014,20810,24117,20815,24960,23894,24773,23568,27173,25985,36097,31412,38851,44210,47757,61085,28437,39592,25259,22593,27567,18303,24333,16169,12145,9862,1995,3118,1,9,1,0,0,0,20251003
202509,7호선,자양(뚝섬한강공원),13,0,5332,732,10706,4396,25081,7495,33463,14266,21258,11134,12855,9255,11104,9954,11768,11969,11985,14967,11961,16512,13793,21432,16383,27301,18921,39587,21679,61667,22670,55235,40374,25228,40670,17354,24782,13487,11109,6297,1525,1949,0,1,0,0,0,0,20251003
202509,7호선,장승배기,14,0,5520,2218,12056,9569,28633,10986,38958,23713,24928,13934,16668,10815,15137,10677,15595,13035,15454,13901,14187,13765,15549,16759,18605,18003,19395,22630,19364,32476,9825,23304,8513,15276,8090,13396,5442,11750,2028,7724,466,2550,0,0,0,0,0,0,20251003
202509,7호선,장암,6,1,2244,238,8831,1360,19484,1503,13425,1993,5577,2467,2999,2717,2684,3302,3221,2738,3591,2026,3815,1487,3974,1744,3968,2142,4077,2729,3708,3873,2073,2997,1190,1951,786,881,568,935,191,639,28,248,0,0,0,0,0,0,20251003
202509,7호선,중계,63,1,10240,2202,26736,6085,66122,19491,66724,33321,35462,16863,25107,12871,22701,14764,26784,15137,22584,15821,20778,15921,19712,20043,26102,24161,22686,32402,19351,50639,10848,47935,7852,28410,9185,23863,7159,20977,2727,12227,423,3721,0,0,0,0,0,0,20251003
202509,7호선,중곡,18,7,6933,761,14181,4607,32848,18756,47507,32250,29010,15839,18470,10180,16521,9814,16080,11097,15362,12188,14174,12771,14987,16057,21859,19935,23658,24077,25071,35481,13356,28684,8527,17741,6902,16332,5535,13945,1921,7644,434,2766,0,0,0,0,0,0,20251003
202509,7호선,중화,161,0,8486,990,16722,4551,38997,10335,49427,24338,28236,12540,17917,10335,16144,10751,17083,12421,15874,12852,13903,13767,15225,18038,17580,22599,18650,26069,19830,40657,12024,34355,8042,21285,6745,18709,5056,17375,2229,10268,370,3001,1,16,0,0,0,0,20251003
202509,7호선,천왕,29,0,8989,814,21909,5567,59471,10956,62397,20608,34520,9460,19906,8393,16354,9320,16001,12438,14606,12972,13209,14249,14838,18994,17042,23374,16522,33473,15912,49802,7738,39480,5551,23016,4048,19131,2823,16848,1199,10720,293,2772,1,92,0,0,0,0,20251003
202509,7호선,철산,15,0,11658,3619,38249,10444,99631,19240,97493,37817,54108,27688,34924,20632,32092,21142,33369,24299,28865,27860,27143,27966,28629,34808,33175,45436,35530,68170,36658,103137,21513,76630,19380,42598,18216,37202,15333,32788,6422,19096,1232,5759,0,0,0,0,0,0,20251003
202509,7호선,청담,18,1,2735,3699,6917,33050,12644,62130,16549,139893,14178,89271,13259,36753,16433,22570,20325,22081,20276,23894,24987,21097,33099,18831,46447,19890,73061,21242,107442,21845,53186,17513,30640,11190,28278,9320,21755,6864,5550,3542,788,2334,0,0,0,0,0,0,20251003
202509,7호선,태릉입구,187,0,8134,1290,8400,5603,20013,9395,26360,23054,16958,13879,12800,10706,11994,13824,14092,10944,14074,12135,14325,12419,17343,12495,19681,14921,22277,18622,22647,24756,13142,21170,9766,13875,8260,12405,6304,12003,3013,7225,569,3240,0,1364,0,0,0,0,20251003
202509,7호선,하계,87,1,9321,2046,28780,7195,72511,18597,75431,30157,41456,24008,29621,18812,29257,17971,29586,22468,26959,27051,26355,23738,31534,26873,35102,32491,33695,40174,27415,61948,14982,54588,13337,32070,11440,27507,8506,25917,2748,16516,585,5067,0,0,0,0,0,0,20251003
202509,7호선,학동,5,0,1930,1488,4827,25546,9114,59462,12712,182533,12230,133509,12574,55265,15651,29099,20278,24647,22322,28239,28582,22988,37105,18913,48786,19517,93292,21438,161463,21700,75409,13573,40051,8492,32531,7851,24333,5536,9075,3507,1356,1345,0,0,0,0,0,0,20251003
202509,8호선,가락시장,177,0,3811,3022,6975,8117,14041,16880,15397,44949,11929,19411,11966,13108,11938,13195,12470,12626,13038,12729,14455,12975,16741,13516,17619,16208,23389,20285,31575,25398,14333,16531,12500,11403,11626,9109,9330,7424,4257,4923,1139,2000,1,591,0,0,0,0,20251003
202509,8호선,강동구청,30,0,6054,812,12820,6064,32628,16751,41081,36952,25067,16985,17731,11705,14843,10717,15122,12031,14838,14088,13982,13921,15594,17253,17755,20042,22637,26786,29189,37296,11441,25961,8705,17183,7050,14829,5060,12587,1763,6895,394,2069,0,0,0,0,0,0,20251003
202509,8호선,남위례,7,0,2108,1567,8017,5520,24556,10120,28223,26034,15876,12340,10189,7680,9079,6487,9972,7501,10221,9178,9560,8719,13110,9936,15230,13274,17817,17899,19246,27306,9136,19596,7141,12749,6957,9906,5143,9762,2305,5477,639,1285,0,0,0,0,0,0,20251003
202509,8호선,남한산성입구(성남법원.검찰청),103,7,11721,1565,22626,4560,55395,11309,64814,29246,33109,28835,21547,14789,19246,10760,21802,13901,17872,15400,17729,13421,20642,19335,24712,22952,26158,30000,22427,44331,10127,33860,7310,22585,5917,21846,3672,18642,1568,10928,283,3667,0,0,0,0,0,0,20251003
202509,8호선,단대오거리,72,0,11405,1606,21364,5842,51895,12277,58671,20818,29144,13350,18133,9250,16358,9895,18285,11996,16124,12575,14210,14007,15464,18989,19675,24417,21743,31443,22286,49681,10696,36443,7834,23373,5713,20182,3994,17403,1646,10566,441,3335,0,0,0,0,0,0,20251003
202509,8호선,모란,30,1,2456,774,3346,4087,9746,5865,12002,13040,7754,7553,7430,7572,9108,7347,10141,7705,10201,7038,10409,7459,11420,7723,14590,8710,13024,7823,12478,10474,7196,6355,4952,4071,4702,4175,3557,3323,2033,2324,677,1345,2,408,0,0,0,0,20251003
202509,8호선,몽촌토성(평화의문),14,1,1951,2013,5040,8822,14095,12670,21585,32068,13302,17323,8668,10014,8456,9626,9204,10050,9564,10063,10422,9543,11542,9785,17050,12835,20368,16078,26772,20168,12187,15509,9172,9809,9914,8038,7633,7108,3217,4537,824,1404,0,0,0,0,0,0,20251003
202509,8호선,문정,8,0,2631,3685,8872,11962,30014,66027,37693,191442,23646,84023,18434,31971,19446,20193,23729,21396,25952,23495,29258,21313,31932,21507,39526,24957,98440,30219,137582,42409,45383,30942,30941,18656,24688,15504,18052,13516,6820,7100,1350,1974,0,0,0,0,0,0,20251003
202509,8호선,복정,98,0,3837,2492,12404,10279,31820,11530,39859,21525,23964,15789,14363,9316,11802,7268,13689,9061,12727,9559,11754,9144,12970,12081,18565,15647,24493,22656,26699,32611,15815,22629,9430,14210,7057,12874,5643,11817,2606,5103,567,1019,1,1,0,1,0,0,20251003
202509,8호선,산성,18,0,5424,1205,12256,3247,32233,4018,32686,9336,16317,4908,10791,4928,8694,4387,8914,5466,8005,6161,6992,7002,7800,10375,9392,12387,8962,17876,6770,29193,3392,23245,2768,14243,1994,13041,1433,10711,641,6581,160,2495,0,0,0,0,0,0,20251003
202509,8호선,석촌,3,0,2635,972,6351,4929,17687,10428,25498,24825,15347,19870,11292,13949,11334,14545,12861,14923,12744,16454,13100,15191,14333,17107,15704,18315,19994,25272,23240,32816,12771,22122,12129,13090,12542,10802,10026,9181,4201,5543,731,1953,0,2,0,0,0,0,20251003
202509,8호선,송파,25,1,3415,874,11650,5337,33722,11746,39173,22600,24842,12752,18056,9414,16238,9531,15788,11347,15100,13599,13380,14501,15887,17621,17274,20213,17335,25616,19562,36009,10638,26629,7870,15997,6074,14526,5189,12101,1982,5722,283,1885,0,53,0,0,0,0,20251003
202509,8호선,수진,6,0,4018,534,7468,2419,18001,5370,23004,14140,12982,7745,8962,6650,8896,6207,10426,6834,9361,8070,8087,8045,9749,8801,13251,10731,10214,11293,8317,16507,4921,13850,4097,8969,3557,7911,2455,6899,835,4490,239,1444,0,25,0,0,0,0,20251003
202509,8호선,신흥,1,0,4206,592,8343,2587,19694,3464,23853,7270,12711,4769,8482,5470,7304,5933,7664,7417,7096,8245,7470,8667,8651,9635,9902,12767,9657,14448,8763,20730,4986,15591,4123,10034,2791,8618,1865,7788,948,4393,210,1367,0,2,0,0,0,0,20251003
202509,8호선,암사,177,0,15647,733,26018,5051,72804,9384,83332,20477,44277,14622,27623,12040,24002,15224,24324,16849,22595,18901,19176,20764,19318,28460,20602,32470,21408,43234,21926,66609,13591,49077,10866,29087,7854,24433,5346,24058,2419,12427,529,3944,1,146,0,0,0,0,20251003
202509,8호선,암사역사공원,3,1,3509,513,11038,3124,32747,7559,36494,8874,18882,4528,11027,4187,9425,4687,9109,6319,8337,6918,7713,7542,8215,8932,10814,11936,10874,17869,11718,25733,5684,19463,3701,13216,3101,10241,2347,11095,738,5179,155,1339,0,0,0,0,0,0,20251003
202509,8호선,잠실(송파구청),47,2,1705,3217,3768,14018,8256,42213,11994,96916,9907,61469,10661,41408,15098,40518,19428,39530,23794,40017,31051,35831,39934,37232,47628,37606,63915,42573,82041,48469,51357,24941,48010,13975,44755,9217,31370,6572,10730,4151,2103,1688,1,205,0,0,0,0,20251003
202509,8호선,장지,20,0,5816,3256,20331,12592,49823,29908,54615,51269,34947,35490,22360,20029,19654,21074,20787,21296,21890,19858,22535,20300,28526,23090,33022,28078,46047,36028,50835,52459,28331,33018,21868,20071,15886,17747,8060,14375,2783,9224,575,2300,0,0,0,0,0,0,20251003
202509,8호선,천호(풍납토성),120,0,11808,2551,18571,13189,47589,21114,59015,37423,34885,31350,23698,23595,22901,26340,24981,27136,25078,30751,25479,29693,28842,35441,32432,38228,40052,52999,40780,74655,27038,50117,23846,29881,16921,26883,12640,21322,5957,12778,1486,4202,0,0,0,0,0,0,20251003
202509,9호선,가양,97,0,17511,1710,32017,10759,85768,32074,85380,62149,46190,34461,34956,21263,33112,21637,35399,23407,31672,24950,28387,27986,31956,34357,36784,39270,46853,49370,57467,79263,24630,64729,18536,40300,15467,35868,9753,32071,4189,18968,677,5992,1,251,0,0,0,0,20251003
202509,9호선,개화,13,3,2714,386,7768,2598,13940,3484,10925,4958,4217,2754,3185,1936,2580,2187,2492,2063,2493,2212,2674,2477,3068,2858,4398,2747,5923,3827,5983,6094,2645,5104,1677,2700,1453,2030,686,2322,312,1466,91,421,6,46,14,14,0,0,20251003
202509,9호선,고속터미널,36,1,2547,1752,7126,15568,21403,20580,28567,32424,23430,33973,20345,39346,21777,39810,25050,40682,26963,40177,30645,42979,35061,45158,38794,48838,40551,55709,40360,63049,34383,40927,33569,29504,26823,23423,21512,21458,8495,9162,1164,2305,1,0,0,0,0,0,20251003
202509,9호선,공항시장,7,0,3173,282,4611,1332,9766,2474,12119,5477,6477,3590,5042,3140,4455,3283,4905,4098,4345,3747,4084,3890,4202,5218,4885,6246,5290,7323,4378,11664,2521,8929,2268,6128,1865,5795,1179,5394,681,3390,147,1316,0,88,0,0,0,0,20251003
202509,9호선,구반포,6,0,339,3226,887,20484,1663,3546,2219,4539,1768,2652,1382,1637,1894,1434,1996,1576,1866,1749,2411,1680,3648,1545,17853,1716,11024,1834,5739,2322,2739,1391,1322,893,1298,855,818,791,305,417,67,183,0,1,0,0,0,0,20251003
202509,9호선,국회의사당,3,0,772,1826,2623,12583,5856,56380,8998,179956,8481,69723,11648,29871,15499,23267,19417,22848,23762,27232,28128,20049,32093,14098,44507,13061,88217,16615,117627,17761,42854,10226,30735,5578,30115,4950,16513,4099,5354,2413,821,936,0,0,0,0,0,0,20251003
202509,9호선,김포공항,8,3,596,2969,2584,14704,9633,19783,10983,23366,7162,20800,7417,20904,8002,22475,8706,25562,10221,25748,11758,25823,14894,22884,14155,24974,16015,28688,18840,28410,13100,16440,11158,7655,9248,4411,9450,3325,3290,1990,126,1478,1,151,0,0,0,0,20251003
202509,9호선,노들,6,0,4229,367,7343,1583,20433,2880,24657,4682,13236,4106,9128,3978,7540,4466,8046,5665,8022,6399,6777,8061,6798,10179,7569,13374,8386,18355,8835,24460,7803,15758,10842,9696,11605,7991,5002,7552,1786,3778,302,1314,1,3,0,0,0,0,20251003
202509,9호선,노량진,543,10,19480,2200,28315,14769,76241,39435,102004,65959,55427,38686,35887,26934,33778,30001,38188,34056,41833,39063,36310,35506,37014,38512,44457,48271,56779,72940,56101,105917,33948,67205,36716,46731,42022,44257,40376,43643,12606,24068,1634,7568,0,2,0,0,0,0,20251003
202509,9호선,당산,83,0,9277,1546,18678,8362,58584,18849,68698,49952,37892,27434,27366,17572,26483,19782,29040,21144,27624,24120,25613,22807,27492,26978,31028,33503,42270,48264,52787,70844,28391,52261,23175,35091,21939,34316,17894,30631,8018,18494,1647,5675,2,259,0,0,0,0,20251003
202509,9호선,동작(현충원),37,3,1068,282,1716,2400,5512,2371,5937,4346,3706,2867,2934,3139,3941,2368,3759,2272,3631,2616,3327,2315,3465,2729,4577,2839,4403,3536,4352,5364,2310,3541,1990,2466,1768,2094,1425,2076,634,1227,94,1068,2,193,0,0,0,0,20251003
202509,9호선,등촌,18,3,6775,1350,17834,5869,55043,9574,66980,22456,29085,13626,20404,12576,20358,12840,19403,15090,18114,15592,16715,16835,18281,20542,20221,23291,19794,34849,22066,52336,10814,40876,8307,22800,6601,19893,4849,17370,2263,9847,418,3289,0,0,0,0,0,0,20251003
202509,9호선,마곡나루(서울식물원),6,0,5246,1659,12308,13151,34238,30499,34992,71676,18019,33673,14169,20133,14886,17824,18576,18287,19495,18928,20906,17850,24387,18150,32547,21358,54716,28541,61758,42535,28668,31612,23072,18843,21262,18682,17280,16444,7450,10659,1058,3815,1,456,0,0,0,0,20251003
202509,9호선,사평,0,0,1387,297,3768,2439,13554,6707,15610,8683,9834,4604,7156,4283,6212,4153,6489,5404,6604,7107,6179,6241,7565,7906,9757,8388,9530,10983,9609,13666,5743,10195,3783,7135,2630,6396,2146,6248,682,2949,188,870,0,0,0,0,0,0,20251003
202509,9호선,샛강,15,0,1696,1224,2840,5327,6166,19564,7297,42083,5877,16385,6038,9403,7078,8962,7773,7649,8672,8664,9597,7878,10826,8376,12968,9890,26220,12958,34407,16961,13974,9683,15825,4891,17991,4166,11392,3737,4150,2060,774,800,0,28,1,0,0,0,20251003
202509,9호선,선유도,6,0,2437,1717,7354,4206,27305,16307,31705,45957,13977,22314,10017,9414,9781,8390,10547,8414,10555,8920,10535,8711,12115,10381,15038,11226,29867,15623,41363,26559,15265,18036,8860,10705,7428,9038,5260,8501,1910,4723,377,1598,0,13,0,0,0,0,20251003
202509,9호선,신논현,39,3,4046,1600,13766,17329,32822,43991,44210,93553,33413,110181,28770,61493,33055,44635,39541,44863,42797,47918,46592,46646,52722,47064,66321,54385,90082,74850,113309,98865,84666,58456,62471,34553,65124,28796,56319,23521,26464,13809,4877,3581,2,671,0,0,0,0,20251003
202509,9호선,신목동,3,0,2569,410,7548,3012,24407,4428,23776,7733,10959,5196,7632,3316,6613,3480,6712,4758,5875,5364,5053,4887,5847,6270,6824,8370,8484,10397,7840,17806,3768,12958,2630,7934,2307,7827,2017,5896,662,3933,149,1146,0,119,0,0,0,0,20251003
202509,9호선,신반포,1,1,905,1172,3479,9090,11235,11805,13767,12125,8831,8254,6771,6481,6031,5284,7142,5771,7405,6838,7142,7266,10084,7431,14894,8208,14378,11309,12785,14660,7570,11737,6553,6462,7267,4963,4587,5335,1186,2354,228,840,0,1,0,0,0,0,20251003
202509,9호선,신방화,4,1,5455,696,12896,3020,31218,6839,29083,14696,15446,7836,11291,6344,10308,6910,10764,8323,10151,8819,9058,9930,11172,11266,11675,13986,10473,18519,11573,25651,6772,21888,5181,12505,3790,10999,2604,11358,1176,6071,194,2312,0,0,0,0,0,0,20251003
202509,9호선,양천향교,4,0,5215,1181,12527,11240,34432,29953,34151,52966,16777,21531,12587,11689,13309,9296,15176,10616,14317,12365,13702,10820,15859,12463,21080,15275,36038,20392,41805,31310,15786,27179,9606,16180,8010,16498,5070,13762,2212,9900,477,2546,1,249,0,0,0,0,20251003
202509,9호선,여의도,14,0,3965,3066,4767,33410,10866,175930,13388,191857,14667,90635,20626,40030,28156,37717,29065,37766,35098,37846,38380,33402,48969,31610,67925,32370,177750,36514,176392,41467,82472,23223,72050,12257,58276,9721,32594,8442,9859,4440,1533,1917,0,284,0,0,0,0,20251003
202509,9호선,염창,31,1,14427,958,31230,5622,87779,9241,92916,21165,49152,12789,30813,11348,26236,12584,26610,14950,23545,17349,19975,19222,19936,25128,22640,31169,24524,50661,25753,78433,14051,64684,10580,41771,9162,35213,6942,34744,2718,19446,496,6741,2,349,0,0,0,0,20251003
202509,9호선,증미,1,0,2930,547,9256,3170,25813,12154,27681,53842,13709,20570,9858,6959,9656,6340,9484,6690,9549,7233,8336,8253,9025,8640,10535,10323,23502,14440,42339,22077,12083,16422,6515,10059,4797,8728,2616,8510,1109,4597,217,1501,1,0,0,0,0,0,20251003
202509,9호선,흑석(중앙대입구),7,1,4087,993,7194,6563,20987,14917,24765,32493,16398,20213,13418,19205,14270,15182,16052,16690,16667,15632,17598,15841,21383,15002,24980,16249,31580,24881,24139,32256,13500,21447,12339,14559,13322,12241,9746,11117,4882,5834,1164,2388,0,21,0,0,0,0,20251003
202509,9호선2~3단계,둔촌오륜,0,0,2622,271,9647,1935,26113,4031,23848,4668,13318,2617,8779,2431,6327,2881,6280,3963,5767,4420,4817,5186,5760,7197,7539,8335,5872,12728,4629,21606,2880,17646,2113,11124,1557,8739,1114,9883,545,4481,92,1716,0,119,0,0,0,0,20251003
202509,9호선2~3단계,봉은사,3,0,2434,3697,6276,21561,10430,51620,11490,135704,10550,95886,11564,52722,18304,43692,25078,40930,29351,43378,35949,35472,44818,32573,61799,31452,98335,31299,125406,30220,61863,19066,42810,10882,39489,9225,25187,5772,6749,3549,1020,853,0,0,0,0,0,0,20251003
202509,9호선2~3단계,삼성중앙,2,0,1179,597,3372,5459,7049,21602,9227,55190,7481,39601,6566,13853,7748,9024,9069,9345,9641,9538,10214,8915,12906,8272,17770,9154,31801,13358,51539,14479,20894,10022,12845,6213,10991,4873,7541,4681,2823,2619,654,1119,0,1,0,0,0,0,20251003
202509,9호선2~3단계,삼전,21,1,5907,732,8753,3130,26334,6823,40571,21120,25699,10314,14350,6810,11941,7446,11522,8363,11507,9761,10336,9888,11068,11567,11894,14936,15075,19157,19727,31907,9373,25269,7191,15573,5958,15185,4722,11721,1896,7942,433,2305,2,474,0,0,0,0,20251003
202509,9호선2~3단계,석촌,16,0,3935,534,11358,3203,27897,6355,38477,13911,24894,12725,15133,9724,13646,9927,14846,10781,14739,11757,13564,11476,14217,13678,15993,15215,18516,23483,19651,34746,11991,27776,10188,17722,10733,14905,8539,15434,4137,7902,623,2299,1,1,0,0,0,0,20251003
202509,9호선2~3단계,석촌고분,10,0,3338,590,8436,2614,21698,6556,36269,17577,21402,11222,12284,6733,10714,6994,11041,8533,10751,8113,9606,8726,9892,10133,10935,12923,13408,17369,17343,28700,7991,22071,5940,13705,5366,12533,4089,11656,1514,6318,296,2570,0,4,0,0,0,0,20251003
202509,9호선2~3단계,선정릉,13,0,1025,1179,4920,7033,10021,23307,11593,67289,9920,52293,7672,22953,8781,14751,11641,13511,12443,14679,13959,12725,15263,11938,20210,11899,37843,14860,59193,16459,31274,11353,16900,8229,13966,7917,10500,6884,3909,4298,798,1297,0,20,0,0,0,0,20251003
202509,9호선2~3단계,송파나루,0,0,2392,284,5256,1684,15332,5529,24106,15432,14586,10250,8058,6847,6927,7865,8082,8852,8582,8578,8155,8509,8401,10276,9048,11684,11257,18063,15572,27217,8680,20847,7553,10757,7832,8205,6421,7332,2531,4079,537,1466,0,0,0,0,0,0,20251003
202509,9호선2~3단계,언주,0,0,1435,1214,3452,8388,8321,26818,11268,78132,10771,58195,10789,23734,11999,14795,14140,12619,14880,16073,17315,14236,20089,12392,26067,13066,50228,15033,67436,16624,32098,10883,17868,7281,12893,7623,9874,5284,3335,3484,727,1303,0,75,0,0,0,0,20251003
202509,9호선2~3단계,올림픽공원(한국체대),1,0,2406,678,8669,4939,19291,7319,21736,19816,13986,12583,10064,12442,9792,13738,13163,14350,11934,18994,11015,17432,13396,18781,16841,20676,19090,21126,21151,28268,17532,19698,25447,12712,22074,12043,7816,10840,2195,6693,262,1791,0,85,0,0,0,0,20251003
202509,9호선2~3단계,종합운동장,2,0,1554,232,4725,2352,11394,6814,14538,13691,9511,11065,6669,6266,6847,5897,7744,6803,7725,7820,7642,7905,8344,8582,10406,10134,14755,14458,14029,20443,8839,12992,8228,7648,9231,7624,8317,6575,3744,3497,566,993,0,16,0,0,0,0,20251003
202509,9호선2~3단계,중앙보훈병원,19,0,5385,668,26223,6382,57446,14378,59143,25411,35387,16446,23522,16265,21644,10410,20193,13704,15923,15114,18874,15088,21250,14721,21643,15864,23454,26799,18302,44491,8399,34257,5765,20900,4792,18221,3264,19504,1117,8591,206,2853,0,198,0,0,0,0,20251003
202509,9호선2~3단계,한성백제,0,0,1383,465,4285,1055,9485,2726,13332,9415,7433,5334,4348,3558,4397,3491,4598,3603,4837,4267,4822,3805,5065,4365,5809,5585,7222,6937,10281,10592,4478,8687,3368,4767,3336,4515,2186,3657,745,2421,195,803,0,1,0,0,0,0,20251003
202509,경강선,경기광주,0,0,3630,317,19178,3089,47603,6583,46982,9985,20967,5844,14390,4794,11412,5199,10675,6435,9343,7132,8402,8925,8731,10539,11230,15681,11393,22230,8979,38003,4500,33794,3432,19921,2295,14526,1580,11915,614,5677,69,97,0,0,0,0,0,0,20251003
202509,경강선,곤지암,1,0,1275,447,3381,2687,8046,5590,6936,7059,4536,2872,3551,2342,3597,2653,3425,2241,3634,3215,3158,3049,4361,3399,5012,4200,7201,5282,6057,6681,2294,5237,1598,3966,1153,3332,454,2834,158,1597,13,517,0,0,0,0,0,0,20251003
202509,경강선,부발,6,0,1497,67,4188,2209,8449,7884,6455,6256,5504,2801,3939,2224,4362,2280,3765,2685,3634,2861,3316,2773,4480,3130,4963,4453,8279,5990,5484,6997,3478,4980,2084,4753,1301,4607,597,3605,401,3498,24,1312,0,0,0,0,0,0,20251003
202509,경강선,삼동,1,0,1843,57,6167,1183,13172,2133,12748,2268,7179,1173,4190,1331,3494,1225,3009,1907,2695,1921,2169,2526,2242,3701,2537,4823,3487,8477,2682,9325,1304,8762,873,5277,702,4345,380,3383,126,1700,8,42,0,0,0,0,0,0,20251003
202509,경강선,성남,1,0,288,14,1876,863,6110,1830,5888,2167,2972,1000,2076,896,1737,1181,1793,1229,1436,1356,1382,1489,1750,2000,2174,2311,2758,3670,1943,4956,1401,2916,1135,2092,947,1678,787,1217,290,534,33,126,0,1,0,0,0,0,20251003
202509,경강선,세종대왕릉,3,1,314,1,691,221,932,656,1019,726,738,578,875,427,678,636,645,577,663,350,658,710,619,672,760,856,852,694,647,957,295,780,176,579,123,443,43,502,24,254,1,79,0,0,0,0,0,0,20251003
202509,경강선,신둔도예촌,0,0,1030,45,3112,631,6894,2781,4919,3765,3575,1670,2721,1290,2198,1519,2390,1455,2334,1351,2029,1632,2704,1928,3358,2626,4003,4311,3492,4314,1206,5033,985,3274,712,2530,260,2370,97,1244,7,392,0,0,0,0,0,0,20251003
202509,경강선,여주,19,0,2564,8,5724,902,10358,4023,8539,5526,6921,8310,6108,3473,5418,5162,5577,4756,6341,3471,6802,5440,6810,5255,7996,6025,7182,7857,6394,9459,3123,8184,2249,7319,1461,3600,704,6158,235,3341,6,1367,0,0,0,0,0,0,20251003
202509,경강선,이매,6,2,674,30,2113,1274,4240,2454,3150,3123,1655,1513,1478,1188,1318,968,1492,1181,1304,1387,1224,1206,1633,1638,1885,1862,2101,2682,2195,3368,1290,1704,1316,1150,1254,910,1133,724,360,395,16,71,0,0,0,0,0,0,20251003
202509,경강선,이천,2,0,1137,50,4398,2084,9546,6945,7470,8778,6282,4983,5454,3693,5041,3820,4853,4608,4914,4089,4968,4773,5111,4851,7054,6385,7599,7200,7473,9689,3748,7898,2879,6529,2547,4498,1110,3747,596,2483,24,1092,0,0,0,0,0,0,20251003
202509,경강선,초월,0,0,2190,136,8893,1896,20267,4735,21161,5192,8567,2067,6191,2016,5257,2093,4749,2837,4277,3166,3942,3973,3670,4787,5027,6851,6036,9092,5018,15769,2637,12296,1783,8516,1251,7284,637,6724,273,4405,39,51,0,0,0,0,0,0,20251003
202509,경강선,판교,4,0,737,40,2876,8833,6747,20383,4103,42244,2534,20747,2837,12906,5243,9650,5325,7181,5390,5425,6889,5742,9959,5269,15514,7017,22706,7373,27151,7089,20073,4053,18863,2874,11370,1987,7395,1139,2017,783,1,226,0,0,0,0,0,0,20251003
202509,경부선,가산디지털단지,1422,14,7069,2198,8131,12915,18480,65371,18766,168654,11911,76216,10856,24807,12268,16015,14106,16543,15136,15923,15506,16128,19250,16123,29672,19790,84604,25813,115161,31441,44258,22443,27375,14920,21355,13496,13007,13082,5532,7326,209,1236,0,9,0,0,0,0,20251003
202509,경부선,관악,231,0,8467,1566,14317,3993,34694,7485,29514,11828,16022,9759,11252,9047,9858,7253,11272,7264,11092,7587,9427,8135,9251,9575,10527,12984,11439,18904,10593,29505,6136,21592,5015,13138,3974,12257,2342,10543,1040,6779,71,895,0,0,0,0,0,0,20251003
202509,경부선,광명,0,0,19,1885,3761,3341,12511,6905,10523,8842,7076,6316,4081,4250,7202,2404,5231,7796,5062,160,3410,8064,6384,3943,7260,5127,10108,7221,10602,12575,8179,6574,3122,4323,6667,2968,2368,4603,948,56,1,0,0,0,0,0,0,0,20251003
202509,경부선,구로,12779,97,19706,4313,18392,14907,38928,33776,37057,70377,25532,38149,20398,28154,21338,25309,23252,24231,24085,24424,24865,23462,29509,25644,36833,30035,54294,39480,55853,42072,24800,28828,20019,19445,16804,18695,11283,15495,3918,11862,34,10770,1,39,0,0,0,0,20251003
202509,경부선,군포,101,1,5715,2400,8951,11786,18811,35093,17160,38944,9729,8209,7362,4660,7196,4188,7362,4951,6577,5270,6150,5524,7437,6997,11015,7444,26342,10795,33374,13967,11038,11628,7938,6865,4327,6308,2378,5497,1023,3272,51,674,0,0,0,0,0,0,20251003
202509,경부선,금정,981,21,25716,5896,42464,21782,101153,51581,96300,100232,57659,37175,39733,23613,35196,25490,36993,26284,34466,29668,31191,30720,34003,39897,42116,48663,71991,69749,78850,98317,36441,79683,27681,48589,22025,46221,16324,37681,7374,24094,643,10117,0,17,0,0,0,0,20251003
202509,경부선,금천구청,643,1,11631,1306,19309,6442,45744,16410,41322,29818,23744,12195,17042,9555,15266,9928,15084,11447,13931,12792,12996,13111,13399,17190,15696,22367,16963,31118,26633,43987,10729,30909,7740,17533,6396,16494,3950,13758,1287,8133,52,791,0,0,0,0,0,0,20251003
202509,경부선,남영,219,1,2769,1555,5391,7876,14669,21477,21370,49209,12538,29157,9532,16323,10293,14467,12056,12527,13112,14253,12920,13038,16938,13319,23166,15342,30475,20312,38070,26984,17740,16928,15658,11368,15848,10254,12778,9316,5343,5053,312,1208,0,0,0,0,0,0,20251003
202509,경부선,노량진,515,20,5052,2260,7598,7098,19932,8993,26262,16015,14037,11297,10982,10098,12199,12684,13279,13567,15259,14253,15064,14027,15535,16968,18051,23767,19963,34074,20259,48213,17041,27863,23093,14695,24172,12437,16872,11173,6302,6853,370,1471,0,0,0,0,0,0,20251003
202509,경부선,당정,53,1,5133,803,12497,3916,26564,9861,23215,18406,12423,10416,8969,7387,8756,5542,9692,6752,8223,6295,8273,6030,9421,7272,11546,9847,14561,13897,14564,22408,6132,16925,4627,11160,3759,9653,2882,9397,1004,5893,79,1212,0,0,0,0,0,0,20251003
202509,경부선,대방,666,4,4781,2574,10422,11416,26953,35688,32439,46248,19285,22986,14118,12235,13340,12064,14979,13042,14516,14939,14324,13261,15486,14274,17720,18770,32483,26704,37308,36229,14468,21810,11567,15220,16607,14441,8006,12947,2137,7637,146,1984,0,0,0,0,0,0,20251003
202509,경부선,독산,722,4,8626,2409,20739,12211,53506,45819,52407,92353,25933,40149,19276,14657,18738,11721,19097,13064,18014,14584,17364,13603,18254,16946,29447,21393,55448,30340,67081,49212,27552,37297,16895,21878,11470,22105,7381,21000,2719,11651,148,818,0,0,0,0,0,0,20251003
202509,경부선,두정,1076,9,5418,1333,11924,3907,19979,10673,19466,26361,16973,25301,12704,16191,12550,14181,14870,14912,14691,13797,14552,11446,17723,11800,18838,17235,19989,19700,17118,26536,12075,17596,9791,14047,9155,10847,6063,12701,3020,9562,34,2678,0,0,0,0,0,0,20251003
202509,경부선,명학,190,2,6666,1906,11171,8187,27955,27813,23630,54133,12167,16003,8673,9808,9357,12863,10311,7504,10101,9067,12541,8687,11763,7531,16132,9705,32089,13675,36252,21190,11890,17996,9913,9728,6546,8346,4153,8139,1623,5982,156,1309,0,0,0,0,0,0,20251003
202509,경부선,병점,3258,31,8546,3396,32787,11846,60188,22459,49475,34864,32284,20511,26172,15594,24757,16713,25458,19830,21388,18872,21700,21725,25405,25749,30491,33098,36899,44556,34418,53899,20381,45143,14290,32262,12116,23566,9130,24210,3259,16020,45,7079,0,0,0,0,0,0,20251003
202509,경부선,서동탄,2,0,1685,8,6683,675,11458,1411,4326,1029,2914,975,1801,684,1816,936,1584,1045,1432,1114,1307,1285,1555,1733,1521,2191,1877,3003,1880,5607,889,5947,700,2480,465,2006,410,2390,138,1445,2,1013,0,0,0,0,0,0,20251003
202509,경부선,서울역,10,2,43,804,155,5591,12587,8934,26254,10160,19333,7772,16353,6858,19934,4359,20673,6022,17658,5435,8774,5602,16427,6822,18794,7421,27029,10677,26517,11025,28122,7817,16404,5325,22417,4947,15353,4024,9444,739,1538,96,2,2,0,0,0,0,20251003
202509,경부선,서정리,101,3,5128,2779,14877,6996,20512,16297,19653,20928,15074,10709,13066,7602,12277,7845,13336,10365,11493,11142,12290,10932,14687,12897,19479,18109,30657,21511,18779,20416,10568,19400,8128,15054,6170,10705,4591,10393,2402,7991,112,882,0,0,0,0,0,0,20251003
202509,경부선,석수,476,2,8277,2614,16757,5964,36737,11821,34902,13611,19302,9314,13674,6952,12086,5865,11745,6796,10699,7820,9794,9136,11405,11263,12892,14463,16241,21742,14173,30955,8456,23463,5646,14659,4457,14045,3204,12161,1347,6917,74,701,0,0,0,0,0,0,20251003
202509,경부선,성균관대,307,5,10022,2558,31653,7820,77583,11427,60387,32262,30343,22122,22248,17128,20193,16212,22398,15549,21914,20167,19185,17466,20993,22050,29878,28864,30262,42870,28854,65953,17526,50059,14080,30288,12684,27864,10801,24263,5485,16056,314,2886,0,0,0,0,0,0,20251003
202509,경부선,성환,41,0,2275,1111,4151,4075,6973,14484,7379,24367,7182,28392,6903,11317,7288,6536,9794,9974,12565,9855,11745,5612,19481,6153,28245,7060,24919,8188,15546,8212,6829,6595,5480,6539,3434,5645,2443,6086,1020,4806,76,1113,0,0,0,0,0,0,20251003
202509,경부선,세류,708,7,4377,771,10632,3114,18332,4056,13102,4492,6541,3253,5026,2859,4671,3249,4670,3847,4119,3629,3677,3727,4629,4488,6027,6177,7080,8151,5488,14180,3414,10562,2728,7926,2355,6826,1322,5088,430,3297,14,963,0,0,0,0,0,0,20251003
202509,경부선,세마,183,1,2625,1315,7601,2334,13045,5493,11958,10606,7176,2992,4887,2194,4681,2714,4569,2684,4639,3468,4170,3565,4330,3774,6018,7372,7657,9212,9108,9843,3306,9472,2520,6251,1901,5618,1332,4940,575,2630,69,255,0,0,0,0,0,0,20251003
202509,경부선,송탄,89,3,5661,1031,8505,3131,14093,6449,12385,10359,9073,4590,7881,4179,7988,4700,7516,4981,7070,5422,6758,6143,8180,7376,9813,8661,8879,11619,9219,12647,5353,12502,3790,9069,3025,7279,1929,6239,1011,5962,81,453,0,0,0,0,0,0,20251003
202509,경부선,수원,2538,93,20883,4956,40348,31775,83263,59335,75330,84690,51291,75395,46203,72960,49829,69326,55838,79174,59997,74286,59422,73074,78145,74281,94726,90916,97770,106781,106158,132954,79851,91396,82653,54587,66777,42787,53018,34010,22261,22606,727,7358,0,0,0,0,0,0,20251003
202509,경부선,신길,1188,6,8548,1588,11437,6218,25406,20968,33095,30455,18326,12667,11850,7227,10039,6724,12368,7730,11159,9276,9781,8806,10983,10577,13599,12531,20765,16898,29097,23011,10837,16175,8242,11969,9997,12125,6057,10087,1848,6040,109,1682,0,1,0,1,0,0,20251003
202509,경부선,신도림,586,5,2147,951,3972,3436,9287,8214,11499,15154,6728,8166,4695,5072,4653,4562,4912,5288,4773,5638,4701,5285,5463,6610,6351,7553,10719,10251,13741,13985,6256,8259,4761,5282,4026,4984,3469,4142,1474,2529,60,1355,0,0,0,0,0,0,20251003
202509,경부선,안양,430,1,16646,2991,40708,11769,98464,20722,83412,56210,45544,55345,33502,34233,33240,33825,39973,31630,38004,37609,35690,31038,44228,38202,56809,44263,55341,64059,41799,95058,25519,66688,22382,38754,20162,33527,17288,26298,7676,18321,411,3161,0,0,0,0,0,0,20251003
202509,경부선,영등포,4594,77,14916,7803,17443,25635,43409,66194,63599,137407,40277,94064,41096,72826,48589,83088,55669,87336,59530,88420,63641,77187,88818,77020,102358,80061,125226,91715,164743,109361,96030,68028,93584,40946,71449,33476,54610,27336,23170,15334,857,4107,0,0,0,0,0,0,20251003
202509,경부선,오산,562,4,7724,2558,18145,11058,30237,28896,31540,22514,21635,15241,18890,11991,17879,10588,18494,13866,16177,15218,16309,15232,17576,19685,23787,24047,25764,29607,26330,33900,16567,25845,12211,19178,9307,14845,4969,10422,2060,8800,132,774,0,0,0,0,0,0,20251003
202509,경부선,오산대,193,2,3115,1170,8737,2924,15197,4564,12504,11642,7110,4518,5653,4063,4963,3564,5083,3649,5783,4685,5179,4619,6189,4331,8081,6982,8555,9888,9413,13438,4115,11563,3461,6220,3186,5810,2066,4268,1013,2843,98,282,0,0,0,0,0,0,20251003
202509,경부선,용산,506,17,4626,6187,6754,38587,24997,90464,35553,153549,47803,118676,32920,91734,55287,81513,55752,89006,70170,90498,58717,85616,101764,88619,118829,95489,139310,106041,169342,106234,118499,68311,114691,43171,122740,29997,83733,17171,31276,7264,1142,2181,0,0,0,0,0,0,20251003
202509,경부선,의왕,181,0,6999,2897,14382,9203,29926,36054,29538,31568,14599,11851,11126,7296,10264,6882,11253,7700,10088,8500,9686,8082,11858,10703,16908,13826,31355,18903,25627,28286,12408,20887,9605,13022,6307,11816,3928,9734,1673,6572,130,1206,0,0,0,0,0,0,20251003
202509,경부선,직산,55,3,889,421,1810,1626,2915,3641,2686,3772,2005,1435,1564,994,1539,1042,1417,1177,1287,1237,1346,1234,1711,1287,1771,1727,4068,2276,3595,2259,1228,2237,1001,1484,683,1370,302,1131,152,972,21,187,0,0,0,0,0,0,20251003
202509,경부선,진위,38,0,1037,404,1720,3122,3418,9619,3029,8539,2091,2759,1700,2256,1635,1168,1776,1001,1928,1238,1733,1249,4171,1581,4605,1794,8205,2431,7719,2792,3220,2365,1830,1631,1043,1401,581,1021,275,938,10,59,0,0,0,0,0,0,20251003
202509,경부선,천안,1511,2,3151,944,6881,3899,12945,7652,11990,16725,13738,14304,11554,11911,13372,13266,12290,13686,14135,12788,18318,12443,20658,13743,22645,14535,20013,20380,17962,18049,10940,11957,8877,9233,6428,7043,4023,5242,2305,3388,20,2395,0,0,0,0,0,0,20251003
202509,경부선,평택,250,6,8766,3414,14733,10286,29526,17507,33791,26483,27722,23124,23915,18017,22491,21030,22506,21924,23386,22285,22592,24841,25296,27613,29034,36166,32604,39757,29123,39074,20945,24388,20302,21587,14391,15818,11949,12237,6773,6930,89,2326,0,0,0,0,0,0,20251003
202509,경부선,평택지제,33,0,2692,3365,5715,7951,13510,12445,12424,7661,7603,5228,6126,3664,5515,4231,6275,4517,4899,4227,4958,4633,7119,6392,7872,8206,13243,9775,9771,11084,7224,9069,5312,6640,4075,6071,4633,5136,2643,3482,32,340,0,0,0,0,0,0,20251003
202509,경부선,화서,476,40,10318,1233,27452,4315,52256,6943,39509,14495,17625,11588,13463,11736,12276,15304,12454,16852,12397,18920,13853,17423,16734,18901,20208,22545,21292,30789,19878,50266,15339,34443,12753,19709,11518,14625,10376,13081,1981,8310,100,1565,0,0,0,0,0,0,20251003
202509,경원선,가능,584,6,9120,1749,12285,3939,25994,7621,22549,15013,13845,8719,12458,6574,11538,8080,11840,8382,9717,9002,8823,7819,9940,10730,10638,12203,13223,15933,9103,20684,5483,19325,4557,12951,3580,8844,2518,8505,991,5068,206,2208,0,0,0,0,0,0,20251003
202509,경원선,광운대,2593,9,7341,1272,15851,3148,34590,7049,30776,21780,17042,11917,12814,12329,12939,16969,12997,11171,14795,13472,14992,12784,15770,13259,17694,16355,18410,19444,14724,28859,8314,22105,7670,14431,7205,12454,5713,12210,2847,9512,193,5009,0,7,0,0,0,0,20251003
202509,경원선,녹양,599,0,5680,1062,8507,2473,17403,5870,15494,9160,9865,4760,8514,4114,7721,4926,7772,5233,6774,5701,5888,5049,6913,6901,7462,8177,8185,10817,7680,13988,3486,13222,2849,8865,2302,6571,1271,6353,568,3949,75,1432,0,0,0,0,0,0,20251003
202509,경원선,녹천,1739,36,4477,903,8820,1740,22127,5145,19876,5171,10550,3263,8160,3416,7358,3206,7668,4137,5817,4234,4961,5001,5424,6310,6947,7866,5852,9845,4707,15964,2898,12044,2127,7469,1804,6742,1498,6544,452,3486,37,844,0,0,0,0,0,0,20251003
202509,경원선,덕계,50,0,7122,603,18084,3504,32269,4711,31081,7690,14138,5206,10965,3446,8755,4123,8232,5278,7984,5955,6436,6165,6711,9557,8066,12583,8084,17652,7561,25136,4470,20853,3295,13703,2673,11589,2139,8438,1194,6500,218,2464,0,0,0,0,0,0,20251003
202509,경원선,덕정,23,0,5808,1141,11871,5501,23104,10109,22698,24352,12933,14220,11114,8053,10596,6664,10698,7994,12741,7981,10562,8611,14127,9476,15699,10287,15828,14776,14792,18479,5308,15581,3687,9800,2714,9524,2054,7039,1183,4896,246,2389,1,0,0,0,0,0,20251003
202509,경원선,도봉,444,7,7156,1124,10697,3500,21124,4897,19624,11797,14305,9126,12398,7661,11259,7146,10413,9090,10282,8972,9727,9268,9873,10914,9655,13286,9752,15124,11022,17199,4541,14378,3189,9167,2294,7532,1767,7019,828,4232,181,1407,0,0,0,0,0,0,20251003
202509,경원선,도봉산,440,5,7103,1119,10341,3038,23255,5251,23098,8084,15815,11961,13150,12264,12885,12557,14364,12980,16616,10973,17255,9449,18518,10060,18297,10509,16738,10367,13703,10531,8349,9144,4957,5504,3304,4960,2157,4405,1115,2781,195,1204,0,0,0,0,0,0,20251003
202509,경원선,동두천,31,1,1146,617,2668,2175,4502,5103,5221,7001,4279,7412,3572,3192,3860,2720,4231,4103,4414,4179,4059,3056,6608,2686,7187,2811,5158,3813,4309,3954,1832,2840,1164,2691,649,2330,528,1768,335,1773,32,713,2,0,0,0,0,0,20251003
202509,경원선,동두천중앙,46,1,2907,641,5062,1725,8955,4611,8742,11286,6018,4194,6257,4786,5339,4913,6651,4672,5629,4675,5190,5613,5840,5071,6635,5587,6688,6568,6493,7290,3007,5282,2332,4572,1789,3069,929,2967,466,2217,26,1335,0,0,0,0,0,0,20251003
202509,경원선,망월사,649,14,8297,1106,13961,3889,30420,6569,27521,25903,19773,17692,16035,10656,16280,19427,17267,14352,17969,13211,18205,15642,16913,14014,18387,17734,22421,21817,12914,26994,7882,23917,6139,14490,5060,12696,3921,11159,1893,6865,340,3748,0,0,0,0,0,0,20251003
202509,경원선,방학,687,11,12408,1775,16636,5853,36303,10522,32732,22697,22186,12879,17771,12672,17695,11537,19130,13256,16254,14167,14748,15966,15562,18747,16027,22268,17199,25364,19082,32289,10675,26465,7527,16773,6467,13459,4174,11808,2183,7110,346,2225,0,0,0,0,0,0,20251003
202509,경원선,보산,59,0,1680,475,2063,1507,3980,2482,3864,3651,3362,1518,3187,1652,2929,1793,2758,1579,2334,1951,2590,2406,2932,2601,4782,2991,4863,3559,2754,4306,1697,4225,1485,3497,865,2124,486,1378,214,1473,10,685,0,0,0,0,0,0,20251003
202509,경원선,서빙고,98,2,1034,826,2462,5193,3754,4437,4226,10064,3799,4368,3387,3536,2903,2698,3645,2836,3956,3950,4001,2994,4550,4172,7796,3834,9452,3697,7532,5094,3278,4167,3089,2273,3715,2065,1957,1498,473,914,25,261,0,0,0,0,0,0,20251003
202509,경원선,석계,1816,19,6076,2441,11836,6490,23393,5862,24452,8976,16864,7613,14136,7302,13001,9460,13116,9467,12625,10783,11293,11177,11580,16020,13183,19770,14673,24368,11027,36136,8198,23964,6534,16452,6023,14375,5014,12917,2573,7819,127,1882,0,0,0,0,0,0,20251003
202509,경원선,소요산,186,1,544,604,647,1119,1835,1369,2602,2683,2303,3808,2786,6812,3631,8652,4642,8242,7128,7196,8267,6106,9499,4417,7890,3083,5234,2346,3240,2001,860,1387,689,1047,252,736,131,652,157,461,3,372,0,0,0,0,0,0,20251003
202509,경원선,신이문,1693,13,9001,1031,15640,3115,38364,4436,41639,8569,23251,5839,15417,6415,13489,7540,12618,8802,11788,9732,10035,10012,10426,15428,10608,18420,10144,22560,9209,33483,5780,23522,4141,16681,3033,14329,2147,13732,1069,8441,75,2019,0,0,0,0,0,0,20251003
202509,경원선,양주,2185,8,6539,1679,12123,6435,32805,12782,24981,11422,19366,9556,15847,7925,14669,8738,13921,10492,13037,10472,11733,10614,11819,13064,12892,13499,13688,20235,13295,22442,6618,22410,3786,14761,2774,10466,1861,10197,764,5872,121,2528,0,0,0,0,0,0,20251003
202509,경원선,연천,5,0,322,9,874,768,1449,1069,3669,3262,2883,2349,1691,3635,1888,4071,2890,3695,3718,3296,4079,2872,4432,2135,3937,1848,2843,1955,2021,2062,893,1728,512,821,215,635,119,451,74,425,0,267,0,0,0,0,0,0,20251003
202509,경원선,옥수,0,0,0,32,0,73,36,20,81,315,30,15,32,199,24,178,21,103,30,30,28,20,20,50,532,72,421,52,58,44,364,17,42,18,55,18,20,11,15,0,0,0,0,0,0,0,0,0,20251003
202509,경원선,왕십리(성동구청),1165,15,6377,1706,10123,6641,30458,14975,45889,24286,29508,23621,18719,21286,20179,23297,25332,25732,27009,25827,28458,26322,33227,29667,38925,35585,42465,49821,38404,68856,30086,48474,29757,29975,30972,25106,27822,23701,11904,11473,1309,3948,0,1,0,0,0,0,20251003
202509,경원선,외대앞,530,24,5070,2489,11331,9996,30632,7764,32738,31836,18773,15777,14677,20748,15759,22076,16995,16637,18062,14154,20258,17685,23875,15973,28973,18663,34814,24060,23545,34937,15050,25797,12753,17394,13054,17132,10112,17653,5027,12676,369,2979,0,0,0,0,0,0,20251003
202509,경원선,월계,1178,6,5515,1382,10473,2797,26943,6810,25153,17003,15542,16548,12254,9169,12399,7662,12920,8924,12460,12364,11660,9193,13914,10556,17917,13127,14752,15367,11437,24404,5873,16796,4673,11023,4185,9453,3763,8940,1331,5193,92,1167,0,1,0,0,0,0,20251003
202509,경원선,응봉,182,4,1459,244,3163,1144,7808,1573,7522,2422,5010,1975,3629,1784,3128,1648,3029,2150,2609,2210,2577,2806,2975,2961,3125,4020,3081,4909,3015,5921,1859,4775,1402,3133,1080,2525,707,2036,329,1218,38,428,0,0,0,0,0,0,20251003
202509,경원선,의정부,3688,16,11398,2577,31851,8493,53536,13481,52389,38485,31678,38434,26612,28584,29284,31067,31198,33374,32083,37433,33588,32787,37427,33378,39308,38335,43735,47594,43339,58474,26679,51918,25908,32123,17127,25661,13506,23750,7231,16370,1129,8925,0,0,0,0,0,0,20251003
202509,경원선,이촌(국립중앙박물관),77,1,1307,523,3895,3262,10226,5461,11633,9271,8903,5471,7211,4494,6977,4569,6655,4666,6852,5547,6596,5550,7914,6503,9462,7320,10507,8680,10395,11629,5869,8448,10026,5227,11420,4177,5160,3902,1368,2247,77,693,0,0,0,0,0,0,20251003
202509,경원선,전곡,9,0,612,14,1700,814,3243,868,4751,2394,3186,1430,2642,1624,2379,1917,2499,2183,2449,1984,2142,2097,2170,1903,2637,2529,2472,2993,1975,3445,1252,3184,1069,1720,663,1351,393,1172,271,955,17,698,0,0,0,0,0,0,20251003
202509,경원선,지행,103,1,5513,952,11791,2976,22006,6253,24215,13871,15302,6832,13354,7252,11276,6946,10916,7848,10451,8397,9691,11546,10188,12992,10726,15244,11837,20595,10897,21563,7480,17484,5788,14492,5105,10383,3249,8805,1976,6082,256,3886,0,0,0,0,0,0,20251003
202509,경원선,창동,0,0,0,0,0,0,2,0,4,0,6,0,7,0,13,0,7,0,11,0,11,0,4,0,4,0,7,0,10,0,3,0,2,0,2,0,1,0,0,0,0,0,0,0,0,0,0,0,20251003
202509,경원선,청량리(서울시립대입구),1573,11,5503,2066,8852,14968,31679,17827,44749,24325,31165,35468,35375,31465,29674,38472,31304,32779,32753,32396,34159,37930,37007,36562,39447,41594,37426,41725,38438,54701,30349,37310,26384,21768,18033,19662,10008,14227,6014,6892,253,3237,0,0,0,0,0,0,20251003
202509,경원선,청산,0,0,145,3,243,244,658,207,607,307,275,247,284,212,276,278,302,250,325,247,306,222,278,233,367,274,363,289,375,319,136,397,91,152,37,111,12,76,14,111,2,60,0,0,0,0,0,0,20251003
202509,경원선,한남,175,2,865,769,1677,5295,2864,12349,3168,15260,3247,12897,3683,7010,4664,4951,5359,5379,4364,5390,6028,4160,7455,4475,9230,5191,15569,5934,13865,6613,7962,4396,5755,2525,5584,2226,4778,1401,1762,858,131,328,0,0,0,0,0,0,20251003
202509,경원선,회룡,1950,32,15917,2663,31754,6881,62320,10021,53286,14996,34333,12739,28202,11708,24785,15332,24370,16966,20869,18372,17834,20158,16998,24107,17487,30468,16152,38598,13318,47179,8618,45423,6230,26725,5653,20596,3350,17458,1480,10577,260,5022,0,0,0,0,0,0,20251003
202509,경의선,가좌,24,0,3382,403,8819,3687,25912,4851,28567,11711,14510,9292,9750,7019,9180,6178,9084,7580,8033,8253,8024,8142,9184,8730,10109,12721,10990,17612,10844,22299,6222,17879,4235,10458,3657,7834,3076,6162,1092,4941,21,530,0,0,0,0,0,0,20251003
202509,경의선,강매,0,0,2555,298,7935,960,20957,1465,18757,4008,9215,1289,6149,1453,4564,1376,4214,1765,3591,2341,2904,2810,2810,3911,3193,5266,3193,7888,3613,12443,1235,11132,845,6725,781,6331,501,5685,247,3283,3,959,0,0,0,0,0,0,20251003
202509,경의선,검암,0,0,0,0,0,0,1,0,0,0,1,0,0,0,0,0,0,0,1,0,0,0,0,0,0,0,0,0,0,0,1,0,0,0,0,0,1,0,0,0,0,0,0,0,0,0,0,0,20251003
202509,경의선,계양,0,0,0,0,0,0,0,0,0,0,0,0,0,0,0,0,0,0,0,0,0,0,0,0,0,0,0,0,0,0,1,0,0,0,0,0,0,0,0,0,0,0,0,0,0,0,0,0,20251003
202509,경의선,곡산,48,0,375,175,1009,813,1670,2020,1358,2878,1193,1027,1008,855,912,744,838,853,853,860,1023,789,1131,898,1237,1077,1870,1398,2236,1941,639,1102,522,637,452,726,239,546,97,360,8,79,3,3,0,0,0,0,20251003
202509,경의선,공덕,16,0,758,89,1782,2355,5210,8620,6442,20860,5480,9564,6090,3925,5879,3721,5872,4227,5960,4045,5889,4007,6019,4519,8115,5067,12883,7149,19591,7893,9219,5103,7807,4165,8430,3848,5878,3074,2546,1895,181,235,0,0,0,0,0,0,20251003
202509,경의선,금릉,141,0,3559,303,10693,2529,19450,5907,16019,10752,10248,5556,8204,4387,7634,4283,7008,5116,7105,6288,6141,6686,6944,7555,7849,10038,10066,12845,10204,14756,4978,15265,4004,8799,3102,7599,2218,7097,496,5215,53,1402,0,0,0,0,0,0,20251003
202509,경의선,금촌,179,0,3956,379,9938,4443,20319,10089,19601,16510,13089,9230,10617,8221,11261,7494,11985,9541,10903,9038,10216,8708,10739,10475,13152,13531,14599,15795,15936,17670,7502,15252,5385,10828,3732,8499,2520,7814,573,5445,109,1658,0,0,0,0,0,0,20251003
202509,경의선,능곡,170,0,4366,747,9576,2060,23178,3526,19695,8364,11115,5015,8037,4472,7114,4944,6827,5052,6470,5131,5839,5793,6040,6783,6835,8761,7548,12279,6827,16642,3988,13237,3169,8156,2491,7920,1394,7166,657,4173,54,2012,0,0,0,0,0,0,20251003
202509,경의선,디지털미디어시티,3,0,1416,536,3497,1922,9895,2486,11274,4754,6416,4056,4708,2616,3844,2660,4167,2928,3764,3491,3875,3387,4013,3696,5276,4981,5545,8417,5670,10640,3165,7974,2244,5143,1983,4591,1521,3848,751,2576,36,324,0,0,0,0,0,0,20251003
202509,경의선,문산,1467,3,2947,39,8634,2720,17668,8863,18750,15233,12977,6430,9486,7159,9426,7755,10752,7703,10107,8979,10022,6302,9898,10525,11322,11740,13606,11822,12091,14694,5826,16274,4423,9831,3215,7352,1987,7238,135,5666,0,2564,0,0,0,0,0,0,20251003
202509,경의선,백마,369,1,5942,687,18693,4656,39759,7341,29387,11771,17105,6527,12158,5164,11089,5046,10978,5596,9564,7837,8259,8478,9188,9961,11153,12975,11859,17842,11091,32308,5275,27540,3936,15433,3350,14967,2898,13223,740,8270,105,1645,0,0,0,0,0,0,20251003
202509,경의선,서강대,6,0,538,125,1722,1821,3028,3024,4341,10835,3466,6385,3107,5351,2797,3565,3503,3561,4047,4140,3730,3507,4230,3953,5870,4089,7738,4880,7324,5614,4374,3621,3960,2815,4247,2467,3638,2436,1483,1289,15,166,0,0,0,0,0,0,20251003
202509,경의선,서울역,4,0,530,18,1033,8264,3108,22422,3421,32350,2056,17124,1557,6597,1755,4710,2332,4239,3273,5816,3734,2616,5511,2537,8173,3345,15147,4469,23212,5440,9450,2578,5461,1702,4807,1430,787,143,1744,790,4,105,0,0,0,0,0,0,20251003
202509,경의선,수색,7,1,1783,358,4413,2728,9161,6474,11080,17126,6442,7816,4136,3575,3743,3177,3980,3018,3376,4003,3775,3417,3935,3731,5318,4836,9688,8440,12526,7548,5083,7298,3139,4762,2394,3986,1986,3035,687,2355,21,411,1,0,0,0,0,0,20251003
202509,경의선,신촌,0,0,284,2,289,1384,734,5765,570,8250,863,5681,723,2287,780,1159,996,1557,1038,2195,1143,1093,1846,789,2652,979,5647,1740,6071,2177,2389,913,1265,732,1444,389,972,169,503,325,0,78,0,0,0,0,0,0,20251003
202509,경의선,야당,159,0,6040,433,16826,2691,32731,5211,28385,9404,15806,7914,11363,6288,10647,7073,11113,8260,9933,8688,8933,11818,9595,12253,10854,19363,12115,25239,10289,35079,8317,27816,8497,13907,8757,14172,8432,10811,3860,7779,718,2133,0,0,0,0,0,0,20251003
202509,경의선,운정,80,3,4679,565,17895,5243,29927,7434,30261,11460,15244,7203,10859,5109,9688,5942,9483,6860,8418,6088,7620,9082,8546,9148,10393,15914,12664,18149,11245,23833,5794,19109,4253,11707,3411,10761,2838,8386,863,5932,105,1328,0,0,0,0,0,0,20251003
202509,경의선,운천,0,0,0,0,0,0,0,0,0,0,80,14,13,8,3,0,0,0,0,0,2,1,12,11,25,0,40,59,0,0,0,0,0,0,0,0,0,0,0,0,0,0,0,0,0,0,0,0,20251003
202509,경의선,월롱,89,1,553,51,973,2918,2089,8822,2128,11215,1840,5209,1695,2476,2025,2095,2920,2437,3293,1746,2642,1283,4763,1781,7455,1772,11428,2737,10489,2548,3732,2149,2916,2130,2278,2276,945,1834,78,1480,3,635,0,0,0,0,0,0,20251003
202509,경의선,일산,1283,3,9298,894,28759,4079,55236,8947,39772,19276,24200,9928,17924,8476,17446,9825,16025,12080,14849,14131,13641,14278,14689,16294,19701,19576,15307,29172,13552,41007,7967,40702,6157,19957,4567,20726,4715,17268,1220,9900,172,3634,0,0,0,0,0,0,20251003
202509,경의선,임진강,0,0,0,0,0,0,0,0,0,0,31,384,42,161,4,3,0,0,0,0,3,3,143,190,80,14,429,95,0,0,0,0,0,0,0,0,0,0,0,0,0,0,0,0,0,0,0,0,20251003
202509,경의선,탄현,43,1,7157,507,21457,3210,39768,5739,29158,9754,18214,6078,12556,4838,11288,5279,11222,6665,9843,7142,8591,9641,9073,10509,10455,13795,11019,20746,10400,30665,5469,31050,4298,14227,3562,16107,2803,11057,1012,7919,128,2237,0,0,0,0,0,0,20251003
202509,경의선,파주,196,2,664,14,1573,1015,2618,2825,3250,6390,2061,4235,1997,1884,2088,1422,2708,1509,2252,1470,2269,989,3501,1535,4664,1434,5671,1566,4706,2016,1308,1992,860,1432,771,1200,272,1074,44,829,4,408,0,0,0,0,0,0,20251003
202509,경의선,풍산,585,3,5211,444,12761,2799,27925,4768,22853,8552,15005,6744,11107,6013,10169,7654,9626,7188,9328,8419,8934,7193,9455,9238,10336,12083,10909,16628,9505,24038,5344,17465,4578,14229,4620,11159,2612,9994,1041,6360,58,1683,0,0,0,0,0,0,20251003
202509,경의선,한국항공대,1,0,728,644,1604,1522,4597,2401,4754,12839,3955,12336,3734,11043,4918,5036,4440,5712,4886,6398,8544,5858,7166,3298,13356,3717,11135,4258,10003,4379,5346,3419,3371,2746,3117,2337,2238,2847,1432,2078,92,590,0,0,0,0,0,0,20251003
202509,경의선,행신,3,1,4563,1573,15356,4252,39835,5980,33153,10885,17247,6800,12528,6131,10882,6787,10957,7726,8904,8756,8450,8792,7729,11001,10006,16127,13696,21763,10793,38956,6366,27599,6657,14859,6026,13541,5044,11842,2709,6742,62,2284,0,0,0,0,0,0,20251003
202509,경의선,홍대입구,2,2,369,106,820,532,1431,2242,1908,7323,1593,6420,1440,4880,1649,4440,2173,5910,2833,5268,3524,5801,4301,5313,5136,5810,7475,6444,7701,7203,6089,4707,5725,3342,6244,2634,6352,2608,2565,1259,35,191,0,0,0,0,0,0,20251003
202509,경의선,효창공원앞,5,0,793,366,2331,3055,6299,6472,9467,19923,6148,10600,4153,5229,3857,4229,4392,4311,4642,4628,4634,4356,5371,4615,7454,5286,10161,7016,15260,9941,6035,7023,4079,4960,3548,4627,2678,4112,1120,2737,38,304,0,0,0,0,0,0,20251003
202509,경인선,간석,541,3,6655,1081,12028,2598,23980,4713,21710,9934,12223,5181,10101,5566,9492,5656,9964,6325,8806,7695,8045,7885,8433,8623,8868,12841,8870,14825,9475,20181,5062,18119,3878,10834,3155,8871,2359,7545,1150,5467,158,2023,0,0,0,0,0,0,20251003
202509,경인선,개봉,1607,13,19741,5644,43920,12159,105386,15835,97803,25377,56194,23267,39010,18419,34333,20956,34039,26414,30943,27462,27305,28741,29260,38574,30990,50154,34715,67273,31565,101152,19458,70030,15864,44797,13125,40202,9959,33520,3500,18277,50,1694,0,0,0,0,0,0,20251003
202509,경인선,구일,401,12,4841,2483,11676,8107,28643,9523,25434,14622,14548,14734,10867,7368,10163,6955,10580,10312,8883,14215,9522,9670,12761,12983,18506,17929,17510,29840,13559,38519,7329,21705,6633,11574,23515,10984,10899,8756,1483,5900,31,501,0,0,0,0,0,0,20251003
202509,경인선,도원,805,28,2197,2684,3690,4130,8055,7090,7950,21390,4929,3750,4582,4403,4819,3706,5230,4429,5415,5818,5099,4734,9429,4664,13480,5828,10982,6844,8051,8229,3088,6399,2355,4203,3938,3270,1033,2703,341,2250,17,1190,0,0,0,0,0,0,20251003
202509,경인선,도화,596,4,4927,515,8100,1942,17202,4813,13914,8627,9059,5265,7727,4305,7471,4521,7379,5510,7035,5639,6577,5850,6888,6895,7719,9435,6982,10409,7306,11610,3340,11018,2647,6672,2199,5227,1486,4473,664,3593,41,1607,0,0,0,0,0,0,20251003
202509,경인선,동암,924,19,23106,3189,30146,6678,61492,13391,57683,17539,34373,14708,26136,14598,24019,16628,25221,18154,23322,19226,20465,20048,20182,24694,21987,33202,23590,46192,21604,56743,13680,49860,10923,32850,9233,29307,6857,24470,3663,14432,380,4392,0,0,0,0,0,0,20251003
202509,경인선,동인천,1832,13,7726,2404,18669,11245,43844,23248,34055,31338,22273,17050,19733,17464,20453,19387,22226,19403,21998,21331,21910,20687,27886,21972,30754,25102,36534,27735,36048,34928,17249,34112,12303,18976,10630,16344,5879,14007,2203,8855,14,3087,0,0,0,0,0,0,20251003
202509,경인선,백운,238,23,9422,1423,16461,2189,31149,4572,29080,10558,16746,7039,12800,5987,12014,7323,12030,7995,10520,8532,9378,9694,9275,11834,10317,14852,10562,19791,8683,26978,4726,23940,3542,13586,3745,12781,2274,10001,1168,5854,118,2219,0,0,0,0,0,0,20251003
202509,경인선,부개,2421,5,11316,1536,18248,3092,43521,6224,34883,11725,20090,6815,15194,6725,13066,7974,13281,9364,12363,9689,10446,11477,10521,13819,12158,18087,11448,23479,11402,31248,5814,26346,4491,15963,3480,14651,2250,11403,1278,7845,146,2007,0,0,0,0,0,0,20251003
202509,경인선,부천,4496,34,40286,4855,45154,12156,101354,19987,103298,51154,64696,49255,49069,41843,50587,40862,52200,50885,50055,52790,49171,49476,54758,57439,60164,64600,58789,90564,57785,110947,37091,87627,29457,54931,25238,49659,19645,41540,8999,26939,690,5370,0,0,0,0,0,0,20251003
202509,경인선,부평,11889,66,24235,4018,39268,10377,94657,20428,82832,35691,49949,39217,39848,35861,41347,40500,44093,45455,43781,52644,44066,53503,49722,55517,53842,67711,57534,90649,54463,116911,39970,93555,36892,53887,34147,46418,27524,36880,14029,23496,2063,7399,2,3,0,0,0,0,20251003
202509,경인선,소사,1474,17,13583,2755,14820,5172,31458,7387,28401,10599,18400,9358,14349,8716,12651,8291,13641,10149,12665,10984,11279,10334,12044,12497,13695,15236,13360,19958,10989,26615,6779,21349,4843,13853,3794,12786,2285,11492,1078,6940,77,1973,0,0,0,0,0,0,20251003
202509,경인선,송내,1894,8,17610,7995,42758,15977,110620,30535,89136,77595,54385,40503,37690,24063,36828,22193,36489,26171,33288,26979,29390,28163,33173,33201,38445,42944,49171,64271,73489,94564,28299,79602,21845,48350,17219,41128,13317,34678,6051,21834,560,3666,0,0,0,0,0,0,20251003
202509,경인선,역곡,1328,19,30462,3064,48499,8661,117419,14736,112362,39823,64028,37758,42449,24010,37547,26680,39163,30613,38083,33674,32467,32393,34526,39260,40781,56243,45993,74715,38049,115467,22761,86307,17993,50353,14950,49100,11695,40670,5235,25443,313,3705,0,0,0,0,0,0,20251003
202509,경인선,오류동,692,3,13159,1719,20800,4014,52905,5502,51213,11848,31125,11522,22431,9721,19704,9513,19785,12664,17950,14544,15114,13960,15521,18653,16168,22211,14980,28112,13559,45591,8408,37257,6260,23654,5187,21723,3475,18681,1576,12014,46,1582,0,0,0,0,0,0,20251003
202509,경인선,온수(성공회대입구),445,8,6209,1576,9217,3595,24252,10034,21415,14092,14741,8519,10910,6187,10741,6806,11699,7984,10166,8359,9932,8542,11819,9933,14305,11585,13099,14754,11083,22659,5347,16201,4216,10869,4352,9750,2607,8866,1413,5109,123,911,0,0,0,0,0,0,20251003
202509,경인선,인천,466,3,1558,987,3501,3788,5960,7797,5124,11023,4188,7227,4687,8081,5267,9310,6534,9739,7742,8835,10152,8260,12023,6827,14463,6230,15342,5702,14023,5070,7358,3783,5923,2662,4268,2181,2494,1859,680,1282,7,896,0,0,0,0,0,0,20251003
202509,경인선,제물포,1243,19,8983,1703,19675,5450,42126,16363,34096,38137,20784,19669,17025,10991,16816,9902,17696,13942,15931,13555,15203,12884,21343,14612,25813,19528,24469,25138,24458,33954,10280,30039,8205,17043,7180,15709,4374,14979,1580,9580,64,3011,0,0,0,0,0,0,20251003
202509,경인선,주안,1459,35,15442,3185,30992,7735,63393,18594,55377,30585,36274,25979,28050,18876,28301,18566,31545,21414,29356,21287,26869,22235,30957,24015,33223,33016,39655,41731,36340,55727,21882,54916,18714,31558,16986,28530,12535,24803,6353,17311,609,5657,0,0,0,0,0,0,20251003
202509,경인선,중동,1326,30,11190,1632,19228,4490,45924,6016,35435,11944,21766,8585,15767,8509,14335,8993,14895,10172,13179,11415,12264,11787,11970,14476,12412,17882,13673,25055,11556,33352,6746,27563,5078,16956,4031,14259,2816,12874,1094,7993,130,1752,0,0,0,0,0,0,20251003
202509,경춘선,가평,3,1,1021,199,2073,1582,4287,3232,4717,5490,4129,4531,3569,4124,4388,4591,3714,4287,3660,4072,4280,3845,5036,4362,5648,3352,6310,3947,4761,3700,2440,4180,1974,2725,1753,1936,561,1916,285,1455,20,450,0,0,0,0,0,0,20251003
202509,경춘선,갈매,4,0,2156,522,4600,963,15882,2994,10303,5987,6653,2474,4033,2900,3183,1866,3514,2266,3472,2900,3058,2401,3186,3937,3756,3895,4061,6409,5803,10725,2187,9380,1590,3987,2095,3038,1561,3545,639,1605,25,445,0,0,0,0,0,0,20251003
202509,경춘선,강촌,7,0,122,62,356,195,523,424,645,2006,648,2133,594,1377,1021,1984,1002,1067,1706,891,1558,1032,1768,672,2076,872,1390,684,847,646,524,510,324,442,216,357,107,363,27,217,4,52,0,0,0,0,0,0,20251003
202509,경춘선,굴봉산,8,1,53,7,99,93,151,179,291,294,195,312,207,394,238,341,290,247,398,233,384,246,392,244,361,192,210,216,151,162,78,80,54,92,39,63,14,61,3,67,0,11,0,0,0,0,0,0,20251003
202509,경춘선,금곡,72,1,2277,361,2633,1080,6254,3228,5577,6297,4154,2677,2972,1957,3146,1502,2955,2362,2834,2005,2134,2380,3005,2443,2829,2579,3724,4158,3775,4956,1438,4332,919,2102,670,2135,365,1971,203,1086,9,312,0,0,0,0,0,0,20251003
202509,경춘선,김유정,23,1,160,16,283,155,679,606,673,1081,559,851,643,1075,631,1307,800,1416,870,909,1047,862,1477,760,1226,841,1241,651,1099,731,332,603,242,435,142,264,44,222,22,126,2,82,0,0,0,0,0,0,20251003
202509,경춘선,남춘천,663,8,2032,33,4249,1140,5129,1878,6661,6046,6083,6984,5857,4755,5826,8138,5911,7596,7530,6276,7314,4778,8561,5833,8015,6143,7186,5355,5628,7850,4342,8553,3160,4594,2764,4220,1948,5138,656,2946,21,2382,0,0,0,0,0,0,20251003
202509,경춘선,대성리,1,0,1175,153,2666,596,1684,1020,1682,1305,2078,832,2474,1341,2067,1111,1055,1051,1117,1811,1167,4303,1386,2284,1494,2713,1557,2174,973,1345,635,1381,328,686,252,513,259,410,143,372,5,7,0,0,0,0,0,0,20251003
202509,경춘선,마석,34,4,1583,609,9663,2988,18233,6685,14852,7212,9575,6084,8462,4500,6991,4949,7294,5081,6394,6333,6144,6418,6542,7329,7058,7373,7213,11540,7260,13798,3396,10658,2707,7766,2037,5595,1556,5293,604,2159,47,934,0,0,0,0,0,0,20251003
202509,경춘선,백양리,0,0,14,3,60,146,76,511,157,263,161,139,163,234,233,263,219,227,236,169,268,205,314,171,324,133,402,113,179,133,67,99,42,99,79,35,27,29,21,28,3,6,0,0,0,0,0,0,20251003
202509,경춘선,별내,57,1,1308,555,2910,1704,9407,4946,8211,6918,5464,3922,3942,3724,3541,2814,4038,2624,4089,3201,3761,2904,4158,4153,5051,3734,6023,5864,6482,8868,3457,6202,2402,3046,2109,2078,1861,2319,933,1328,54,332,0,0,0,0,0,0,20251003
202509,경춘선,사릉,144,10,1999,899,4298,1744,10350,4956,8032,4369,5248,2503,3596,2145,3209,2266,3137,2350,3162,1988,2419,2578,2675,2921,3036,3075,4252,5659,4897,8112,2081,7291,1375,3392,1054,2577,524,2539,299,1603,12,427,0,0,0,0,0,0,20251003
202509,경춘선,상천,0,0,203,67,259,335,663,566,645,976,634,866,674,894,673,695,728,677,820,574,958,542,889,576,1020,615,671,357,395,505,207,340,114,204,65,179,40,101,34,126,3,28,0,0,0,0,0,0,20251003
202509,경춘선,신내,39,1,1593,681,5318,2803,14693,7149,11138,10179,5335,2743,4050,2317,3466,2501,3682,2532,3398,3270,3314,2729,4158,4639,4925,3701,6004,6830,7441,10234,3034,7290,1770,3709,1515,3060,1259,2938,719,2039,73,731,0,0,0,0,0,0,20251003
202509,경춘선,천마산,27,1,1196,273,3979,777,8146,1875,8129,1936,4889,1544,3634,1344,2608,1796,2515,1721,2278,2123,2150,2310,1808,3025,1928,2879,1869,4547,1812,4291,867,6210,515,2639,467,2689,288,1697,126,1227,3,310,0,0,0,0,0,0,20251003
202509,경춘선,청평,11,1,950,291,2927,1168,4815,2419,5321,4100,4238,3911,3968,3526,4167,2306,3609,3503,3567,3041,3666,2814,3904,3795,3748,4438,4270,4677,3372,4249,1632,4213,1188,2086,744,1926,558,1655,144,1217,12,290,0,0,0,0,0,0,20251003
202509,경춘선,춘천,321,8,738,18,1666,486,2025,1189,2763,5449,2836,5961,2358,4253,2953,4141,3091,3315,4477,3336,4714,2406,6426,2883,7062,2224,5771,2234,4108,2673,2528,2803,1614,1527,1092,1896,631,1363,203,1274,2,794,1,0,0,0,0,0,20251003
202509,경춘선,퇴계원,102,1,3210,705,6425,2015,17993,3545,13727,5068,9298,3196,6664,3458,5359,2971,6368,2955,5098,4034,3518,4081,4117,5559,4234,6682,5163,9041,5673,12762,2264,10717,1823,5583,1451,4188,961,4855,577,2453,17,754,0,0,0,0,0,0,20251003
202509,경춘선,평내호평,834,3,6234,835,15024,2285,30802,5358,27505,11404,14311,7502,11262,5444,10271,6168,9933,8401,8617,8179,7822,9974,8410,9545,9323,11853,9249,21550,9593,26970,5610,21567,4375,9438,4085,9281,3718,8073,1619,5495,61,2332,0,1,0,0,0,0,20251003
202509,공항철도 1호선,검암,1726,3,9231,567,15338,2151,35421,7185,23564,16765,12740,5343,9372,3624,9261,3549,9532,4344,7242,4981,6112,5887,6478,7312,7921,10282,8966,14203,12704,26501,4500,23277,3594,14422,2670,12703,2099,13079,1149,9654,171,5098,0,0,0,0,0,0,20251003
202509,공항철도 1호선,계양,44,0,11857,694,29304,2571,54128,4673,38432,6180,27010,5817,18084,4550,15126,5051,13950,5782,12001,8618,10002,10207,9675,13096,10982,19331,10689,24793,8364,45753,5803,38065,3839,25255,3170,22851,2042,22302,1062,12559,234,3950,0,0,0,0,0,0,20251003
202509,공항철도 1호선,공덕,102,0,2166,186,3423,2044,8118,4854,8123,14363,5210,6903,4069,4361,4384,4530,4177,4663,4191,5155,3775,4905,4022,6001,5081,7096,8051,10672,11859,15210,5477,9880,4433,6320,4537,6403,3307,5705,1661,4207,105,1935,0,0,0,0,0,0,20251003
202509,공항철도 1호선,공항화물청사,8,2,504,864,1474,8464,2114,11086,2197,19356,1587,3068,814,1870,702,3174,1010,2931,1253,1401,1627,981,2883,822,4848,1224,10762,1844,13731,1313,3489,1278,2340,1815,2599,911,2580,396,715,244,3,62,0,0,0,0,0,0,20251003
202509,공항철도 1호선,김포공항,18,0,1908,2110,2757,11413,7201,21533,15506,19038,17943,10619,18189,8678,17135,9142,15541,11605,19392,10898,19744,9952,22703,8630,20131,8972,22801,10481,29521,9127,20373,5236,15047,2795,15495,1467,17991,1372,7155,848,217,648,1,63,0,0,0,0,20251003
202509,공항철도 1호선,디지털미디어시티,137,19,4398,927,10133,8186,24667,34589,26853,88124,14645,41509,10882,16819,11780,13198,13247,14803,13939,15060,14321,12384,17501,12723,22842,15435,53535,23769,82791,31185,33523,20452,20845,12202,23670,11019,17076,10406,6320,6321,759,2874,0,11,0,0,0,0,20251003
202509,공항철도 1호선,마곡나루(서울식물원),47,0,3072,1723,6334,16410,16121,52772,18285,93063,9889,42903,7276,17606,9168,11660,11047,12801,10985,14695,12815,11345,18028,9996,33872,12002,85313,18131,71901,23700,31386,14786,21805,9293,17509,8613,16149,8480,3565,5069,587,3024,0,0,0,0,0,0,20251003
202509,공항철도 1호선,서울역,445,0,3617,1938,5534,16672,13678,24611,18705,36140,17955,29998,20166,24138,25124,24316,28768,22869,29207,22549,23126,19311,27953,22271,32140,23339,42650,25146,39818,24960,32014,21780,23429,14010,24534,13575,18160,11543,11282,5105,267,3694,0,0,0,0,0,0,20251003
202509,공항철도 1호선,영종,25,1,4459,257,13360,2075,20156,3433,15581,3717,10369,3105,9144,2914,8825,3999,7733,4333,6480,4099,5898,5830,6046,8707,6621,9372,6720,10168,4533,18188,3031,16503,2602,9972,2368,10295,1513,10450,794,8412,144,2805,0,0,0,0,0,0,20251003
202509,공항철도 1호선,운서,206,9,17414,1047,25090,8025,36821,11802,29967,14161,16893,11144,16711,6578,19894,7499,18623,9939,14174,10756,12346,13593,13813,15318,15694,18148,18319,23970,14139,36719,8523,29266,7190,25126,6921,23823,5467,25010,2565,19019,334,5494,0,0,0,0,0,0,20251003
202509,공항철도 1호선,인천공항1터미널,0,0,10482,10169,13175,19337,18543,37460,19011,36627,15150,27727,14124,26828,17554,31169,24324,38653,27216,29308,30939,25144,38022,22326,34381,22900,35249,25134,37379,20342,23387,20997,24219,14172,27415,11352,30926,7877,12260,8040,183,5219,0,0,0,0,0,0,20251003
202509,공항철도 1호선,인천공항2터미널,0,0,6780,8370,6945,14119,8854,21186,10141,19775,8991,11320,5498,12409,6812,18766,10793,21706,13378,18026,17206,14212,24479,10961,21280,11184,24253,12696,26070,7812,15159,4065,15070,3614,15441,2847,13284,2278,4320,2425,0,2972,0,0,0,0,0,0,20251003
202509,공항철도 1호선,청라국제도시,149,2,7763,278,19383,5988,36607,8231,23416,18332,14094,6222,10413,4770,11249,4333,10453,5724,9028,7183,8462,7994,9204,8739,12132,11498,16135,16096,19603,26867,6047,25353,4186,16378,3316,15181,3436,16411,2129,9030,191,3812,0,0,0,0,0,0,20251003
202509,공항철도 1호선,홍대입구,288,23,5641,613,6698,4784,12401,12110,15033,30050,14048,32127,14609,26950,16853,27985,19194,32872,21291,33092,24324,29250,29903,29023,36379,31576,43411,36106,48875,41930,40400,28552,36865,17038,39797,13845,34703,12766,15530,10615,1428,3634,0,0,0,0,0,0,20251003
202509,과천선,경마공원,6,0,728,458,1212,2341,2019,3465,2540,9418,2486,18721,2757,19705,3277,26550,3486,25377,4533,22912,5766,13300,8507,9105,14979,6282,24778,4828,40476,3688,13918,2410,25218,1375,13110,1044,1417,843,242,565,27,97,0,0,0,0,0,0,20251003
202509,과천선,과천,9,0,2425,251,9355,2321,23832,5947,21899,10461,14370,5740,10463,4795,9500,4729,9652,5466,8800,6228,7995,7159,8831,8616,9879,10059,8773,13040,8356,19040,4491,15565,2984,9817,2029,9823,1802,8606,514,4853,72,1126,1,1,0,0,0,0,20251003
202509,과천선,대공원,1,0,141,473,446,4081,994,5266,1406,15341,1685,19514,2160,16672,3919,9501,7229,7900,7346,7988,9492,6954,15313,4995,13569,3362,14196,2299,12576,1676,5203,1166,3242,709,3923,617,2408,454,209,203,13,37,0,0,0,0,0,0,20251003
202509,과천선,범계,103,7,10940,3361,46510,12504,115084,29060,93695,66860,51579,46679,39401,33286,37337,32036,41547,32627,39145,38721,38256,38649,42030,45389,48713,54227,54875,78394,61900,111095,38304,91218,37946,47829,28849,40757,23964,34378,9521,19585,1014,6026,0,9,0,0,0,0,20251003
202509,과천선,선바위,3,0,859,1487,6334,9852,16814,23576,19470,29439,15094,16101,10875,7867,10258,7902,10874,7458,11046,7720,10697,6912,12617,8170,17040,10135,27804,12375,32252,15193,14272,12143,9190,9210,6956,8254,4007,7449,1279,3817,127,787,0,0,0,0,0,0,20251003
202509,과천선,인덕원,91,7,10550,3376,35206,16558,88805,50043,77813,116984,49054,42537,36887,22641,33742,22304,34415,23743,33810,26042,30911,28098,34153,31680,41438,41018,68444,57889,90018,87975,34045,73893,25645,42834,24556,38998,15000,36056,5739,20267,623,6546,1,13,0,0,0,0,20251003
202509,과천선,정부과천청사,10,1,2271,2198,10339,16712,26408,48161,22760,109297,16117,29647,13060,13622,13931,11628,15284,12778,16355,14289,16017,13976,19712,13901,30320,16098,51829,20964,73589,27930,22124,22496,16322,12381,14621,10817,8083,9261,2262,4942,180,1296,0,2,0,0,0,0,20251003
202509,과천선,평촌,54,14,5644,2718,27401,10330,69805,38253,56992,88094,30406,30795,22844,16442,20850,14522,21304,15442,19918,19032,19469,17490,23836,19161,28056,24532,49718,36684,61182,52588,23614,47581,18331,25582,16943,21050,11522,17973,4315,9917,614,3600,2,4,0,0,0,0,20251003
202509,분당선,가천대,51,3,4964,810,8124,4005,21536,7681,26936,53443,18038,36374,14161,30525,17996,19891,21276,27699,21328,22167,26126,19822,31450,14890,44324,15727,43825,20477,28394,26338,13849,21145,11011,15867,10964,16599,11323,17698,7079,12587,198,1275,0,0,0,0,0,0,20251003
202509,분당선,강남구청,25,0,1526,878,3011,6331,7948,20079,11971,58488,10012,45372,8951,22245,10253,15292,11510,15049,12767,17300,14424,15156,16694,15251,21009,15774,35163,18652,50974,23589,26249,13694,15481,7996,12972,6288,8611,5923,2766,3290,107,604,0,0,0,0,0,0,20251003
202509,분당선,개포동,7,0,1309,632,4687,3787,13794,7492,14980,10240,10318,7181,7981,6091,6605,4565,8695,5392,7131,6247,6943,6640,7824,7456,9758,9052,8726,12178,9088,14581,5258,12051,3941,7259,3626,6662,2972,6092,1035,3423,26,101,0,0,0,0,0,0,20251003
202509,분당선,구룡,3,0,990,475,3523,4811,9947,11369,13660,8500,9990,4271,6846,3211,5852,3019,5730,4302,5689,4916,5198,4693,8389,5390,9932,6552,6820,8750,7239,10734,3788,8616,2512,5262,2493,4958,1441,4350,405,2547,25,96,0,0,0,0,0,0,20251003
202509,분당선,구성,190,2,3021,810,11181,4613,29194,10327,32069,13984,18565,7999,13349,6227,10907,6367,10728,7742,9250,8213,8708,8801,9161,12106,10431,13426,15182,23259,13775,29113,7568,21181,6693,14876,5115,11331,3962,13074,1845,6603,93,616,0,0,0,0,0,0,20251003
202509,분당선,기흥,306,14,6173,753,17220,4960,41776,17694,40399,32192,22271,14435,15358,12701,15042,12368,15160,10208,14960,13548,15618,12458,15273,13836,19428,16060,25792,24855,25519,37362,13749,30584,9750,18861,8214,14375,6172,15214,2139,8275,41,957,0,0,0,0,0,0,20251003
202509,분당선,대모산입구,7,2,2816,705,7913,3727,25995,7148,26269,12350,15896,6228,10408,5058,8957,5227,9209,6500,8576,7382,7401,7436,7642,9927,9927,11468,11297,15406,11096,19502,5864,16502,3909,10161,3109,9533,2024,9207,568,4878,22,266,0,0,0,0,0,0,20251003
202509,분당선,도곡,74,0,1712,1336,5335,7257,13314,18875,18589,26622,14307,20523,11514,9645,11158,9610,11665,9965,12169,10774,12412,11375,15908,12305,17252,13686,23138,16060,23999,18457,12020,14919,8725,9860,6806,8794,5483,7262,1153,3917,63,332,0,0,0,0,0,0,20251003
202509,분당선,망포,89,3,7266,2774,24737,9272,63396,29624,55532,46587,27505,17845,18417,10319,16002,11165,17113,12515,16917,13854,14296,13614,16355,19818,21289,24522,37277,34214,44846,53955,22032,46691,16743,29109,13469,22181,10679,19694,3809,11879,107,987,0,0,0,0,0,0,20251003
202509,분당선,매교,580,7,5211,962,12029,4844,24065,7777,23552,14414,11050,5933,7125,4450,6622,5294,7420,5998,6165,5925,5566,6551,8856,6789,11525,10197,9653,16338,8474,21141,4996,15823,4249,9995,3609,8240,2618,7190,665,3911,34,594,0,0,0,0,0,0,20251003
202509,분당선,매탄권선,65,1,4358,790,12178,3430,25267,6649,23252,15945,12132,6473,8618,3893,7956,3888,8251,5008,7072,5508,5896,5152,6941,7771,10316,10238,10995,14870,9232,23050,4968,16188,3927,10774,3214,9025,2572,8769,795,5227,24,544,0,0,0,0,0,0,20251003
202509,분당선,모란,479,19,16518,2623,24231,11548,56569,24872,70257,40475,49466,32113,34669,31138,33873,33556,37199,33578,36659,34789,33821,34899,35511,42457,39707,46092,41120,50964,41489,65020,23338,47742,17019,34785,14009,30491,10723,26005,5640,16079,306,1376,0,0,0,0,0,0,20251003
202509,분당선,미금,595,8,3872,981,13328,12342,28452,24845,32437,50473,24396,37112,24051,23426,26120,23079,26036,24057,26399,25657,27404,25009,32811,25319,32402,28701,38492,34327,40480,39999,21972,29440,18021,20614,17410,17306,12807,14946,4069,8295,157,1844,0,0,0,0,0,0,20251003
202509,분당선,보정,38,0,1232,117,3802,1186,9715,2824,11342,5991,6879,2510,5149,1691,4730,1899,3893,2118,3597,2379,2918,3016,4004,4145,4632,4953,4522,5938,3493,7324,1564,6272,1171,4151,1099,3607,996,4123,305,2289,11,138,0,0,0,0,0,0,20251003
202509,분당선,복정,0,0,0,0,2,0,1,0,4,0,7,0,7,0,2,0,3,0,6,0,5,0,3,0,6,0,2,0,7,0,6,0,3,0,0,0,1,0,3,0,1,0,0,0,0,0,0,0,20251003
202509,분당선,상갈,52,2,3599,754,9037,2630,21085,6762,21644,8923,13444,5355,9317,3862,7878,4321,7643,4747,6798,6921,6048,6140,6721,7442,7813,10775,9971,13772,10000,16727,5529,14094,3734,10503,2984,9346,1792,8509,616,4922,2,692,0,0,0,0,0,0,20251003
202509,분당선,서울숲,133,0,2739,644,6035,6980,14477,24670,23689,51253,15296,39012,9710,26399,10828,20652,13251,21586,15102,22779,17223,22334,21916,22055,28832,22816,48083,25449,55462,31718,35114,19841,23725,10821,18642,8602,12116,7434,3383,3696,124,829,0,0,0,0,0,0,20251003
202509,분당선,서현,307,13,4429,3136,13191,13781,37380,37114,41885,89242,31411,69095,28425,38330,29825,34974,32460,36603,34812,37145,38260,37994,44673,37332,48041,44567,65134,51985,80935,61928,47725,43705,45074,26417,37180,20897,27189,17690,9064,9742,398,1257,0,0,0,0,0,0,20251003
202509,분당선,선릉,71,3,1184,1606,2752,13563,5988,53753,8737,137186,7479,90245,8134,40225,10351,26642,12616,24565,13831,26134,15607,20526,20659,17596,30334,20175,56213,23732,82109,26229,35275,15297,22851,7898,19808,7031,16206,6019,4525,3338,247,659,2,3,0,0,0,0,20251003
202509,분당선,선정릉,7,1,893,1003,2213,4726,5308,13749,7984,47946,7957,42581,5925,15388,7654,10445,10224,9745,10644,9774,11560,8782,12922,7928,15031,8183,28478,9643,41381,10851,20816,7089,11340,4329,8669,3843,5553,3621,1799,2048,83,397,0,0,0,0,0,0,20251003
202509,분당선,수내,176,5,3240,2216,8161,8756,21027,24998,24358,55330,17325,44046,14573,22263,15526,17727,17278,17816,18311,18944,21351,18780,23187,18987,25957,22222,40068,25533,51586,29803,28373,21958,24414,13220,17746,11276,14001,10706,3646,5412,137,970,0,0,0,0,0,0,20251003
202509,분당선,수서,68,7,4436,5050,12097,15699,45169,32598,65313,47845,40951,28251,34073,21312,24067,19510,30866,23138,27754,22179,20325,23221,29541,27827,31541,35549,42895,50608,43062,67093,20850,41790,17549,30160,15454,26347,12823,23354,7811,9593,303,1858,0,0,0,0,0,0,20251003
202509,분당선,수원,789,11,5629,671,9886,4951,24128,10784,24217,15386,12793,13215,8872,9480,8945,11509,9777,12055,10047,12796,10155,12535,12204,12008,14608,15465,16972,23025,19106,27767,14196,19806,14091,11022,12031,8199,10580,6103,4322,3897,133,695,0,0,0,0,0,0,20251003
202509,분당선,수원시청,271,5,6760,2170,13776,8184,36905,20891,34346,59826,17036,39004,14572,19303,16700,17097,19968,20811,18347,21162,18607,16956,23594,19110,31929,22525,35043,38055,46324,50486,23655,35929,20355,22889,20847,15574,17099,14490,5996,9340,203,1126,0,0,0,0,0,0,20251003
202509,분당선,신갈,105,0,3010,272,10053,1353,21236,2607,20930,7378,12260,5154,8855,3921,8248,4681,7589,5494,6829,5911,6118,6415,7381,7808,7874,8374,6394,12842,5476,18698,2426,14481,1732,10011,1629,7637,1108,8821,331,4540,17,299,0,0,0,0,0,0,20251003
202509,분당선,압구정로데오,161,4,2147,1181,3562,14359,6369,27983,9570,74555,8803,107691,10579,59815,15762,41187,21069,34717,24574,34665,30810,31824,40135,31915,49859,34646,67525,40313,91182,45293,69887,24768,55897,11580,36113,7740,25239,6448,8800,3587,421,769,0,0,0,0,0,0,20251003
202509,분당선,야탑,186,8,7733,3532,21164,17192,58196,45586,62655,104585,43938,58204,36479,39356,36227,34328,38503,37652,38034,40567,40180,37718,45051,41036,54884,47538,69364,58444,82352,74908,38465,54691,29849,35558,27747,27566,17510,26409,6829,14402,317,1904,0,0,0,0,0,0,20251003
202509,분당선,영통,100,19,3157,1998,9096,5256,20384,11749,21163,30012,12371,20104,10416,14040,10880,12221,12143,14351,13846,14063,13184,13479,15952,14379,20244,16469,26766,23750,27057,28935,14918,19758,14213,12961,13588,11706,14525,11308,5124,6452,228,521,0,0,0,0,0,0,20251003
202509,분당선,오리,627,8,3606,570,16341,9052,31965,16504,32248,37094,21780,17712,17461,11484,16311,12881,16799,14299,16806,12715,16199,12968,18708,14477,20653,16224,28381,19906,34932,25742,13395,21157,10920,14789,9172,12191,5907,10490,2122,6286,93,1529,0,0,0,0,0,0,20251003
202509,분당선,이매,99,4,2779,889,6813,3193,14863,11159,15888,15766,11969,6912,10086,6327,8697,6298,9766,6831,7969,7944,7635,7332,9978,8644,15215,10017,13205,12697,13069,15521,5711,12186,4841,8150,6231,6970,3645,6989,1221,4102,46,776,0,0,0,0,0,0,20251003
202509,분당선,정자,299,12,3582,1410,11405,17278,29832,47342,33584,93495,24394,57574,18281,26812,19574,19249,20892,18829,21104,20913,20888,19014,28080,21540,34918,27264,61608,39148,73998,48901,38559,36228,30904,21979,30046,20069,26479,16919,9751,9697,984,2733,0,0,0,0,0,0,20251003
202509,분당선,죽전,1503,8,5726,1066,18968,7209,45199,17945,38974,30312,24391,30364,18462,23224,17702,21759,19385,21720,19189,20473,20145,22049,23683,24377,26170,29050,31905,36081,31774,51776,21825,40135,24788,24909,12459,21429,10324,20659,3584,13008,3,6122,0,0,0,0,0,0,20251003
202509,분당선,청명,48,0,3208,887,9209,2481,22783,6661,20742,10944,10817,4266,6740,4163,5569,3940,5871,4915,6109,5266,5298,5525,6583,6859,7271,8805,8268,12538,10263,18383,4718,13300,3046,8829,2264,7996,2188,6901,789,4086,17,298,0,0,0,0,0,0,20251003
202509,분당선,태평,424,10,16525,1576,21378,5114,45316,8667,61403,17947,40166,12204,23494,12020,20016,13585,20242,15105,19843,16413,17906,18429,18023,25698,19561,30191,20519,35651,19185,45672,10706,32816,8378,25227,5716,27677,3990,21929,1737,12086,78,1095,0,0,0,0,0,0,20251003
202509,분당선,한티,6,0,2552,1846,9808,12027,26318,34493,30566,51823,20447,43067,16502,27052,17237,21959,21663,27199,23201,32739,22432,24348,26342,28495,34235,35498,50057,47600,48890,41661,30758,27949,32329,16636,27176,14742,36448,11902,4629,6015,184,367,0,1,0,0,0,0,20251003
202509,서해선,김포공항,13,4,234,2727,694,8894,2028,12306,3161,15647,3396,10153,3307,9355,3410,10171,3630,10800,5443,9851,6272,9040,8033,7593,7916,8332,10107,9842,13272,8767,8719,5157,7059,2503,6565,1462,6284,1036,2154,1089,79,341,0,0,0,0,0,0,20251003
202509,서해선,부천종합운동장,46,0,2853,621,5713,1816,14381,3478,14442,4907,7472,2369,4308,1757,3719,1675,3645,2007,3312,2182,3108,2567,3142,3167,3974,4847,4798,6787,5888,11785,2470,8884,1826,4763,1673,4477,1032,3986,450,2194,48,376,0,0,0,0,0,0,20251003
202509,서해선,원종,36,2,5871,1387,9884,3950,20343,6791,18655,10297,10933,5538,7966,4438,7423,5255,7853,6805,7263,5801,6332,6910,7389,8245,8800,10721,9676,14802,10376,19358,5207,14534,3927,8511,3119,7506,2239,6548,1141,4117,30,577,0,0,0,0,0,0,20251003
202509,수인선,고색,731,2,3783,739,10066,4016,22341,20969,18123,27200,8575,6952,5603,4049,5900,4817,6797,4917,5596,4753,5403,4872,6694,5673,8786,8237,18626,10883,22516,14486,7447,14939,6372,9765,4142,6861,2290,6646,892,3979,3,2050,0,0,0,0,0,0,20251003
202509,수인선,남동인더스파크,4,0,549,956,1111,4677,1519,19671,2268,25043,1400,3180,1428,1400,1607,1409,1920,1532,1937,1504,2366,1278,2927,1274,4118,1319,17218,1732,13397,1890,4049,2237,4246,1517,2107,893,489,606,225,356,0,39,0,0,0,0,0,0,20251003
202509,수인선,달월,1,0,13,47,38,100,113,102,134,301,89,95,111,85,105,85,105,123,142,96,143,110,130,85,190,142,392,150,790,128,95,100,53,82,25,57,19,84,20,19,13,19,0,0,0,0,0,0,20251003
202509,수인선,사리,5,0,5633,458,12270,1666,28289,3972,23960,5836,13198,3012,8951,3045,7081,2856,7990,4387,6939,5094,5424,4674,5706,6526,6875,10218,6922,12579,6691,22039,4032,14817,2450,9957,2039,9991,2072,7719,703,5903,17,747,0,0,0,0,0,0,20251003
202509,수인선,소래포구,26,1,3060,572,8725,2638,18985,4328,16117,7884,8684,7059,7195,9087,9024,15136,10940,16430,12125,12689,14819,11861,15658,11111,14242,13308,11914,14903,10438,18749,6479,12402,5741,7325,7242,7142,4179,5542,2018,3542,18,731,1,0,0,0,0,0,20251003
202509,수인선,송도,12,1,2443,515,5351,2822,9456,2731,9322,4435,4741,2640,3964,2642,4226,2820,4351,3089,4645,3185,3896,3293,4439,4516,5424,4695,5220,7480,3874,8312,2290,5974,1726,3449,1568,3319,834,2213,341,1635,5,387,0,0,0,0,0,0,20251003
202509,수인선,숭의,36,0,4324,953,7928,4060,16479,9092,13648,12991,7593,5679,7514,4481,7365,4150,7144,5001,6642,5929,6207,5359,7448,5993,8651,8471,10887,10440,9999,14107,4746,7929,3450,5620,2696,5912,1878,3922,886,2522,7,559,0,0,0,0,0,0,20251003
202509,수인선,신포,4,1,1187,284,2106,1267,3599,4537,3227,8472,1962,3187,1827,2733,2208,2941,3141,2788,2838,3074,3471,2889,4237,3064,5744,3583,5881,4099,5866,4825,2803,2646,2499,1836,2072,1514,1163,1134,423,650,1,215,0,0,0,0,0,0,20251003
202509,수인선,야목,6,1,600,52,1713,678,3391,790,2808,894,1518,582,1208,810,938,552,985,716,944,762,810,696,1043,926,1472,1323,1262,1639,1272,2664,612,2042,382,865,259,1113,233,603,88,450,1,68,0,0,0,0,0,0,20251003
202509,수인선,어천,0,0,408,135,2117,2274,5271,5983,4529,4336,3467,1773,2608,1511,2440,1590,2571,1685,2346,2074,1991,2132,3586,2298,6350,3417,3332,3518,4276,5109,1686,3246,1276,1894,667,1914,433,1628,197,788,0,132,0,0,0,0,0,0,20251003
202509,수인선,연수,30,1,3109,1052,7585,2464,16418,5147,14806,11506,7644,6526,6063,6110,6229,5939,6970,7076,7111,7324,7166,6743,7782,7520,8386,10292,8975,14619,10828,16206,6118,10474,6067,7375,5371,6474,4213,4212,2211,2957,32,623,0,0,0,0,0,0,20251003
202509,수인선,오목천,6,1,1255,471,6760,1951,15072,6164,15332,16473,8846,8835,6921,5534,6525,4537,9131,5392,7696,6256,6246,4719,9367,5698,13313,8467,13076,7880,11486,14486,5224,8998,3315,5150,3067,4730,2186,5463,901,3242,15,297,0,0,0,0,0,0,20251003
202509,수인선,원인재,78,0,3956,843,7810,2904,14979,6333,16646,8763,9082,5143,7028,4766,6973,5136,7081,6117,6597,6256,6130,6666,6864,8614,7395,10455,8689,13269,8309,16905,5515,11495,4261,8453,3597,7663,2773,6282,1481,4483,50,708,0,0,0,0,0,0,20251003
202509,수인선,월곶,4,0,2166,379,5693,1592,13157,2112,12887,3289,6472,3489,4686,4505,4387,4732,4345,4727,4200,4245,3970,4065,4435,5211,5065,6780,5320,8455,6735,11164,3388,6170,2226,4148,2027,4602,1424,3552,585,1812,1,353,0,0,0,0,0,0,20251003
202509,수인선,인천,82,0,492,301,1121,1297,1985,2732,1962,4787,1931,2298,1716,2555,1799,3701,2000,3919,2110,3395,2438,3763,3452,3492,3230,3511,2893,3568,2554,3949,1477,2563,1176,1838,931,1300,689,1266,151,663,3,224,0,0,0,0,0,0,20251003
202509,수인선,인천논현,5,0,2968,1029,6919,5398,16261,9385,14715,13382,9252,9093,8090,6616,8584,7415,8714,7845,7980,8723,8203,8869,9252,9377,10029,12759,12333,16250,12053,19481,7119,11652,6904,7969,6010,6956,4754,4967,2337,3442,11,536,0,0,0,0,0,0,20251003
202509,수인선,인하대,39,0,4685,614,13711,3015,29664,6340,23882,22419,10315,12087,9188,15073,9786,8986,11226,10849,11157,10504,11734,10404,14663,10299,19173,13926,19209,19867,16449,28897,8598,14669,7919,10601,7727,10217,5528,7187,3495,5585,68,1307,0,0,0,0,0,0,20251003
202509,수인선,호구포,14,0,1803,1063,3423,7381,7708,20549,8693,22423,5328,4536,4407,3295,4498,3700,5035,4017,4616,3727,4705,3838,5109,4281,6391,5559,17980,6432,16959,8037,5880,6000,5776,4503,4040,3812,1715,2874,845,2193,6,391,0,0,0,0,0,0,20251003
202509,신림선,관악산(서울대),4,1,983,1002,2247,2557,7747,5427,7572,13576,5097,14084,4394,10888,5038,5744,5880,5685,6606,5963,7502,5262,9650,4546,11151,4150,10737,4018,9187,5528,4013,4243,2409,2889,2183,2654,1492,2481,663,1571,160,839,0,45,0,0,0,0,20251003
202509,신림선,당곡,2,0,2212,237,4965,1384,15455,5558,22043,9710,13745,6487,8573,6109,7912,5584,8597,6175,8295,6346,7108,6956,7638,8927,8428,9470,10215,12441,10910,18464,5885,14166,4812,8548,3167,7653,2204,6769,979,4062,235,1473,0,0,0,0,0,0,20251003
202509,신림선,대방,25,0,2102,474,3038,1957,9021,3752,12959,6154,7971,3775,5486,3299,5421,3207,5777,3491,5699,4068,5810,3715,5797,3890,6542,4945,7695,6798,6916,9370,4103,5708,3489,4280,4291,4264,2667,3793,1066,2523,268,713,0,41,0,0,0,0,20251003
202509,신림선,보라매,0,0,2096,459,3732,2400,11998,7526,15921,15989,9296,5879,6307,4512,5870,4936,6473,5137,6729,5165,6337,5195,8821,6175,9685,6713,11020,9762,14264,14262,5692,10454,5282,6254,4152,5592,3303,4819,1441,3084,345,1007,0,1,0,0,0,0,20251003
202509,신림선,보라매공원,0,0,763,659,2288,1621,6862,6263,8221,9966,4822,4990,3935,3743,4075,3929,4314,4150,4294,5085,4644,5254,5667,5271,6209,5161,6547,6052,7462,8395,3389,6186,2454,3702,1801,3003,1664,2656,516,1445,112,483,0,0,0,0,0,0,20251003
202509,신림선,보라매병원,7,0,1117,737,2382,6466,9280,31394,10783,55926,11551,26246,11721,15424,13056,12201,13292,12910,12452,15331,15699,13282,18459,11263,20774,9389,36039,11046,39158,13379,12922,9779,9939,5422,7239,4863,4892,3592,1622,1703,244,528,0,0,0,0,0,0,20251003
202509,신림선,샛강,3,0,467,902,751,3347,2052,15261,3147,29333,2438,10783,2130,4410,2369,3580,2589,3213,2904,3810,3791,3245,4605,3439,5517,4179,13262,4981,20109,5889,7352,3507,5926,1947,6065,1482,3991,1086,1499,599,471,338,0,61,0,0,0,0,20251003
202509,신림선,서울대벤처타운,6,0,7290,351,12020,3004,38187,6914,48821,11000,30062,9601,18605,7936,17077,9140,17415,10443,16335,11984,14103,11552,14420,14839,15790,19950,16340,25017,15274,36614,9174,30682,6626,18190,4996,17767,4787,17607,1974,12778,471,5375,1,2,0,0,0,0,20251003
202509,신림선,서울지방병무청,0,0,1557,476,3869,1579,11025,5580,14944,6835,8688,3826,7789,3476,6280,3533,5598,5509,4940,5124,4536,5363,5969,6792,6382,7936,5357,9683,5166,13141,2808,9229,1799,6160,1937,5864,1506,5062,358,3085,110,989,0,0,0,0,0,0,20251003
202509,신림선,서원,0,0,2862,549,5432,812,16022,1419,21753,2861,13494,2354,7412,2328,5951,2675,6377,3259,5484,3571,4631,4140,4393,5514,4168,6488,4076,8894,3856,13366,2565,11600,1680,7542,1279,7628,909,7175,452,4639,100,1681,0,0,0,0,0,0,20251003
202509,신림선,신림,1,0,1380,394,1759,969,5372,1745,8229,3452,5362,3652,3666,3544,3680,3708,4119,4023,3911,4088,4029,4639,4034,5537,4337,6051,4448,8019,4807,11870,3646,7783,2722,4652,2169,4189,2014,4115,1124,2003,434,874,0,1,0,0,0,0,20251003
202509,안산선,고잔,372,2,5853,849,17784,5700,31095,15284,23231,29847,16892,16910,14047,11948,14148,10198,13667,11009,12630,12247,13258,11992,15741,12274,16891,14105,23280,19360,22418,25863,9283,19998,7331,12912,7639,11036,5009,9452,1966,7913,155,2934,0,55,0,0,0,0,20251003
202509,안산선,대야미,91,7,3293,1233,8831,3433,20456,5447,22577,7980,11814,4248,9111,4240,7645,4606,7705,5170,7493,5411,6721,5920,7239,8193,7717,10685,9024,11874,9926,16851,5072,12250,3894,8680,2226,7168,1505,7624,1005,4071,136,986,0,0,0,0,0,0,20251003
202509,안산선,반월,77,1,4369,968,9497,2865,20433,4822,17945,7940,10497,4443,7796,3764,7549,4486,7464,5477,6224,5311,5495,5269,6554,6943,7256,9549,7083,11311,6483,16393,3647,12966,3079,9312,1768,7587,1222,7218,639,3963,109,949,0,2,0,0,0,0,20251003
202509,안산선,산본,885,2,11148,1877,26495,7379,60884,16103,54504,31460,29087,24786,25107,21457,23536,21385,25174,24111,23809,25372,23591,24868,26455,28733,28584,34224,28324,43164,31385,68557,20106,54741,17567,30838,15721,24394,11833,20858,4707,12315,515,4141,0,0,0,0,0,0,20251003
202509,안산선,상록수,634,29,14591,2595,32759,8244,67829,13411,62238,24422,34672,20274,25676,15962,21921,13718,23190,14914,21896,17338,18908,18276,20293,21774,25357,27997,26526,43416,24966,61270,15165,49239,10775,36341,8273,30446,5663,25548,2453,17074,407,4971,0,24,0,0,0,0,20251003
202509,안산선,수리산,7,1,4007,651,10203,1627,19886,5206,18102,8525,11130,3909,7696,3741,7407,2945,5794,3325,5747,3704,4616,4548,5941,5340,5700,7378,5292,8308,4813,13473,2686,10428,2032,7284,1243,5170,896,5439,485,2901,63,861,0,0,0,0,0,0,20251003
202509,안산선,신길온천,83,0,3391,160,5736,2015,9425,3573,7434,2841,4864,1700,3420,1514,2986,1730,2900,1990,2753,1952,2611,2444,2989,3162,3512,3466,4510,5500,4182,7421,1938,5556,1237,4010,733,3448,532,2664,149,2114,19,617,0,2,0,0,0,0,20251003
202509,안산선,안산,2409,15,10576,1747,14435,16720,25326,38997,26198,30938,20335,14960,15909,12513,15478,13954,15898,15026,17124,14754,16881,16255,18625,17374,24278,19164,42159,24881,41813,26662,20802,20492,16396,16991,9474,14316,4298,11233,1339,6811,146,2738,1,44,0,0,0,0,20251003
202509,안산선,오이도,320,4,6357,636,15670,6967,34185,11959,28480,13136,16350,7312,12304,8081,11058,9723,11038,10796,10065,10254,10211,12072,11768,13650,14555,18108,17136,20774,16944,27578,9103,22024,7280,14460,5679,12402,3794,11347,1202,7632,17,3561,0,3,0,0,0,0,20251003
202509,안산선,정왕,560,18,9793,1123,13763,13500,23393,24392,22200,34595,16137,27268,12894,16248,13125,13896,14453,14487,16086,14275,14677,13088,20313,13787,24797,14896,32914,20043,33578,24858,17029,18271,12953,15009,9162,13781,5451,11295,1828,8434,93,2496,0,5,0,0,0,0,20251003
202509,안산선,중앙,389,40,11491,1392,33667,11637,61066,19417,49358,42170,29883,36069,24812,22443,27319,20035,31063,24205,26717,29391,25977,27421,28234,29202,35637,38829,38774,50631,39356,70800,25160,54813,23841,35460,24343,28706,20201,24328,7986,18486,792,5871,1,114,0,0,0,0,20251003
202509,안산선,초지,344,1,4494,458,12540,4726,23752,10043,18067,13633,10468,8237,7835,4900,6936,5046,7711,5092,6649,5562,5979,5718,7004,6808,9215,8380,10758,13080,11261,17606,5152,15534,3486,10396,3090,8790,1611,7600,638,5551,62,2181,2,26,0,0,0,0,20251003
202509,안산선,한대앞,264,5,9468,1311,18455,4730,33414,9884,27970,29632,19991,17906,15624,17610,15397,10461,16474,13634,15845,12728,16626,13068,16782,13849,21575,19268,22758,25431,19319,34353,11082,26455,9343,18336,8967,16775,6411,14146,2837,9510,254,2900,0,40,0,0,0,0,20251003
202509,우이신설선,4.19민주묘지,3,1,1511,606,3644,1392,9884,2879,11260,16383,7668,5953,6348,8106,7307,12039,7185,6230,7870,6177,8220,6770,8164,5926,11374,6481,11689,7013,8253,8678,4706,7888,3363,5063,2694,4406,1633,3901,697,2751,199,810,0,0,0,0,0,0,20251003
202509,우이신설선,가오리,9,1,2849,570,6820,1630,18874,3681,18598,6896,12051,5339,8966,5191,8153,5462,8336,6158,7742,6757,6275,7073,6717,8944,6920,10735,6259,11385,4946,14933,4045,13519,2487,7803,1789,7004,1158,5790,550,3096,164,936,0,0,0,0,0,0,20251003
202509,우이신설선,보문,4,0,592,171,1026,1355,2863,3590,5171,5621,3899,4088,3129,2936,3276,2828,3578,3094,3565,3178,3388,2669,3968,3127,4369,3803,4078,3996,4273,4463,2736,3177,2185,2337,1971,2020,1561,1588,636,1071,159,349,0,1,0,0,0,0,20251003
202509,우이신설선,북한산보국문,3,0,2382,635,7941,2299,20030,6981,22760,13659,16376,8638,12026,7534,10861,7591,11101,7322,10800,7886,9970,8423,11022,10100,13510,12279,14978,15155,13387,20208,6444,16867,4881,11604,4296,10518,3178,10237,1838,6219,600,1547,0,0,0,0,0,0,20251003
202509,우이신설선,북한산우이,9,0,1833,785,3789,1978,10389,3378,10855,6645,6697,8135,5159,8234,5464,7456,6646,5850,6865,4610,7516,4520,7543,4998,6717,5394,5702,5494,4869,7024,3004,5578,2213,3594,1460,3352,893,2960,529,1788,168,650,0,30,0,0,0,0,20251003
202509,우이신설선,삼양,1,1,1508,416,3707,992,9216,1943,10137,4216,6654,3274,5481,3299,5054,3429,4537,3931,4279,4401,4042,4365,3979,5812,3973,6442,3611,6956,3400,8548,2502,7132,1649,4666,1109,3946,685,3304,303,2017,84,621,0,0,0,0,0,0,20251003
202509,우이신설선,삼양사거리,5,1,1870,380,3634,1843,8496,2611,9765,5008,6707,3638,5190,3462,5074,3811,5312,4145,5336,4302,4469,4364,4377,6072,4639,6593,4271,6419,4151,7734,2908,6904,1849,3960,1405,3271,947,2548,376,1513,108,434,1,1,0,0,0,0,20251003
202509,우이신설선,성신여대입구(돈암),0,0,703,582,1321,1440,3994,5400,6890,10680,5631,8066,5457,6626,5839,7628,6564,7387,6862,7603,6602,7425,7617,8069,8462,8902,9371,10173,10314,12919,7478,7784,6492,4724,7337,3779,6492,3034,2812,1947,809,678,0,0,0,0,0,0,20251003
202509,우이신설선,솔밭공원,36,2,2002,440,4907,1194,11787,1739,11975,3638,7546,3228,5424,2940,4951,3023,4764,3578,4154,4169,3867,4422,4350,5039,4506,5795,3941,6394,3245,8770,1757,7764,1300,5106,826,4692,696,3547,281,2270,55,613,1,4,0,0,0,0,20251003
202509,우이신설선,솔샘,6,1,3480,332,12010,1536,32481,3998,31152,5503,17666,3269,11757,3765,9884,4233,9584,5521,8488,6325,6970,6801,7259,9621,7051,12669,6294,15274,5342,25658,3379,21965,2376,12598,1668,11626,1284,10433,552,5583,151,1896,0,0,0,0,0,0,20251003
202509,우이신설선,신설동,114,0,1090,1261,954,3518,2209,7620,2915,13744,2171,9151,2478,5117,3125,4080,3343,4166,4223,4338,4306,2892,6676,2585,6838,2803,8748,2161,11169,2401,5892,1479,4036,1298,3305,1047,2432,935,863,557,240,506,2,147,0,0,0,0,20251003
202509,우이신설선,정릉,4,0,2110,578,6180,1996,15079,3656,17891,7891,14363,4970,10229,4712,9595,5465,9613,5997,8627,6467,7980,7070,8127,8665,8895,9900,9425,11846,8810,16198,4942,13125,3533,8254,2702,7131,2070,5880,1101,2961,389,841,0,0,0,0,0,0,20251003
202509,우이신설선,화계,3,0,2217,560,5132,1617,13496,3445,15893,6950,9578,6124,8297,5317,7610,5476,8649,5695,6720,5608,6235,5620,6622,6830,6728,7387,5556,8238,4846,10759,3226,9956,1960,6475,1412,5015,953,4547,536,2783,235,883,0,0,0,0,0,0,20251003
202509,일산선,대곡,274,6,3019,2622,10158,11429,28735,29443,30062,35739,16483,21786,11065,13270,9858,11825,11341,12129,12276,11272,11912,10743,14449,12186,18912,14208,28461,19127,38798,26189,26497,18709,15681,10836,14563,10478,12395,9297,6805,6601,1294,2311,0,0,0,0,0,0,20251003
202509,일산선,대화,155,3,8005,1637,24643,4740,52744,13035,38577,18041,26113,13456,20905,13713,18844,12961,17708,13912,17161,16472,16315,15280,17585,16996,24447,17251,22488,23666,17924,27034,10155,25232,7055,17281,5786,15623,4462,12615,1409,8114,149,2858,0,0,0,0,0,0,20251003
202509,일산선,마두,42,2,3896,2048,11719,5050,20522,8766,19633,23115,14786,15957,15085,11778,14831,11750,14214,10260,13141,14420,14006,13528,15583,13979,16564,15462,18747,16868,17703,20611,7642,17970,5656,11067,4686,9891,3905,8403,1099,5529,142,1204,0,0,0,0,0,0,20251003
202509,일산선,백석,110,3,5253,2361,11316,6875,24775,13485,27621,30074,18973,17212,17100,15152,17134,14830,17774,15497,17064,16980,17471,16824,19937,18015,19875,20169,24345,24567,24668,30103,13145,25877,11263,15175,10427,13368,6784,10678,2953,6842,408,1706,0,1,0,0,0,0,20251003
202509,일산선,삼송,811,11,9016,1564,34947,7207,88747,16944,84372,32471,45595,20908,32798,18236,27123,19112,28147,23129,26357,24733,24327,25224,25599,31336,30776,36285,32743,51246,33099,76637,19402,63222,15152,37890,12847,36384,13040,28070,3654,14701,588,3171,0,0,0,0,0,0,20251003
202509,일산선,원당,289,1,10093,872,23450,5970,51737,8610,51140,14683,29940,10602,22591,9964,19460,12250,19629,12979,18023,13726,15634,15347,15697,18873,17182,24194,17469,31262,16647,43520,8620,37369,6262,25094,4665,21870,3007,18971,976,11624,124,2132,3,3,0,0,0,0,20251003
202509,일산선,원흥,355,24,7622,601,18849,4001,51527,7967,53398,15571,29345,10881,20481,8914,17892,9737,18236,11723,16165,13295,14049,13855,14646,17745,15143,21110,16962,31023,18437,41093,8878,39169,6767,23484,5621,22381,4332,19414,2060,11697,308,2620,0,0,0,0,0,0,20251003
202509,일산선,정발산,65,7,2497,1263,5696,3514,10061,6427,11377,22700,9169,21492,9472,16770,11637,16024,12548,15668,14629,17696,15914,15784,18133,15218,18856,15364,22595,16791,25248,20122,13454,15045,14390,8023,13513,6217,7312,4924,2394,3369,240,932,0,0,0,0,0,0,20251003
202509,일산선,주엽,132,1,6610,1381,18147,3600,28840,8005,28399,14989,20470,11991,18631,12118,18177,12321,17312,12971,15733,15607,14739,14441,15971,18635,16051,19582,14486,22467,13220,26660,7046,24939,5996,14903,5614,12904,4570,10733,1126,7079,165,1967,0,0,0,0,0,0,20251003
202509,일산선,지축,0,0,0,0,0,0,0,0,3,0,1,0,0,0,0,0,2,0,2,0,2,0,2,0,3,0,4,0,2,0,3,0,1,0,2,0,1,0,1,0,0,0,0,0,0,0,0,0,20251003
202509,일산선,화정,106,1,13327,1443,26290,6350,58531,13906,56887,36791,35605,24355,30725,22288,28505,23238,29982,24342,29544,25421,27476,27742,29250,34987,31547,37214,32635,47784,30045,61132,17528,50273,15359,31445,15299,28391,11653,25136,4618,13336,715,3358,1,0,0,0,0,0,20251003
202509,장항선,배방,159,1,1046,492,1977,729,3718,1533,4045,2532,3043,1587,2208,1332,2064,1734,2278,1623,2179,1960,2247,1696,2035,1799,1872,3254,2504,3804,2622,4149,1761,3033,1211,2230,1123,1964,991,1785,654,1469,26,232,0,0,0,0,0,0,20251003
202509,장항선,봉명,6,0,1123,404,2053,934,2706,4750,3594,4858,2603,3823,2872,2436,3082,1409,2374,1940,2255,2568,2276,1963,2935,1804,3320,1773,3623,3205,2302,2995,1195,1953,1064,1429,839,1038,704,1250,790,804,25,260,0,0,0,0,0,0,20251003
202509,장항선,신창(순천향대),338,1,778,118,1769,614,2799,3846,2291,12608,2455,7521,3336,8340,4130,5320,4154,4785,6070,4717,7624,2981,6053,2208,11376,3301,8336,2239,9929,4260,3253,2785,2447,3584,2538,3516,930,3165,1022,2108,3,754,0,0,0,0,0,0,20251003
202509,장항선,쌍용(나사렛대),154,1,2935,367,5013,707,8037,1802,9410,7954,5536,5589,4486,4437,4447,3603,4610,7128,5408,4454,4568,3029,6603,4674,6348,5192,5879,7389,5777,7965,3250,5347,2174,4592,1720,3962,1299,3340,793,2946,49,727,0,0,0,0,0,0,20251003
202509,장항선,아산,87,3,1099,1127,2824,4785,7616,6377,10634,11915,6062,10042,5717,8062,6432,6572,7650,7756,7651,7540,8462,5603,10604,6678,10340,7128,9475,9982,13007,10851,10041,5900,6240,5196,6719,3680,6111,2332,3716,1857,74,497,0,0,0,0,0,0,20251003
202509,장항선,온양온천,800,3,1913,595,5307,2612,10362,6408,11917,9142,10174,8121,9545,9654,9353,12722,10839,10797,12252,9864,12464,7089,10423,8676,10060,10395,7469,11181,9013,10785,4279,8653,3127,6128,2450,6070,1961,4368,1017,3159,37,728,0,0,0,0,0,0,20251003
202509,장항선,탕정,65,1,1100,358,2487,1318,4723,2460,5158,5217,3280,3055,2924,2319,2624,2454,3188,2731,3882,3015,3862,2324,4403,2717,4177,4366,4740,5306,5435,6146,3872,3827,2699,3143,2565,2444,2646,2304,1360,1832,62,267,0,0,0,0,0,0,20251003
202509,중앙선,구리,869,5,5749,1301,12657,4116,30000,6969,28658,14938,14912,12402,12772,10650,11974,10278,12452,10627,11724,11828,11895,11527,12689,14634,13431,17713,14410,21357,13834,32696,9462,24980,8067,14408,4865,11954,4353,10721,1264,7166,31,1335,0,0,0,0,0,0,20251003
202509,중앙선,국수,17,1,914,99,1343,526,2362,729,2264,1604,2019,1090,1657,957,1369,1235,1138,1106,1402,1172,1182,1022,2227,1483,1963,1681,1179,2031,919,2090,530,1460,357,1357,405,1411,324,1157,46,574,4,154,0,0,0,0,0,0,20251003
202509,중앙선,덕소,1625,8,3803,930,10895,2011,26775,4430,21993,5780,13502,5843,11406,4781,10056,4612,8769,6216,8463,7448,7514,7374,7381,10657,8238,11917,7797,14591,6486,21180,3934,19404,3397,9490,2281,10869,1924,8725,771,6511,10,1681,0,0,0,0,0,0,20251003
202509,중앙선,도농,1167,2,8573,1016,20795,2985,52982,7942,42308,14513,22797,8031,17735,7193,15453,8142,14217,8312,12633,9967,10638,10926,11338,16254,15625,17634,14838,19662,12311,40908,6296,34297,4964,17628,4079,16539,2740,13682,983,10706,24,1898,0,0,0,0,0,0,20251003
202509,중앙선,도심,6,0,2374,297,7482,844,17143,2706,11666,5059,7334,2029,5145,1688,3893,1647,4163,2109,3773,2415,3052,1992,2869,4666,4199,2914,3776,6008,2945,9285,1660,8005,1121,4528,1212,4334,724,4692,305,2388,0,0,0,0,0,0,0,0,20251003
202509,중앙선,망우,492,10,9138,800,13019,3116,34395,5888,27809,15016,16980,9208,13022,8423,11987,9995,13343,10516,12296,10544,11388,12195,11965,15036,13248,16228,12730,21206,12375,27399,8273,23645,5865,13338,4618,10655,2977,9387,1193,6340,16,472,1,1,0,0,0,0,20251003
202509,중앙선,상봉,944,9,6859,806,9575,2945,23554,4647,24468,8278,13651,5772,8618,6191,8212,6431,9789,7525,8185,7323,7938,8029,8960,9665,8654,11042,9165,15815,9270,24430,6555,19736,5117,11229,4377,9395,2916,9663,1442,5736,103,989,0,0,0,0,0,0,20251003
202509,중앙선,신원,0,0,129,44,174,277,526,477,373,628,417,729,419,617,449,392,476,301,650,313,591,246,596,310,517,280,502,317,512,358,149,217,53,183,46,146,24,89,2,45,0,19,0,0,0,0,0,0,20251003
202509,중앙선,아신,8,0,555,30,858,250,2030,662,1504,1406,1465,1033,1463,997,1099,1163,1115,650,1148,935,1090,934,1457,841,1437,1544,1112,1606,767,1644,429,927,257,958,222,1229,100,989,12,470,0,135,0,0,0,0,0,0,20251003
202509,중앙선,양수,3,1,1148,262,2201,983,6617,2418,5248,3313,4307,3538,3403,3613,3135,3568,3210,3136,3816,3544,3676,3071,4925,3745,5368,3964,4104,4977,3146,4030,1616,4488,1372,2874,787,2856,344,1880,100,1641,1,338,0,0,0,0,0,0,20251003
202509,중앙선,양원,195,1,3037,476,5488,1932,13854,10689,12266,7516,6932,3010,5251,3099,4278,3320,5247,3258,4532,3655,4047,3625,7004,4479,8505,5644,5553,7749,4304,10456,2859,10363,1968,5536,1337,4324,1110,3999,271,2786,2,156,0,0,0,0,0,0,20251003
202509,중앙선,양정,135,3,246,217,597,1058,1363,1553,1205,2035,851,942,750,778,750,541,752,550,853,622,1138,515,1113,748,1580,645,1796,822,2105,1025,585,756,321,315,330,427,130,300,34,263,2,55,0,1,0,0,0,0,20251003
202509,중앙선,양평,259,8,2410,122,4781,1586,11266,5336,7620,7330,6032,4457,7470,4844,6173,6852,6428,6470,6751,4242,7051,7086,6444,6061,7394,6672,7455,10522,5553,9663,3295,4741,3236,6904,2678,3645,1821,4354,274,4143,64,1126,0,0,0,0,0,0,20251003
202509,중앙선,오빈,17,0,324,61,537,354,1084,384,906,559,878,338,777,364,601,528,587,426,571,426,431,539,456,469,510,573,540,1048,475,1099,222,490,110,501,94,524,52,365,5,229,2,62,0,0,0,0,0,0,20251003
202509,중앙선,용문,507,4,1161,11,2854,647,4987,2299,4994,4578,3822,2593,4505,4558,3914,7955,5382,5601,6414,5987,7409,5065,7486,2460,6514,6433,5165,5497,2918,4391,1875,3081,802,3637,646,2061,305,2067,1,1547,0,678,0,0,0,0,0,0,20251003
202509,중앙선,운길산,1,0,276,114,587,516,1656,898,1529,1144,1086,1985,1061,2373,1091,2226,1321,1614,1580,1353,2063,1214,2568,1341,2169,1139,1931,1209,1360,1012,835,1297,436,521,180,662,87,495,24,377,0,18,1,0,0,0,0,0,20251003
202509,중앙선,원덕,122,1,379,25,867,295,1124,564,1269,638,1120,501,1087,695,734,700,619,638,733,601,831,722,814,765,790,911,710,1202,449,1030,278,665,180,500,94,597,26,465,1,227,1,121,0,0,0,0,0,0,20251003
202509,중앙선,중랑,228,4,6362,687,10491,1996,22535,3529,24397,6521,16302,5900,9701,5173,9202,5120,9357,6061,8791,7517,7520,7388,7730,10610,7560,11969,7636,16122,8295,22123,5006,16599,3529,10583,2831,9118,1996,8825,865,5134,18,285,0,0,0,0,0,0,20251003
202509,중앙선,지평,0,0,0,0,0,0,370,358,26,85,66,20,402,409,0,0,1,1,74,1,419,390,3,0,0,0,168,223,38,134,208,291,1,4,29,147,0,3,0,0,0,0,0,0,0,0,0,0,20251003
202509,중앙선,팔당,1,0,249,249,600,660,1269,1741,1318,3444,1176,3031,1170,2493,1111,2152,1196,1957,1436,1568,1768,1266,2348,1686,2514,1348,2353,1335,2307,1468,1866,999,1652,541,1019,370,671,397,163,171,0,0,0,0,0,0,0,0,20251003
202509,중앙선,회기,1168,8,12946,3953,23819,13326,66372,33322,84420,70083,54164,51738,40322,42595,41425,37784,45947,36620,46878,41623,47321,36755,56726,38114,66356,45997,74718,60099,63155,85969,35145,64145,31271,43518,33895,43479,30140,48432,14248,29999,733,5965,2,2,0,0,0,0,20251003
