사용월,호선명,지하철역,04시-05시 승차인원,04시-05시 하차인원,05시-06시 승차인원,05시-06시 하차인원,06시-07시 승차인원,06시-07시 하차인원,07시-08시 승차인원,07시-08시 하차인원,08시-09시 승차인원,08시-09시 하차인원,09시-10시 승차인원,09시-10시 하차인원,10시-11시 승차인원,10시-11시 하차인원,11시-12시 승차인원,11시-12시 하차인원,12시-13시 승차인원,12시-13시 하차인원,13시-14시 승차인원,13시-14시 하차인원,14시-15시 승차인원,14시-15시 하차인원,15시-16시 승차인원,15시-16시 하차인원,16시-17시 승차인원,16시-17시 하차인원,17시-18시 승차인원,17시-18시 하차인원,18시-19시 승차인원,18시-19시 하차인원,19시-20시 승차인원,19시-20시 하차인원,20시-21시 승차인원,20시-21시 하차인원,21시-22시 승차인원,21시-22시 하차인원,22시-23시 승차인원,22시-23시 하차인원,23시-24시 승차인원,23시-24시 하차인원,00시-01시 승차인원,00시-01시 하차인원,01시-02시 승차인원,01시-02시 하차인원,02시-03시 승차인원,02시-03시 하차인원,03시-04시 승차인원,03시-04시 하차인원,작업일자
202507,1호선,동대문,512,20,11992,2119,9530,7225,15640,12598,22661,20045,21754,21637,18919,22764,20782,25635,23449,23754,24421,23727,25314,21934,25679,22004,27103,21702,26384,22400,24604,22494,17395,21729,15882,16015,14349,15259,11009,15551,5716,10288,824,3072,6,278,0,0,0,0,20250803
202507,1호선,동묘앞,221,8,2820,959,4118,5772,9523,11249,15007,22560,12603,18802,14564,21507,19807,25654,25510,27121,28004,29219,27431,24538,28206,21666,29107,18680,27032,15551,21511,14481,11706,9985,6702,6698,5440,7016,3607,7086,1288,4710,130,2116,1,280,0,1,0,0,20250803
202507,1호선,서울역,640,46,10893,9988,31160,59484,98747,133704,158146,266527,114052,176518,96335,101614,108797,97402,124002,106463,117602,103688,102710,95523,131355,108866,148536,118338,233272,146449,265009,176480,139116,114887,100956,81654,108886,77427,76461,58443,41204,29414,4306,7715,17,176,0,0,0,0,20250803
202507,1호선,시청,58,0,1922,6003,3840,29242,7235,85813,10112,228240,12442,93417,15422,42495,21429,38971,23730,34441,29907,34075,35290,27610,45335,24192,58857,23604,101660,25652,175882,24747,62854,13016,56026,9124,48640,8323,30941,6086,10053,4112,548,1017,0,18,0,0,0,0,20250803
202507,1호선,신설동,365,19,9409,2298,10692,9520,23776,27177,34153,56887,22411,34877,20516,20926,21791,18015,23702,17717,24123,19336,22069,18059,24060,20164,30040,22589,43893,25888,55290,32556,20609,23783,14723,16664,12702,16396,8560,15215,3609,9468,396,2737,0,0,0,0,0,0,20250803
202507,1호선,제기동,361,3,5516,2561,9720,10850,23430,23249,34178,41157,24806,33601,26105,34660,30050,39709,33010,40590,33642,40585,36285,35525,40087,31344,42431,31994,43867,28490,39410,28848,21019,18945,14540,12099,8703,11976,5691,9509,2174,6269,173,1394,0,0,0,0,0,0,20250803
202507,1호선,종각,91,6,3877,7002,4222,42993,7023,131921,10219,299727,13335,151761,19552,61304,29884,57185,36754,50489,45077,50404,55757,40487,69119,37379,87264,40099,171955,48039,236293,50356,97632,25691,87318,13395,86904,10155,62230,7481,25694,4750,1936,1318,0,5,0,0,0,0,20250803
202507,1호선,종로3가,150,12,4007,3684,4389,15068,6771,29938,10419,72397,14970,67886,22198,55825,33642,61797,44345,58790,45015,53611,51360,45555,58505,39350,67836,38056,85373,37072,91662,37356,52682,19163,45226,11624,47953,9540,35652,8035,15378,5546,1506,2106,1,27,0,0,0,0,20250803
202507,1호선,종로5가,47,0,2013,3973,3328,18997,6518,46204,11364,97370,16378,66709,27500,58588,37927,57409,44822,50710,49993,47204,57240,43761,59008,38123,65794,36580,89424,34827,93309,32182,46562,18819,33105,10781,29555,7991,19448,6598,5699,3875,389,1124,0,1,0,0,0,0,20250803
202507,1호선,청량리(서울시립대입구),1209,30,11196,3164,20041,11576,53740,18914,62309,41668,37868,38414,35427,40250,39031,45250,43934,44351,44848,44627,44794,44834,47337,45772,50513,47844,51940,51926,47169,64861,27013,40400,20716,24535,16139,23195,9750,20259,4168,12330,343,3906,0,0,0,0,0,0,20250803
202507,2호선,강남,113,14,8383,12986,18971,63122,45693,178886,68248,353707,56010,368214,57275,172607,76362,111997,95709,109690,112472,125725,124348,111030,151661,104562,181908,113170,288367,150413,362158,193998,237543,109700,183854,62558,202317,56505,174999,46994,76420,23525,13019,6608,0,32,0,0,0,0,20250803
202507,2호선,강변(동서울터미널),45,1,9542,1700,24128,20748,72558,21631,105556,41970,75455,35638,60032,31927,50422,31390,45333,34480,42732,38940,39255,41603,42427,49910,47073,52532,53711,69914,56588,96808,36328,64015,28064,45056,24284,38866,15387,34460,5962,17658,990,4383,1,7,0,0,0,0,20250803
202507,2호선,건대입구,314,5,15929,1784,23357,15329,59554,25711,98620,59232,66775,51167,41490,43899,38577,46246,44172,52773,47317,58814,48106,57261,53232,63647,64753,76151,76346,101450,87938,152635,65623,105280,67208,65809,71814,63990,69290,56198,40073,32365,7087,12297,5,1069,0,0,0,0,20250803
202507,2호선,교대(법원.검찰청),22,0,2883,6969,11699,28449,26577,63166,37977,174770,30202,141384,27450,74269,32860,60352,36336,55499,43882,60176,50791,50896,55972,46690,62713,49400,105161,65958,146903,74374,65604,42769,54086,27118,53745,24869,40339,23796,15846,11952,3018,3368,0,11,0,0,0,0,20250803
202507,2호선,구로디지털단지,465,14,39968,5486,56907,22450,149496,93527,195742,241921,116890,151652,68851,61302,61770,47188,69429,53234,66817,65531,60917,61705,69356,67252,87434,80188,148727,113293,220092,170543,107554,134075,67971,86518,55204,87459,41535,85397,19240,48454,3768,14733,1,136,0,0,0,0,20250803
202507,2호선,구의(광진구청),97,6,14704,1404,30773,12941,83271,19708,131245,49170,78147,28348,42996,27155,34216,28613,36538,30958,37305,34203,36042,35164,37802,42143,42992,49963,46843,71376,55892,114896,30971,81156,25606,52652,24751,50872,19941,45101,9367,25156,1613,8020,0,93,0,0,0,0,20250803
202507,2호선,낙성대(강감찬),44,1,12622,2608,29747,9840,93139,20215,135806,44666,86797,36544,47570,26047,38384,26478,42552,28130,40809,29280,35775,30871,36583,38441,41083,45209,49686,65504,55141,109205,30765,89448,23963,59105,21892,56176,15944,56322,8182,33996,1532,9545,1,117,0,0,0,0,20250803
202507,2호선,당산,40,5,8397,3646,20943,16514,51450,31759,61398,81673,35044,34497,24078,16950,23027,15907,23706,18284,22017,20385,20420,20086,22285,23750,29087,31247,44395,49604,59547,78488,26118,51785,21117,34824,20897,33568,17104,30980,8762,18950,1556,4881,0,66,0,0,0,0,20250803
202507,2호선,대림(구로구청),774,17,36059,3350,31539,11836,72690,24960,100601,56383,64838,37005,39356,32207,34612,33068,35590,32888,33836,31364,31174,32596,32280,40025,36417,47179,44742,60770,50594,70815,26360,53765,19501,40809,14983,51083,10837,48356,5467,23230,858,5884,2,135,0,1,0,0,20250803
202507,2호선,도림천,0,0,492,365,1523,986,3768,3804,3905,5793,2334,2608,2330,1561,1905,1317,2478,1904,1909,1722,2340,1898,2377,1762,2914,2151,3195,2731,4001,3810,1698,3061,1136,2021,974,1602,475,1221,192,990,49,267,1,9,0,0,0,0,20250803
202507,2호선,동대문역사문화공원(DDP),214,17,5071,1106,4007,9777,7269,22658,14180,50002,16824,34393,20309,33478,22142,32694,25756,33246,27009,32841,29993,33955,35534,32950,41730,31745,50849,35191,51481,40465,33533,35167,28244,26328,26479,22803,20042,19714,10172,11556,2414,3860,0,110,0,0,0,0,20250803
202507,2호선,뚝섬,19,0,3959,2458,9721,17556,20911,45772,28078,156411,18531,107571,16335,48416,19394,38847,23760,38663,28617,40236,34510,35368,41654,36601,52420,38265,89334,43606,147726,53302,74949,31696,53156,17619,45521,14747,27426,12834,10760,7989,1546,2612,0,55,0,1,0,0,20250803
202507,2호선,문래,27,1,4722,3006,16805,12093,47704,45993,54608,148962,28654,71169,21068,29005,21283,25253,25086,27715,26619,28291,28160,26702,30060,28215,38843,33477,73335,45661,123569,72446,45097,45696,32987,24579,34208,21718,30895,19293,13554,10839,2509,3797,1,105,0,0,0,0,20250803
202507,2호선,방배,2,1,2752,3852,9596,14139,23479,29290,32448,70726,25277,46786,18469,22985,19057,18442,22154,20221,22460,21006,23372,20341,26134,20765,32404,22526,45357,30789,60968,36929,27612,25200,21240,17166,20469,16133,15873,17008,5770,8881,1233,2742,0,24,0,0,0,0,20250803
202507,2호선,봉천,86,3,16258,1365,32168,7734,93375,15981,132100,31341,81508,24988,44228,22028,36480,24416,37666,25753,36502,27862,33667,31748,31205,39372,33602,45944,37099,63918,36547,98934,22387,80137,19100,50001,15990,45668,12340,43878,5044,25244,969,7938,2,631,0,0,0,0,20250803
202507,2호선,사당,135,4,14532,4385,34253,34727,89625,50316,113212,75795,81656,53932,52552,45405,48102,56795,53601,54977,55921,54779,59057,54671,61875,67444,67819,90118,86638,140312,107046,193475,70618,126811,68214,76898,78121,73224,73815,70787,40274,40842,6964,11474,2,555,0,0,0,0,20250803
202507,2호선,삼성(무역센터),180,3,7275,6941,7909,60209,15785,160939,21015,353345,21479,272634,26036,136436,40742,98590,54295,90820,70059,94623,89266,81369,115273,71552,155846,66159,267681,73079,330107,67522,173043,36867,132941,21124,111470,17445,70454,13442,18759,6887,2273,3587,3,1136,0,0,0,0,20250803
202507,2호선,상왕십리,5,1,6369,876,16074,6705,45274,12962,69405,32123,39344,20026,23502,15010,20656,14379,21439,15412,21107,17871,18550,18577,20101,21664,23018,27056,26910,37486,28371,60749,18517,39113,12498,26029,11255,23938,7568,22591,2876,13269,537,4308,0,19,0,0,0,0,20250803
202507,2호선,서울대입구(관악구청),5063,28,29671,3351,48950,15240,138926,29441,187939,75894,124407,66321,72118,49036,60265,46330,69251,49078,69476,53448,61926,55998,65286,64591,73867,77868,86324,110757,95717,181654,55113,145725,48431,90684,47625,86543,41184,88178,20568,50507,3870,18288,1,3785,1,0,0,0,20250803
202507,2호선,서초,9,0,1896,5097,9828,26904,20305,58665,31401,123435,29322,90518,22322,43250,30859,33958,27019,26453,34070,28543,34455,26753,44354,23189,53077,24887,83162,27336,102289,29711,42704,20563,31544,13682,31349,12924,17931,12335,6289,6324,1077,1580,1,14,0,0,0,0,20250803
202507,2호선,선릉,127,3,4894,6915,12804,50443,24770,146560,39561,317082,37829,233381,42564,110579,53122,72851,65213,71739,73546,77750,82275,60733,109781,54195,142722,55473,244125,63002,328068,66334,161774,41822,104372,26887,95580,25039,81760,21134,27112,11930,4452,4886,4,83,0,0,0,0,20250803
202507,2호선,성수,120,4,5678,5291,9376,38332,22306,84657,29348,274722,23888,180557,23135,113038,29646,105472,41767,107655,56879,109864,71511,103762,93708,100852,123015,97345,188559,95216,299491,94725,164652,55638,136070,28660,114972,19456,74220,15934,25264,11251,3672,5695,1,847,0,0,0,0,20250803
202507,2호선,시청,11,1,1184,2342,2494,23363,5473,84582,9096,249236,14941,96758,21412,32053,27812,27172,27709,27297,31842,28280,37266,23318,45115,21080,55859,20443,117446,23494,190143,24919,65066,13898,50430,9549,43918,9269,27151,8234,10208,4914,1237,1359,3,43,0,0,0,0,20250803
202507,2호선,신답,5,0,1311,71,2334,681,7328,1025,11789,1623,4776,997,2603,1085,2125,1201,2021,1427,1793,1456,1561,1969,1529,2949,1922,3773,1968,5167,2127,10960,946,7044,714,3780,515,4080,333,3114,145,2042,31,503,0,0,0,0,0,0,20250803
202507,2호선,신당,30,7,6024,1257,12411,7715,33849,15997,56467,31783,30870,22896,21186,19039,20691,21100,22736,21658,23139,22147,22202,22536,23361,25609,27202,30715,31058,42936,34831,63361,22917,39750,19505,24774,17911,22668,16431,20667,7916,12072,1608,3817,0,30,0,0,0,0,20250803
202507,2호선,신대방,314,1,25835,2216,37568,9806,98325,16281,136584,25976,84465,19299,45214,18530,35053,19205,36087,21794,33733,25033,28418,29177,28242,37546,32111,45661,34275,61896,32067,96421,21200,82005,16505,56155,13558,58949,10487,56406,5099,31590,942,9491,1,66,0,0,0,0,20250803
202507,2호선,신도림,4324,29,39131,5504,61928,20789,154310,47273,157646,115379,93975,77648,64138,54969,61858,56834,68597,58153,68477,64484,70189,63438,72784,71886,81483,85173,108073,115666,129004,177964,70398,123896,56004,76246,54188,72743,48844,70529,23207,48097,2889,20555,14,2738,0,0,0,0,20250803
202507,2호선,신림,198,13,39037,4368,74219,18331,197809,30305,286627,50736,173364,46403,93409,42268,76317,46558,81451,52056,76561,59293,70014,65652,68343,82485,75954,100192,78634,139082,81665,236826,55041,200263,48417,130180,44765,126370,37508,118415,20815,74959,4754,24551,2,397,0,0,0,0,20250803
202507,2호선,신설동,28,0,1241,236,1834,2349,5672,5860,10181,13883,5894,9800,5476,8205,6943,7041,7807,7228,7823,7574,7946,6113,8138,5661,9462,5211,12517,6172,12974,8398,4698,5812,2920,4118,2380,3805,1622,3637,697,2299,119,891,0,148,0,0,0,0,20250803
202507,2호선,신정네거리,105,0,9486,831,20108,2498,53365,4978,47637,12644,24974,9320,17349,8282,15677,8841,16066,10473,14338,12563,12420,13099,11826,17001,13093,21758,13343,32145,12153,51460,7475,36787,5879,21492,4738,18342,3413,17539,1618,10523,348,3090,1,131,0,0,0,0,20250803
202507,2호선,신촌,50,3,6550,2605,14944,15501,38628,36275,56459,86798,40297,94205,40042,66319,48885,61980,60626,64615,66133,75992,65865,63925,74834,60696,86051,67919,103706,84384,102024,115836,68929,76451,71250,47720,74513,43023,68427,40800,30662,25955,5415,6990,2,169,0,0,0,0,20250803
202507,2호선,아현,10,0,5047,1057,12350,5752,32888,11414,45441,21475,25939,14828,18436,10926,16983,10452,18570,11946,17957,13746,15311,14046,17318,16767,19600,19222,20002,26259,20205,36933,13283,26481,9829,18677,7305,17440,5147,16341,2027,8565,379,2716,1,8,0,0,0,0,20250803
202507,2호선,양천구청,43,0,5295,751,13138,2846,34357,5825,31707,9847,16496,5426,11421,4698,9721,5361,10593,7160,9539,8146,7853,8553,7948,10841,8761,13864,9202,20151,9238,31295,4204,24838,3208,14628,2632,13198,2234,11058,768,7810,148,2384,0,14,0,0,0,0,20250803
202507,2호선,역삼,19,2,4089,6810,9360,50942,16726,180390,28004,409010,26149,330145,27175,133987,37300,68285,43998,61870,50717,67602,61702,51712,82743,45329,112334,44904,257025,54038,313752,62986,169147,37844,94246,24212,85887,21292,57218,18279,21315,10803,3795,3497,1,31,0,0,0,0,20250803
202507,2호선,영등포구청,48,0,5461,3209,14860,14462,44333,45275,55598,137923,33222,61727,24199,29585,25626,25806,27763,26475,28648,29450,29695,26431,33371,27597,39936,31236,65406,42267,113655,65690,41092,42736,31432,25010,28145,22564,20558,20985,9633,13374,1785,4894,3,116,0,0,0,0,20250803
202507,2호선,왕십리(성동구청),588,6,6442,980,10500,8227,28827,14469,48509,28604,30409,22003,20497,16473,20392,17801,23850,19723,23309,21070,22922,21461,24952,22971,31159,27544,36229,38131,36390,60253,23847,35846,22865,23429,24368,21159,23589,21081,12617,13332,2356,4892,0,39,0,0,0,0,20250803
202507,2호선,용답,23,1,2378,530,3882,1640,9189,1908,15078,3079,8165,2538,5490,2253,4596,2665,4418,2892,4558,3051,3882,3421,3791,4417,5005,5803,4959,6990,4056,12049,2575,8029,1953,5690,1400,6848,1117,6400,520,3460,162,1132,0,0,0,0,0,0,20250803
202507,2호선,용두(동대문구청),60,3,1104,98,2066,1081,6347,2865,10303,6249,5966,3844,4346,3717,4060,3643,4308,3261,4138,3812,4246,4030,4882,4701,4977,4935,5429,6032,6054,9638,2713,6292,1893,3949,1730,3593,904,2651,329,1703,60,537,1,8,0,0,0,0,20250803
202507,2호선,을지로3가,20,2,1224,2253,2968,26476,7465,86137,14475,191087,19256,73131,24950,32908,29155,29181,29501,28326,31186,30624,35632,27842,39437,28005,52131,34067,105822,40671,155277,48486,58991,30370,47005,19343,50275,17733,41526,15633,21986,9543,3581,2221,0,68,0,0,0,0,20250803
202507,2호선,을지로4가,8,0,1195,1197,2465,15895,6472,39448,13166,82100,15421,41674,19622,25708,23057,24821,23530,22443,24248,21893,26113,20105,28710,19789,35427,19368,66819,20908,73989,21605,30838,15389,19743,11738,16326,11940,11008,11775,5437,6857,1040,1792,0,18,0,0,0,0,20250803
202507,2호선,을지로입구,99,0,2905,3213,4803,36407,11929,143427,18237,366012,27615,174632,36314,94931,46613,78837,53382,70426,65161,72321,73598,65345,87447,63743,107455,67576,190778,77461,302927,79717,140938,53067,136506,37233,94328,30899,75247,24714,31962,13047,4373,4529,0,1095,0,0,0,0,20250803
202507,2호선,이대,13,3,3538,936,10397,7578,29974,15449,41049,48267,24425,36071,19578,25079,21797,22785,28205,26631,26701,26668,24503,24164,30315,24838,32915,27387,44165,34810,40141,49115,24029,34818,19113,24614,19158,24135,15552,24819,5981,16346,935,4742,0,71,0,0,0,0,20250803
202507,2호선,잠실(송파구청),56,2,14383,5539,56691,37554,135119,86626,178261,191256,125728,167448,87372,138318,88236,129584,99763,129657,109124,134543,120367,132838,145014,142883,178813,158481,222020,199080,255705,261569,176718,168098,171264,109330,161415,103352,109035,90899,34346,47354,5523,9917,0,24,0,0,0,0,20250803
202507,2호선,잠실나루,6,0,4015,3197,14783,18499,42992,24625,50658,40502,32586,24162,25295,18955,24124,16413,22904,20837,20935,21137,22043,19157,25122,19744,33064,21286,40447,28953,31689,42987,15514,30387,11180,19179,8155,19183,5991,17560,2648,9117,427,2681,0,5,0,0,0,0,20250803
202507,2호선,잠실새내,55,1,6066,1038,20976,9946,67356,18335,87503,32080,54755,32939,37720,26813,34823,28905,37131,31833,36511,37126,33961,40583,37728,46014,41811,55683,46569,71897,47248,97426,33780,63086,29241,39402,29787,36654,30230,32430,16248,16622,2954,4876,1,13,0,0,0,0,20250803
202507,2호선,종합운동장,4,0,1784,1716,6935,15249,19007,18269,25050,28024,17091,14567,13221,12914,13322,14467,15523,17295,16206,17676,17549,20807,18425,30734,21672,62441,24115,140125,21063,100737,12914,27417,33100,14110,159821,15760,69910,12384,6752,5899,395,1632,6,116,0,0,0,0,20250803
202507,2호선,충정로(경기대입구),20,0,3553,990,7201,7197,17514,27806,24529,66147,15911,29825,11857,12496,12488,10617,13374,11270,12896,13545,13060,11506,14552,11783,17237,13405,36119,18109,49459,23470,15885,15238,11453,11289,9959,10995,6244,10609,2891,6486,588,1992,0,33,0,0,0,0,20250803
202507,2호선,한양대,2,1,1106,766,2790,8093,6386,11653,9949,39433,7584,51863,6586,21053,11956,13024,13488,18761,16551,19623,14192,13524,17166,11073,26236,10345,40317,11438,37080,13685,16491,9241,11116,6943,11029,6550,8359,6440,4783,4387,1011,1361,0,7,0,0,0,0,20250803
202507,2호선,합정,115,9,10762,3174,18252,14310,43080,34170,54098,103804,34915,92510,27363,55787,31619,52721,37098,54890,41966,62166,44940,55645,49289,57279,59723,68483,81734,88781,123512,122123,79813,81380,68763,45000,74525,37542,71851,33792,37258,22728,6611,8873,1,94,0,0,0,0,20250803
202507,2호선,홍대입구,762,26,25683,3664,30880,18257,64137,44224,84065,118154,63630,143556,59277,124370,70486,148981,81653,174371,98091,186345,109220,176215,133782,176196,162389,181755,191635,206823,222299,244599,187686,175462,191376,112842,212431,92523,201800,78387,97781,52909,13209,18610,6,1956,0,0,0,0,20250803
202507,3호선,가락시장,60,17,3169,928,8908,6445,24184,12605,24674,28272,17128,14557,14786,10619,13875,10958,14121,11833,13311,12087,13261,12561,14597,14065,16378,16009,21363,20980,27910,27578,12396,19556,9774,12387,8648,10921,5899,10460,2351,5209,416,1838,0,38,0,0,0,0,20250803
202507,3호선,경복궁(정부서울청사),51,25,2415,2029,6840,16432,14595,46428,22152,149260,20868,88073,20643,55759,28430,53797,35592,47551,43024,46586,48169,39753,55074,35202,65191,35267,92259,34676,122947,36961,49142,22275,40898,12985,37730,11025,24413,10425,8848,5653,1167,1552,1,39,0,0,0,0,20250803
202507,3호선,경찰병원,5,0,3242,285,9393,3691,25503,11441,28707,29379,16133,17376,12250,9850,11137,7672,10181,9205,10311,10188,11048,9103,11378,9517,11784,10267,18116,16974,21197,24220,7956,18665,6251,10932,5234,9530,3400,8929,986,5203,129,1519,0,0,0,0,0,0,20250803
202507,3호선,고속터미널,127,4,5663,4110,8353,35118,28289,50269,48918,77639,55269,100705,58538,109023,72271,117085,87133,107635,97212,105620,113187,109211,131987,111528,144269,109850,158568,118180,147061,125030,120950,77995,132677,50366,82213,38049,50375,28512,17308,13147,2037,2220,0,6,0,0,0,0,20250803
202507,3호선,교대(법원.검찰청),75,1,2099,947,5175,7476,11892,20871,16785,52866,14163,39455,15380,18560,19652,13381,21748,12535,26099,12731,30110,11672,31710,10480,35767,11851,56924,16390,77914,20800,35345,11342,30011,6365,30200,5195,22792,4745,8584,2600,1343,914,0,3,0,0,0,0,20250803
202507,3호선,구파발,124,1,14029,1655,38488,12731,92281,23349,86463,30675,46741,26610,32518,30355,31712,29856,32455,31128,31469,32177,32537,32401,38358,33447,43260,40717,43536,50724,33707,83290,23048,66317,19036,37874,16455,33192,12501,30969,3521,21505,717,8551,1,117,0,0,0,0,20250803
202507,3호선,금호,64,6,4697,683,11199,2867,29862,5074,39732,9763,23728,7279,14400,7149,12269,7306,11878,8324,11057,10026,9585,10646,9806,13086,10840,16358,11982,22217,12028,32597,8454,22130,6183,15267,4709,13654,3772,12934,1939,6559,394,1706,0,0,0,0,0,0,20250803
202507,3호선,남부터미널(예술의전당),43,1,3253,1369,9997,31050,31380,73221,47935,168200,39506,95476,36305,50298,40375,38006,40773,40102,43849,46821,45069,45714,52473,45156,67686,48462,121445,54951,147646,64909,64771,40941,43556,25545,38459,20309,29756,17315,8186,9632,919,2560,0,5,0,0,0,0,20250803
202507,3호선,녹번,60,3,10546,482,27659,3765,75657,8618,81245,17842,43892,10748,26889,9534,22473,10297,21794,12766,19814,14050,16547,16217,16246,20323,17364,27424,18011,37332,20207,66069,10352,50943,7891,31348,6165,28266,4215,25404,1522,13899,311,4008,0,3,0,0,0,0,20250803
202507,3호선,대청,137,2,4190,1245,13719,7827,34496,20022,41144,29632,22607,13966,16692,9899,15299,9063,14322,11209,15256,12309,14260,12611,17924,15125,20202,16447,26884,23526,29383,33075,12649,26131,9344,18324,7321,16280,5478,16878,1818,8455,325,2777,0,14,0,0,0,0,20250803
202507,3호선,대치,12,0,3246,618,14443,8812,31113,25532,31247,33756,18242,22961,15078,15438,14093,14391,18187,20121,18988,23888,16900,20389,18354,21524,21822,25889,37942,33810,31862,35869,20221,25653,14600,14878,18678,14479,43849,11494,3918,6552,401,2120,0,1,0,0,0,0,20250803
202507,3호선,도곡,28,1,1291,420,5081,4965,12978,15618,16170,23449,9613,18020,8131,8032,7815,7387,8231,7691,8655,8119,9620,7718,11162,7829,13092,8441,19228,10979,20389,14366,9645,10705,6762,6761,6080,6106,4878,5428,1303,3145,218,1675,2,280,0,0,0,0,20250803
202507,3호선,독립문,178,3,5359,1060,6994,6973,16699,15814,20947,23937,16307,17698,14029,13046,14868,10341,15667,10902,13433,11889,13461,11475,15668,12058,16461,13152,17280,14727,16713,18962,8041,14826,6114,9949,4990,8880,3620,7549,1172,4997,186,1846,3,489,0,0,0,0,20250803
202507,3호선,동대입구,13,0,1480,1163,3077,10710,5504,17757,8881,55420,7865,32325,8281,22539,10625,17417,10188,18239,16574,19114,14508,13772,14824,12353,21126,14440,36774,18150,42068,17482,20500,10284,22475,6257,18790,6076,14042,4532,3291,3028,451,1057,2,83,0,0,0,0,20250803
202507,3호선,매봉,27,0,2050,848,7771,10595,20098,27222,23605,84364,15863,36754,15252,18309,14842,16313,15813,14576,17231,14701,19252,13559,21309,14442,24879,15440,43449,21816,66485,26853,21817,16915,17121,10527,18310,9300,10831,8557,3238,4322,459,1328,0,40,0,0,0,0,20250803
202507,3호선,무악재,3,1,2128,170,5858,1443,17126,3240,20119,6146,12063,3614,8222,3585,7143,3865,6446,4315,5760,4805,5346,5435,4991,6738,5800,8574,6623,11475,6882,17584,3438,13711,2428,8612,1906,8014,1396,6753,585,4331,99,1104,0,1,0,0,0,0,20250803
202507,3호선,불광,47,2,10549,1647,21037,7159,57078,12111,67247,33806,38477,27348,27087,23474,25707,25176,26717,26721,26299,29698,26258,28117,27534,31854,29176,35697,30739,43017,32352,64826,17941,48326,14261,29755,11842,26540,8135,23945,3382,13604,609,4552,0,0,0,0,0,0,20250803
202507,3호선,수서,130,1,4874,2679,14644,17495,41929,37033,48251,61880,31257,36740,37994,24412,28365,22142,34252,26030,30585,22998,24900,24259,35089,28747,37970,31630,49590,40042,55927,55701,25103,40995,24633,27745,16192,23380,15339,22321,7084,8888,668,3253,1,252,0,0,0,0,20250803
202507,3호선,신사,54,4,3325,1953,6625,17906,11976,45980,18189,113981,15713,144523,18981,70406,24597,45503,28195,43090,33879,46094,41108,41183,48842,37733,59059,40693,91030,51439,132923,63806,90297,34017,59508,18418,58140,14015,48435,11504,20224,7767,3027,3350,0,2,0,0,0,0,20250803
202507,3호선,안국,19,0,1523,2193,3117,27780,6374,97891,11182,131895,15331,88703,18390,66798,28064,64397,40022,54949,45008,52483,53507,48639,66572,39707,85397,36777,126235,33100,129639,29601,56914,14373,47052,7991,37595,6862,18857,6346,6785,3627,628,995,1,0,0,0,0,0,20250803
202507,3호선,압구정,94,1,3133,2513,9017,25429,16786,53794,24815,153342,21112,157833,25600,80834,31750,66048,39041,54931,46440,57227,54884,50241,63289,46912,76165,47326,105004,58253,145300,61982,97260,34408,77124,18283,54957,14614,40553,12185,11733,6296,2003,2044,3,217,0,0,0,0,20250803
202507,3호선,약수,130,1,6614,1123,11010,6444,27804,14633,37646,34651,26376,22594,19604,15966,18074,15973,19088,15723,19794,16655,18697,17772,19734,19631,21852,23740,28147,30748,32642,43846,19948,26573,16179,18207,15774,16549,11632,14966,5140,8501,851,3355,1,380,0,0,0,0,20250803
202507,3호선,양재(서초구청),70,0,4960,3330,15632,43673,40143,121729,49797,254929,33239,127298,31075,55597,33783,45061,37846,42044,42283,46094,47118,40085,58092,40934,75724,44197,144251,65020,208727,81710,91821,51044,66229,31963,60789,28072,39376,23751,12974,12071,1516,3501,0,20,0,0,0,0,20250803
202507,3호선,연신내,313,12,26816,2848,53549,14730,126519,30013,154513,47762,87821,41785,60627,37484,55932,38349,59726,40500,54044,44724,49821,47536,52327,58266,60091,68974,60111,88852,59549,142752,40168,112044,32818,65958,28861,62454,24268,52048,11850,34021,2042,11466,5,11,0,0,0,0,20250803
202507,3호선,오금,21,0,4849,14,10636,2755,32847,6630,33407,13746,16400,6524,9789,5242,7804,4831,8447,6064,8389,6748,7164,6599,6989,8390,8462,10007,11462,15541,12520,23963,5017,16713,3881,10971,3396,9356,2872,11273,804,5421,158,2008,0,4,0,0,0,0,20250803
202507,3호선,옥수,211,3,3416,941,10041,4508,25706,7958,33263,13891,22631,10926,15205,8952,13483,10197,13844,11473,13504,13001,12886,13840,13623,16211,15231,18445,16839,26933,17118,36917,11412,25702,9552,16995,8864,15328,6124,13926,2508,6472,457,1861,0,1,0,0,0,0,20250803
202507,3호선,을지로3가,11,0,789,1382,1630,11035,4370,41101,8302,86432,11038,32973,13124,15829,13680,14661,13553,14451,15199,15341,17260,13523,18972,14326,24209,16745,50882,21276,76686,25999,29377,15009,22488,8590,22887,6662,19328,5645,10351,4476,1609,866,0,3,0,0,0,0,20250803
202507,3호선,일원,10,0,2609,1750,10061,14802,26768,37896,27798,28466,19642,22199,19923,17892,20017,13711,19055,16111,17358,16351,18476,16022,23261,14536,28938,13812,41776,17648,21030,24559,11592,18905,7308,12903,5087,12209,3805,12457,1573,5193,160,1599,0,20,0,0,0,0,20250803
202507,3호선,잠원,4,3,1518,832,5552,8647,16255,9631,22179,12863,13032,9243,9549,6336,9564,6265,9834,7866,9489,8885,8314,8334,10791,9003,13313,9142,15819,13438,12269,18989,6780,12611,4903,8568,5023,8373,3857,8876,1056,3787,152,1236,0,0,0,0,0,0,20250803
202507,3호선,종로3가,12,1,845,1161,1302,7716,2386,18835,3823,46716,6401,46428,9605,37838,12335,29284,14875,26434,16828,25487,19216,23255,22941,21556,28447,21661,44041,21914,56271,21452,29029,11499,21122,7159,23283,5810,18023,4451,7704,3229,1028,1040,0,8,0,0,0,0,20250803
202507,3호선,지축,32,0,3395,917,13481,5005,34260,6676,34441,13492,17111,8758,11339,6904,9639,6785,10277,8031,9924,9535,9190,8755,9910,10900,10984,14540,13227,19171,11962,33500,8028,24922,6494,16562,5903,14135,4353,12290,2098,6818,344,1238,0,4,0,0,0,0,20250803
202507,3호선,충무로,0,0,0,0,1,0,1,0,1,0,2,0,3,0,7,0,10,0,9,0,15,0,2,0,8,0,9,0,19,0,23,0,11,0,4,0,4,0,6,0,3,0,0,0,0,0,0,0,20250803
202507,3호선,학여울,1,0,772,282,2382,2292,4704,3899,4993,8230,3426,7220,2719,5923,3119,3926,4618,3692,5349,4017,5170,3532,4550,3175,5447,3462,7387,4064,7601,5200,2598,4075,1807,2662,1647,2288,1296,2037,284,1134,42,334,0,0,0,0,0,0,20250803
202507,3호선,홍제,107,10,10802,1402,26296,6538,68510,11298,74520,24380,46478,19930,33654,17507,29469,17491,30207,19256,27368,20783,24876,23767,25468,29520,27270,34167,28758,45391,27136,67130,15692,51382,12899,31468,9996,28937,6608,23788,2602,14643,389,4022,0,5,0,0,0,0,20250803
202507,4호선,길음,45,4,11658,1607,37072,7878,93933,14241,95490,29454,51534,22266,34180,18079,30685,18914,30953,24194,29813,25993,26725,26429,27888,30960,32002,39514,32546,55387,31758,83603,18416,66382,14899,41397,11088,38156,9564,36356,3519,21257,534,5280,0,0,0,0,0,0,20250803
202507,4호선,남태령,11,0,615,78,1316,2197,2600,6283,4146,6036,2800,1860,2453,1358,2396,1115,2210,1367,2003,1315,2246,1269,2662,1396,4037,1818,5816,1843,4529,2044,1835,1724,1101,1610,736,1204,504,1049,278,635,33,179,0,0,0,0,0,0,20250803
202507,4호선,노원,318,7,13260,909,27168,10375,58295,15878,58241,34961,35354,36596,28294,27509,27802,28073,32593,32270,32070,35804,32240,33959,34459,37428,37743,46489,39070,59872,38821,87900,28843,69499,30857,41336,29734,35168,24882,30834,11754,20432,2646,7349,12,821,0,0,0,0,20250803
202507,4호선,동대문,254,8,4524,2087,3132,16447,5230,35556,8024,68587,14130,65885,21150,59764,27795,53756,32631,46275,38200,42503,46359,40766,54319,34230,70824,27990,87707,22036,60889,19773,31776,19863,24572,14558,26337,10784,14873,8599,7918,5424,1257,1534,3,140,0,0,0,0,20250803
202507,4호선,동대문역사문화공원(DDP),305,5,5666,1631,4731,14992,9090,32194,14351,72543,17908,42763,20552,33502,23364,32086,26392,29912,29260,30621,34647,29981,42097,27285,50609,26710,72662,29426,85403,31144,49481,29895,41806,21267,38624,18757,29774,16264,15435,10620,2729,3412,5,161,0,0,0,0,20250803
202507,4호선,동작(현충원),13,3,303,3193,1023,9122,2208,4042,2547,5490,2223,2765,1715,2294,2758,1583,2191,1812,2060,2308,1937,2008,3420,2069,8869,2024,7213,2685,4894,3601,2576,3319,2735,3224,3064,1551,2166,983,975,589,148,341,0,101,0,0,0,0,20250803
202507,4호선,명동,29,0,1573,1029,4264,28127,8332,57084,16538,132639,30620,94878,37397,66086,45322,70060,46872,72404,51615,76098,59617,71514,71193,70029,88212,74477,103851,77210,146104,74967,86284,60764,79728,46772,81964,35360,76989,21048,33817,11874,2177,3183,3,144,0,0,0,0,20250803
202507,4호선,미아(서울사이버대학),29,1,12431,1582,23288,6598,51556,17540,53574,38078,35427,21755,27059,18467,24965,17354,27695,18087,24969,19837,22538,21213,24032,25834,28480,30104,28469,36342,30327,48897,17760,40756,12676,25434,11090,23291,7656,20491,2964,13293,504,3661,0,23,0,0,0,0,20250803
202507,4호선,미아사거리,97,0,15614,3008,39290,9170,90952,20978,98780,36670,59231,32250,41962,29508,39562,31135,41915,33307,40990,35315,39009,38008,43145,47606,46268,54419,42778,71069,44752,100630,31480,77006,30533,47375,19205,42758,13148,36628,6254,21737,1044,4710,0,1,0,0,0,0,20250803
202507,4호선,불암산,94,2,9290,33,19439,4927,49410,8066,37984,11732,23147,11029,17447,10728,15231,10042,15300,10667,14535,10651,13397,12299,12908,14167,14675,16960,14241,19811,13416,28723,8397,25967,6231,17594,4739,15600,3134,14889,1680,9960,355,3278,1,416,0,0,0,0,20250803
202507,4호선,사당,162,29,11706,1219,31059,18393,74875,25218,84824,36887,63627,28974,42410,23616,34971,30940,36437,29909,37405,27919,37151,27868,37284,33258,40643,45835,48024,68575,51091,103637,33785,63698,32053,36864,36070,33926,32783,32290,15411,20940,1973,5790,3,503,0,0,0,0,20250803
202507,4호선,삼각지(전쟁기념관),4,4,551,487,2472,6125,7569,13135,11708,24671,7375,13936,5427,10511,5955,11882,7509,13003,8612,13276,9390,11326,10532,12207,11910,15278,17795,21979,28210,30448,13840,17928,14499,8859,18055,6941,15965,5759,8421,3754,1186,1490,6,57,0,0,0,0,20250803
202507,4호선,상계,109,1,16048,296,44059,7995,92138,17508,74722,22973,44876,18741,32686,16607,28493,17659,31533,22389,29375,22085,24400,23488,24860,28837,27184,36638,27788,47005,25548,70716,16646,62967,13578,38741,12250,33811,11925,30278,3852,20086,688,6289,4,672,0,0,0,0,20250803
202507,4호선,서울역,234,27,5067,1040,6924,16372,14057,46851,17174,104222,14868,62727,14627,34543,16636,36013,17549,38404,16562,37298,16663,34949,18642,38512,24118,42269,53819,45039,73265,46454,25890,34076,17649,24735,15620,24093,11301,20568,5273,10320,585,2905,1,231,0,0,0,0,20250803
202507,4호선,성신여대입구(돈암),51,15,6409,1739,20847,7884,50662,18040,57818,35717,39456,32357,30622,23687,30677,23881,35851,28949,35763,31731,33445,31470,35508,33476,41681,41549,45746,53412,47936,72337,31140,56214,28666,37905,29194,34991,25195,32640,11452,21797,2111,5806,0,1,0,1,0,0,20250803
202507,4호선,수유(강북구청),105,8,24178,3433,49672,12177,118009,23405,124662,59707,80189,42086,56392,32012,51176,33761,54853,37108,53097,42024,48550,43995,49257,54444,54533,68546,57702,88379,65918,128886,38345,110484,30982,70907,27384,62642,20886,59351,11562,39989,1896,11011,0,45,0,0,0,0,20250803
202507,4호선,숙대입구(갈월),6,0,3440,1021,8791,10663,19223,24693,29752,54822,22512,31410,17957,18479,18424,19444,21710,19188,22646,20991,21850,19856,24334,21281,31704,25369,42142,34089,52505,43300,26011,28167,23470,18318,24378,16757,19948,15603,9584,9617,1218,2045,0,46,0,0,0,0,20250803
202507,4호선,신용산,9,0,1515,1323,4622,15818,12520,47898,19834,107513,17592,76784,14659,38752,21370,37248,23450,40416,28367,40362,29224,36415,39186,39487,51671,42502,80002,52299,112030,60914,55039,33023,47429,18641,47388,13754,35604,10359,14701,5077,1874,1255,0,87,0,0,0,0,20250803
202507,4호선,쌍문,209,16,26971,1253,58232,9799,131334,16861,131664,30854,77980,24424,54243,22468,45971,24103,46891,27383,42733,30682,37431,33128,35411,43849,38262,53910,39080,71959,35575,109917,23612,99905,18228,61638,14000,55739,10234,50573,4410,32024,781,10564,0,66,0,0,0,0,20250803
202507,4호선,이촌(국립중앙박물관),31,0,1401,1048,5690,9000,13484,14604,18279,28363,12425,28723,10019,32743,13970,30219,23447,31252,26685,37460,29436,33879,38904,28216,49070,22076,49646,20243,40654,24639,14313,15731,11375,10264,9489,9503,4678,7810,1550,4417,181,1316,2,90,0,0,0,0,20250803
202507,4호선,창동,2274,38,18227,2519,43404,16659,94545,24380,82189,53218,51940,40707,42672,34858,42454,33556,42771,40131,40495,47025,39664,46574,45692,49143,52517,56482,53787,71534,56425,98213,32519,80154,25192,48927,21875,42024,16383,38598,7089,23300,1196,8047,2,177,1,1,0,0,20250803
202507,4호선,총신대입구(이수),87,1,6891,1253,19567,13208,51665,21305,63212,45059,38259,33815,28967,26998,27965,26334,30971,28501,30273,30688,28905,32311,31464,37227,33970,44701,41309,57663,45821,83667,27573,50930,26030,30010,22311,26376,17764,22754,8002,13343,1217,3396,8,570,0,0,0,0,20250803
202507,4호선,충무로,58,4,3439,3039,5623,25783,12839,68660,21115,193208,28507,109095,32424,50955,36793,43709,35422,42109,40213,44056,44010,37147,48759,35520,62787,39400,111699,46236,171083,52981,70160,33753,54214,24846,50468,25486,39461,24493,19811,16307,3506,4611,4,195,0,0,0,0,20250803
202507,4호선,한성대입구(삼선교),35,1,7201,1694,13984,9789,32899,17754,40148,30282,28127,26519,21359,17427,20304,16936,22390,17969,23641,18782,21557,18293,24001,19939,31329,23869,33130,29853,30245,37576,17314,29725,14494,20254,13740,19036,9288,17719,3900,11932,632,5261,0,1426,0,0,0,0,20250803
202507,4호선,혜화,29,2,3329,2210,8278,26336,18327,56334,23440,124141,27335,89981,34196,65311,40034,60354,42019,73598,43373,90991,55394,79034,77194,62427,95812,61561,118411,71250,121983,84906,68544,62349,72667,22460,101051,21490,97609,18852,29044,11398,3639,3587,2,442,0,0,0,0,20250803
202507,4호선,회현(남대문시장),13,1,1544,883,3730,25632,5563,64753,9700,163982,14760,106050,22151,83277,34498,75885,43691,60575,52136,53378,61171,49057,72794,41316,92657,33947,116411,27788,135667,23805,63144,14542,55994,8327,22801,8437,13454,7174,4683,4611,609,1368,1,98,0,0,0,0,20250803
202507,5호선,강동,93,4,12478,1520,23090,11633,60721,30686,73712,56583,38875,31860,28012,20810,25574,19220,28306,20379,24949,25323,24846,23769,27171,25634,32780,29457,44901,37096,48488,62293,22858,44405,16672,29461,13582,27596,9663,24266,3859,15434,862,6069,0,0,0,0,0,0,20250803
202507,5호선,강일,1,0,3300,751,10473,3546,30834,6167,25644,8979,15260,4192,11415,4296,8571,4416,8885,6458,8214,5569,6857,6643,8073,8363,8718,9131,10054,14664,9347,21065,4395,20196,3187,11767,2214,10739,1685,10262,695,6225,176,2041,0,0,0,0,0,0,20250803
202507,5호선,개롱,11,1,4041,864,10724,3016,24803,8530,24594,17579,14533,9554,11205,6928,10197,7458,11100,7118,10266,9041,8815,9998,9491,10460,13693,13721,13309,17529,13677,23368,6572,20856,4899,12146,4551,9693,2559,11097,909,5925,88,1830,0,0,0,0,0,0,20250803
202507,5호선,개화산,0,0,4944,102,10694,3745,25423,7200,25218,15588,13243,6808,9304,5847,9156,6149,9420,7307,8633,6964,8153,7240,7786,8969,8875,10630,13817,13548,12745,21207,5736,17388,4056,10567,3504,10219,2413,9096,899,4972,128,1779,0,110,0,0,0,0,20250803
202507,5호선,거여,2,0,7502,695,19000,3705,47743,9626,44915,19798,23437,10358,16079,7903,14430,8738,15294,8981,13640,12506,12039,11559,12465,14559,14325,19598,16627,24573,16789,42037,7732,34197,5994,18074,5218,16106,3813,16832,1327,8955,150,2849,0,0,0,0,0,0,20250803
202507,5호선,고덕,7,1,4502,1577,12384,7028,29647,19844,25977,24629,17408,18122,16307,15685,17482,12223,18020,14076,16480,19268,17179,15334,20938,17242,22395,18964,26949,18955,21006,30347,12459,25586,10430,13086,9757,12903,9432,11974,2229,5997,393,2484,1,57,0,0,0,0,20250803
202507,5호선,공덕,36,0,1941,964,6047,10058,22508,37613,35065,83861,17321,42643,14301,18516,16264,17166,17432,15935,21252,17006,17776,14830,20196,15877,26570,19153,47707,31018,70498,48816,27017,23149,21524,14369,21686,13182,16068,12227,6664,6279,888,1781,0,8,0,0,0,0,20250803
202507,5호선,광나루(장신대),2,0,4592,2149,13818,9348,32301,14520,35283,32365,20464,18054,16644,14509,15963,12926,16747,14122,17520,14752,16794,13717,18932,15163,22674,18723,23249,23904,28522,33945,14817,24190,11602,15700,12199,14127,8109,13492,2590,7935,433,2065,0,0,0,0,0,0,20250803
202507,5호선,광화문(세종문화회관),1,0,1380,1023,3816,34585,9129,95849,13191,303070,12285,132907,16330,60009,25282,57835,31035,50512,40791,55533,46998,41520,56849,35645,77075,37242,141725,45454,233660,51612,82500,22917,66468,10382,67877,7838,50318,5492,15134,2968,1393,832,1,2,0,0,0,0,20250803
202507,5호선,군자(능동),50,3,7514,776,12235,5991,35729,10306,49500,26574,23164,19319,14384,12988,13761,12841,15121,14666,15996,16209,14442,16244,14694,18290,17522,23270,24242,35301,28180,58275,16667,35612,15067,21771,14577,19928,11696,19314,6371,11624,1332,5501,0,953,0,0,0,0,20250803
202507,5호선,굽은다리(강동구민회관앞),1,0,8187,800,14746,2965,37451,7640,40885,16263,22090,12628,16466,11210,15613,12976,16982,13700,16312,14602,14715,14952,14925,15940,16271,20791,17001,24873,16922,38727,10500,28320,8620,17480,8082,13603,5823,14555,1746,7625,369,2866,0,0,0,0,0,0,20250803
202507,5호선,길동,7,0,5700,905,10586,4372,26885,8403,32131,21593,18033,16374,15504,12076,14802,12093,15972,13139,16136,12816,13602,14501,14168,15142,15953,18744,17697,23182,19043,30845,10367,24320,7851,14821,7322,11868,5527,10915,2259,5910,432,2899,0,0,0,0,0,0,20250803
202507,5호선,김포공항,12,4,1048,3098,5835,9687,20908,19575,26851,25957,14021,14578,13374,15984,18392,19274,22117,19535,26509,19895,28736,18424,33179,17484,32785,17081,35064,18230,40527,17740,24902,10012,22033,5358,20186,3097,18540,2144,6146,1062,421,549,0,18,0,0,0,0,20250803
202507,5호선,까치산,360,5,26223,1618,48003,8188,128437,11779,156446,22497,79049,18911,46538,18467,41259,22110,41184,25064,36386,27430,31244,32440,29955,44192,31841,54883,31435,75872,31523,128963,21051,95666,16371,62450,13433,58352,10662,49074,5189,29257,860,8752,1,437,0,0,0,0,20250803
202507,5호선,답십리,15,2,9534,1522,21531,10554,61417,15254,81364,35610,38232,17824,22465,13340,19342,13528,20890,15591,20396,17454,18206,16832,19837,20248,25765,24890,30788,35495,34175,62929,16906,39105,11883,25258,9489,22961,6525,21575,3194,12361,531,3969,0,2,0,0,0,0,20250803
202507,5호선,동대문역사문화공원(DDP),0,0,270,224,721,3679,1646,11640,2638,32422,3131,12497,4004,4152,3635,3653,3649,3846,3561,4249,4146,3597,4649,3245,6761,3646,15260,4067,23536,4493,8144,2911,4813,2359,3711,2934,2555,2698,1084,2058,149,572,0,8,0,0,0,0,20250803
202507,5호선,둔촌동,8,0,7108,617,18417,6727,49127,12625,48089,26641,27806,15898,19137,13644,18068,13530,19108,16283,18091,19114,17777,17495,18945,20923,20723,24782,24232,33916,26217,52737,14473,36337,12019,18286,9748,19782,7806,15658,3224,8809,397,2637,0,0,0,0,0,0,20250803
202507,5호선,마곡,4,0,3175,3368,9384,13415,26667,25932,27066,72752,14295,42230,12562,20895,14157,18609,15707,18887,17802,19979,20282,17915,25693,18141,33799,21287,47080,25726,60674,36976,28929,24839,22771,13606,20585,11851,13131,10477,4646,5387,636,2052,0,0,0,0,0,0,20250803
202507,5호선,마장,1,0,2717,610,7254,3931,17600,7287,21348,14861,12287,9267,9152,6895,8293,6600,10546,7533,8925,7284,8442,6829,8919,7389,10938,8805,11532,12265,11785,19008,6917,12034,5398,8090,4996,7717,3403,7533,1293,3985,185,1431,0,3,0,0,0,0,20250803
202507,5호선,마천,139,0,7440,332,15832,2854,44117,4755,32775,11785,16977,6656,10683,6205,9357,5723,10226,6616,8565,7933,7680,6916,7551,11197,8679,12885,8245,15834,10515,25817,4497,22609,3769,11501,2628,11767,1679,11394,649,6558,115,2460,0,0,0,0,0,0,20250803
202507,5호선,마포,8,0,2771,1340,9334,10139,29794,24742,40466,77360,20850,38847,17871,18706,18133,18321,19482,16332,19736,17553,18672,15443,21184,16913,25614,21678,42810,32813,63983,49223,22583,27045,20245,17451,21056,15495,14685,14019,5845,7809,779,2237,0,3,0,0,0,0,20250803
202507,5호선,명일,7,0,6106,1787,13964,3392,33607,7026,31886,13632,17485,9783,14846,10053,12977,9580,13740,8701,12126,11904,11766,11082,11545,14046,12731,17693,12560,19252,12621,34836,8292,24995,6951,14353,6418,11613,4020,12059,1733,6838,398,2234,0,2,0,0,0,0,20250803
202507,5호선,목동,45,0,9127,1518,22900,6044,62967,19136,74536,30285,35575,22832,25411,16326,23606,15345,24402,18118,22822,22482,20897,22039,22031,25529,23561,33139,29433,49791,30374,86851,16278,55161,14397,32001,14502,29518,16497,27263,4728,14781,653,4794,0,0,0,0,0,0,20250803
202507,5호선,미사,19,1,8936,975,24514,9460,75463,15054,68162,29718,33945,25001,24021,19724,22691,19636,24618,21856,24548,21192,22919,24731,26592,24249,28326,32318,31323,46683,33979,71043,20157,66976,19005,36283,18991,28876,16678,25302,7743,16278,2401,5779,0,0,0,0,0,0,20250803
202507,5호선,발산,2,0,4019,2888,12061,17170,32562,50511,33824,135069,22645,66944,22959,36578,27045,33441,30806,32048,33523,33668,37280,30823,43206,31568,51466,33254,85495,41889,101986,58799,44261,39802,38352,23304,36703,19075,28468,16522,11708,9760,1563,3269,0,0,0,0,0,0,20250803
202507,5호선,방이,4,0,2950,999,7677,4243,20770,8982,19743,26476,12307,14075,10830,10035,9887,9083,11451,12427,12032,11043,10435,12550,11616,12837,12711,14267,17273,20678,21176,24080,10475,18347,8976,10193,11975,8625,12040,7542,2551,4834,284,1256,0,0,0,0,0,0,20250803
202507,5호선,방화,35,0,6003,8,13358,4235,29782,6650,27250,14630,15796,9049,12645,6697,11975,7380,12306,8129,11529,8954,10240,9641,11382,11096,11564,13434,11906,16725,11964,25051,6082,21079,4383,12745,3133,11726,2228,11226,896,6380,167,2307,0,276,0,0,0,0,20250803
202507,5호선,상일동,100,2,11192,1467,35229,6440,80343,12931,60555,19898,34586,11328,24366,10156,20305,10016,20448,15573,17904,17410,16452,17222,18742,21727,19891,23732,21880,37834,22467,60946,11819,50940,8677,27572,6055,26043,4354,23570,1997,13520,541,5808,1,1052,0,1,0,0,20250803
202507,5호선,서대문,38,0,3092,1025,6912,20300,21415,78266,25824,190806,18799,50808,20008,25521,21740,20012,23745,20436,21958,24470,25256,18295,32035,16435,42723,17502,81036,21327,134636,28644,34946,15620,27376,11107,23619,11624,15258,9175,5410,5265,472,1512,0,17,0,0,0,0,20250803
202507,5호선,송정,10,0,3980,1086,7863,4364,19115,7766,23610,11945,14984,7071,11805,6385,9924,7508,10733,8244,9632,8435,9433,8678,9544,9546,11061,11715,12151,14462,13131,20892,8057,16219,5750,10799,5127,10500,3969,9438,2172,5603,270,2110,0,6,0,0,0,0,20250803
202507,5호선,신금호,42,0,2864,517,7599,3089,22687,8277,29105,14174,15644,8190,9943,6470,9373,6550,9495,7751,8659,8281,8713,8819,8714,10648,10492,12581,10051,17534,10934,27567,7816,18159,5270,11146,4418,10651,2847,9152,1258,5553,336,1857,0,0,0,0,0,0,20250803
202507,5호선,신길,25,1,2242,354,4832,2050,19800,5567,28739,15323,11342,7457,7802,3430,5992,3878,6478,3997,5765,4923,4984,4796,5412,6093,6356,7747,9689,13423,14640,25582,5584,14099,4241,11304,4132,11323,3164,10573,1810,6477,228,1670,0,0,0,0,0,0,20250803
202507,5호선,신정(은행정),142,0,12923,1015,25574,3755,65434,8532,80044,15129,37624,9501,21367,8105,18879,8743,18160,11088,16569,12840,13958,13801,14365,17327,15749,22168,17383,32368,16524,51734,9184,36327,6943,24354,5793,22726,4389,21829,1623,12547,300,3660,0,0,0,0,0,0,20250803
202507,5호선,아차산(어린이대공원후문),11,0,9900,1588,19304,6385,44035,13370,59434,30356,33460,17301,22477,15621,21250,17305,22348,17015,22896,17283,21357,18687,21216,24042,22249,28722,24795,36687,26664,57124,15965,38438,12995,25390,11603,20864,8231,18076,3416,10747,557,3026,0,0,0,0,0,0,20250803
202507,5호선,애오개,57,22,2483,824,6645,5728,22436,8542,29303,17545,13386,12141,9071,7265,9011,6811,10397,6648,9783,8023,8705,8231,10486,8656,11704,9757,12972,15569,14749,24968,7761,14780,5516,9061,4518,8654,2899,8064,1050,4707,138,2030,2,316,0,0,0,0,20250803
202507,5호선,양평,3,0,2931,1130,7995,4792,27304,12626,32855,50422,14194,18695,9246,7230,8326,6792,8692,6326,8940,7433,8308,7026,8728,7795,11433,9890,23863,14668,40608,27133,11770,17697,7337,11728,6201,10571,4259,9968,1715,5500,267,1798,0,0,0,0,0,0,20250803
202507,5호선,여의나루,26,1,1375,1700,2976,12671,6687,49192,10885,81998,6279,31255,5698,20871,6887,18851,9239,18949,10870,20330,13110,20082,17107,20889,23867,21019,55899,24918,68290,31116,29514,22587,37066,15924,31864,11356,23906,7749,10418,3516,1122,1099,0,0,0,0,0,0,20250803
202507,5호선,여의도,13,0,2759,3340,4507,31263,11355,171218,15418,241363,12953,89249,13944,40189,22015,37796,24053,36665,29197,38650,35148,31445,46197,29769,63340,30596,170066,35303,194720,43121,78102,19739,64837,11008,50357,9601,27880,8008,9268,4793,1129,2251,0,0,0,0,0,0,20250803
202507,5호선,영등포구청,0,0,1249,651,3245,2622,10401,8551,16725,30208,6364,12547,4795,5725,5162,4875,5760,5208,6106,5457,5881,5138,6979,5246,8454,6195,13362,8965,26769,17613,8283,8667,6258,5476,5582,5015,4100,4707,1965,2711,336,672,0,0,0,0,0,0,20250803
202507,5호선,영등포시장,11,0,3140,1044,7869,6034,29309,17182,41359,50328,17850,29148,12640,17488,12956,16671,15395,19557,15551,21220,16014,17246,19437,15375,25627,16167,36516,23255,49043,39567,19934,23111,14172,14672,12063,13563,8965,12531,3902,7743,487,1774,0,0,0,0,0,0,20250803
202507,5호선,오금,26,0,1328,714,3508,2976,7890,10506,8509,23939,5968,7646,5203,3979,5492,3595,5613,4286,5736,4054,5129,4475,6675,4375,7840,5429,11732,6934,16634,8562,4892,6653,3509,4233,3010,3707,2264,4241,772,2517,122,878,1,1,0,1,0,0,20250803
202507,5호선,오목교(목동운동장앞),5,0,5567,1904,17677,9656,53186,30509,61419,67471,31249,51459,23986,32356,25598,31881,29369,33570,29368,35150,30155,33575,35104,34848,41161,40590,53560,55504,66817,79427,35930,49748,36690,28554,28981,24876,28367,21478,7794,11613,1171,3188,0,0,0,0,0,0,20250803
202507,5호선,올림픽공원(한국체대),15,0,1743,1088,6855,3647,12889,6407,13983,9958,9928,7078,7986,6414,8018,7439,8648,10023,8514,9978,8037,10794,8784,11203,9251,10858,10721,12243,10842,12760,8045,9413,9563,5765,11117,5395,6918,4625,4081,3274,150,791,0,0,0,0,0,0,20250803
202507,5호선,왕십리(성동구청),13,1,1761,554,2230,3149,6563,7084,9365,17620,5301,10255,4760,7212,5519,7866,6097,8260,6601,8745,6920,8086,7897,8367,10311,9291,11331,12217,15401,17601,9066,9321,8399,5547,8625,5004,7081,4082,3203,2657,591,1833,0,338,0,0,0,0,20250803
202507,5호선,우장산,1,0,7899,1034,25353,4824,58626,14493,61926,22206,32334,16102,26609,15385,25811,14878,26250,17747,24032,21036,20926,22156,22221,25146,25281,30229,24934,38700,21711,61313,13874,45479,10136,27326,8724,24626,6859,25555,2100,13254,355,3537,0,0,0,0,0,0,20250803
202507,5호선,을지로4가,1,0,606,590,1181,7573,2975,20706,4450,46701,4280,20994,5428,12409,7072,11985,8036,9734,9032,9097,10221,7843,11573,7316,15206,7333,29894,7688,41193,8513,15626,4856,10396,3405,8913,3246,6339,2642,2988,1803,441,733,0,2,0,0,0,0,20250803
202507,5호선,장한평,19,1,8500,1323,22275,13776,64179,26222,85827,73037,41573,31268,25223,23350,22194,20524,23974,20233,24110,21613,22658,20820,24552,24026,32334,29420,45510,44705,67086,74666,28844,49840,17044,29776,14188,28795,10332,25774,4276,15458,745,4480,1,125,0,0,0,0,20250803
202507,5호선,종로3가,38,4,1340,468,2176,8692,3439,17112,5952,48779,8332,40290,11659,32280,15860,33583,22177,32426,24178,30471,26736,27585,31813,26938,38083,28578,48933,33565,61343,39414,34201,21454,35066,13211,38679,10780,31502,9571,17209,5720,2486,1921,0,12,0,0,0,0,20250803
202507,5호선,천호(풍납토성),67,4,7801,1713,13890,13978,37889,20985,46260,43650,26738,40535,24240,32416,28117,32863,32859,33579,34063,37591,35349,34549,41243,36041,48364,38082,56022,47204,59091,65378,40079,43545,34317,25185,25843,21984,19837,18812,9176,11788,1976,3802,0,0,0,0,0,0,20250803
202507,5호선,청구,9,0,1536,192,2408,1922,6351,4101,9130,14446,5426,8355,5377,4075,5118,3626,4598,4645,4621,4605,4375,4714,5052,5024,7156,5689,9051,7325,14325,10246,7554,6490,4578,4463,3603,4235,3127,3893,1678,2352,281,663,0,1,0,0,0,0,20250803
202507,5호선,충정로(경기대입구),5,0,1069,257,2673,3246,6537,18287,9798,41283,5175,14514,4093,4726,5128,4049,5577,3893,5584,5198,5784,4360,6329,4384,8566,4838,21093,6638,33982,10179,8540,6174,6184,4298,4856,4281,2852,4126,1153,2466,233,655,0,70,0,0,0,0,20250803
202507,5호선,하남검단산,22,0,4960,12,11529,3770,26121,4879,20708,11704,13018,9089,10724,8738,8881,8989,9821,11083,10097,9956,9683,9762,10398,13067,11463,11133,12397,14897,12092,18240,8235,17076,7317,10536,6037,9951,5114,8852,1290,5755,121,2425,0,1,0,0,0,0,20250803
202507,5호선,하남시청(덕풍?신장),65,1,6754,186,15477,3864,32709,6835,29670,16122,18832,9046,14684,9895,14007,9218,14130,9073,12772,11869,11641,10632,12699,15394,13955,17075,14683,17306,15119,26890,8528,25235,6681,13877,5651,13943,3609,12275,1379,7391,401,3587,0,0,0,0,0,0,20250803
202507,5호선,하남풍산,4,0,2184,501,5971,2656,11204,8351,12553,17644,8001,10448,6967,6934,6627,6192,7040,5340,7033,6675,7173,6121,8477,6054,9551,8017,13050,7934,14694,12151,5449,11183,4132,6140,4317,5438,2703,5379,725,3235,164,1202,0,0,0,0,0,0,20250803
202507,5호선,행당,37,0,4056,670,12151,2828,34351,5102,44421,10260,21606,7132,14168,5749,12003,6867,12114,7952,11361,8875,9229,10188,9936,12296,10409,14973,11049,20588,10847,33896,6662,21149,5258,13479,3937,13088,3338,11066,1068,6271,241,1835,0,1,0,0,0,0,20250803
202507,5호선,화곡,533,6,25020,1571,46513,10380,122982,16681,152664,36038,74163,27433,46085,20031,40094,21103,42116,24171,38167,27288,32925,31111,31918,39648,35680,52047,39904,70570,41574,130494,24628,91104,18612,55828,15673,53062,11547,45268,4700,27811,704,8422,0,1,0,0,0,0,20250803
202507,6호선,고려대(종암),58,3,3759,904,8252,4892,23194,13292,28687,26290,14900,17513,11079,8513,10932,8030,12539,9628,13387,11422,11531,9370,13532,9904,21126,12081,22737,15124,20486,23825,10353,18801,7627,11979,7202,12460,6004,12112,2538,8511,488,2803,1,59,0,0,0,0,20250803
202507,6호선,공덕,148,4,5200,2602,9541,13700,23405,46751,33702,105742,23907,52777,20473,24459,23518,21223,23840,21259,25131,22127,24982,20666,29524,21288,36445,25929,65686,33141,91438,45197,39951,27846,31188,17855,27482,17233,20566,15663,9499,10415,1240,4200,0,173,0,0,0,0,20250803
202507,6호선,광흥창(서강),13,1,3298,1688,8533,7028,22833,17566,29697,38460,17873,19726,13738,12160,15262,12132,15511,12473,14206,11939,13506,12643,14346,12845,18377,14004,25934,19139,34334,27116,15474,19625,10323,12214,10009,10990,6584,10986,2554,6278,426,1947,0,0,0,0,0,0,20250803
202507,6호선,구산,40,3,6935,290,14311,2490,32958,6936,41878,9048,21654,6545,14923,6053,13685,7364,13884,7953,11788,8571,10109,9627,11823,11826,12410,15076,12216,17507,10315,26768,6582,21865,4947,12071,4300,10456,3748,9066,1167,5508,292,1683,0,0,0,0,0,0,20250803
202507,6호선,녹사평(용산구청),54,0,1289,454,2181,4719,4966,9300,7221,19341,6190,9347,4500,7457,5312,6704,5687,8149,6034,8491,6628,7951,8272,9351,11549,9652,14866,12476,19986,15329,11723,10879,10976,6708,12617,5390,11226,4829,5299,2901,760,919,0,0,0,0,0,0,20250803
202507,6호선,대흥(서강대앞),3,0,2726,1351,5931,6287,16800,19185,23446,32646,14617,21576,11275,13963,11059,12157,12959,15376,16810,17175,13412,12567,16490,14239,18684,15582,25830,20119,29936,28074,14360,17600,12145,10897,11526,9174,10787,9033,3817,6373,576,1755,0,0,0,0,0,0,20250803
202507,6호선,독바위,23,2,2548,243,5003,1052,14693,2466,14051,3322,7430,2952,5069,2836,4349,2600,4582,3441,3987,3380,3371,3821,3611,4657,3945,6138,3439,7898,3263,12336,2221,10846,1406,6746,962,5456,668,5228,337,3428,73,1230,0,0,0,0,0,0,20250803
202507,6호선,돌곶이,19,0,8692,1110,21023,3800,55411,7401,54808,18394,26505,11928,17572,9527,15436,10133,16569,12054,15876,13047,13975,12676,14161,16396,14766,19785,16723,27879,16326,46010,10799,35597,7569,20115,6677,17774,4839,17928,2060,10790,440,3580,0,0,0,0,0,0,20250803
202507,6호선,동묘앞,129,0,5468,1116,5165,4647,10780,8576,17141,22741,14439,18530,13512,15216,16295,15123,17351,14855,17275,16983,18246,16518,19520,15937,21498,16708,24303,17743,22974,22015,13701,15763,10453,11080,8397,11344,6086,12289,3121,8603,564,2715,1,96,0,0,0,0,20250803
202507,6호선,디지털미디어시티,193,10,7010,2727,19376,13072,54532,33368,56867,71722,29404,32024,17979,12142,15442,11457,15567,12919,14918,13543,13843,13954,15917,16076,21685,23049,38257,32932,50749,52912,22555,37527,11438,23582,9413,21481,9023,20381,3285,11492,800,4855,1,20,0,0,0,0,20250803
202507,6호선,마포구청,29,2,6647,1951,15831,7786,44997,16577,59751,39177,35659,20190,23025,15074,21487,13850,21360,17577,20721,18917,19428,16873,19996,20275,24886,22305,27929,30547,38909,47486,19397,34972,13780,22436,12904,20604,11908,19957,4533,12342,716,3236,0,0,0,0,0,0,20250803
202507,6호선,망원,21,0,6375,930,11156,6131,28193,11184,39466,37098,26062,35144,19282,26585,20563,28974,25981,29995,25993,34758,24910,30025,27234,33884,30341,36687,37108,42544,44481,53927,31488,38305,27788,20184,25646,17772,19406,15223,9073,10356,1463,2462,0,0,0,0,0,0,20250803
202507,6호선,버티고개,0,0,883,327,1931,1591,5521,2724,7670,6374,5071,4012,3350,2579,3146,2201,3137,2682,2955,3280,2938,3132,3571,3452,4007,3762,5187,5077,7269,7320,3417,5243,2164,3618,1747,3438,1480,3074,686,1862,163,512,0,27,0,0,0,0,20250803
202507,6호선,보문,29,0,4575,765,8778,5124,25663,10102,36141,20274,19149,11208,11110,7372,10872,7136,11502,8797,11300,9331,10641,7924,11573,10133,13811,11877,15796,17443,18646,27307,9049,20342,7390,12776,6934,12610,5487,12753,3022,8518,615,3005,0,0,0,0,0,0,20250803
202507,6호선,봉화산(서울의료원),8,0,6736,996,18770,3096,48574,6546,39705,12964,18742,8027,13719,7011,11894,7031,12327,8413,11004,9938,9674,9794,10181,13001,11632,14966,13089,22418,11340,31352,5680,28575,4149,16708,3528,14194,3017,13974,1155,8085,136,2946,0,192,0,0,0,0,20250803
202507,6호선,불광,7,0,1745,418,4811,3138,13061,3725,15447,8541,8297,7345,6998,6417,7995,7053,8847,7338,9422,8050,9643,7421,11586,8281,12265,9283,12087,11891,11497,16138,7192,11376,6049,7109,4492,5931,2402,5425,909,3418,162,1151,0,0,0,0,0,0,20250803
202507,6호선,삼각지(전쟁기념관),7,0,1923,840,3164,7140,8764,16886,14464,30124,9354,15171,7385,10233,10597,9883,10798,10768,12432,11370,12833,9744,15380,10087,19866,10630,26983,13439,31546,18416,14622,10916,11790,7593,11777,6692,9618,7189,5236,4980,816,1398,0,7,0,0,0,0,20250803
202507,6호선,상수,38,0,5451,1482,7358,4258,11407,5991,14903,21863,10723,24425,8486,17430,9122,16750,12121,19341,14042,21178,13749,20035,15634,19486,20947,22615,23776,28033,31229,36933,22798,25226,20753,16491,23104,13777,24352,13334,15797,10599,2939,3676,0,0,0,0,0,0,20250803
202507,6호선,상월곡(한국과학기술연구원),88,1,5866,513,10037,2071,26246,4216,29883,13804,16157,7922,10524,5734,9531,5498,9653,6295,8716,7499,8074,6931,8381,8995,9019,10839,9719,14570,11003,21339,6411,17901,3899,10431,5157,10283,2600,9705,1282,6273,185,2278,0,1,0,0,0,0,20250803
202507,6호선,새절(신사),81,0,12547,809,23337,5597,57654,8441,65524,14503,32395,10872,20362,9805,17460,10557,18489,12374,16590,14510,14320,13809,15270,19515,17805,22749,16989,32151,15659,51098,9691,40705,6652,24276,5531,21032,3935,19519,1806,12326,370,4166,0,2,0,0,0,0,20250803
202507,6호선,석계,1316,7,9382,2149,21540,6459,52585,8747,56408,14560,30358,11282,20806,10296,18372,12286,18905,13998,17867,14319,15447,15279,15024,19269,16426,25578,18233,33429,15750,54835,11657,42425,8273,24944,7816,22519,6306,20401,3394,13195,703,4162,0,10,0,0,0,0,20250803
202507,6호선,신내,0,0,0,0,0,0,0,0,1,0,1,0,0,0,3,0,0,0,2,0,1,0,1,0,0,0,3,0,1,0,3,0,0,0,0,0,0,0,1,0,0,0,0,0,0,0,0,0,20250803
202507,6호선,신당,134,0,5792,1357,4872,8876,7485,15713,12137,37561,9471,22635,8690,14661,11024,11728,12001,11991,12227,13541,13190,10734,14999,10532,18913,12882,23965,15604,28806,22787,17595,20772,16317,11268,15176,8784,22167,9182,7485,8089,1639,2375,0,4,0,0,0,0,20250803
202507,6호선,안암(고대병원앞),28,1,1853,1611,3884,7236,11016,19714,14077,39833,12483,38333,13585,22313,16007,15914,18384,19589,17914,19623,20237,16789,24976,14952,33362,14141,44082,16109,36457,21841,19017,16921,17489,11333,15463,12300,14095,13330,8218,8932,1352,3569,1,103,0,0,0,0,20250803
202507,6호선,약수,1,0,1499,312,2121,2671,5190,6469,8328,17620,6006,9234,4771,5757,4606,5385,5748,5015,5706,5447,5684,5142,6242,5623,7286,6008,10043,8118,14614,10552,7392,6160,5887,3808,5551,3183,4729,2830,2378,1769,496,623,0,0,0,0,0,0,20250803
202507,6호선,역촌,2,1,2449,390,6381,3394,17247,3777,18603,8950,9700,4622,6916,3918,6518,5359,6934,5766,6499,5362,6002,5750,5679,6775,5842,8757,6383,12425,5820,19279,3292,15138,2509,8222,1986,8521,1294,7666,597,4947,93,1596,0,0,0,0,0,0,20250803
202507,6호선,연신내,0,0,0,0,0,0,0,0,4,0,2,0,6,0,6,0,6,0,6,0,3,0,3,0,4,0,1,0,2,0,4,0,1,0,3,0,0,0,1,0,0,0,0,0,0,0,0,0,20250803
202507,6호선,월곡(동덕여대),25,1,7347,956,15802,4055,43311,8907,49797,26189,24383,17912,16572,11713,15130,10989,16098,12249,15855,14088,14604,14026,15359,16698,18026,21116,19732,27370,27076,44502,13048,32774,10029,19145,7938,18079,5263,16166,2617,10694,496,3383,0,7,0,0,0,0,20250803
202507,6호선,월드컵경기장(성산),31,0,1106,1603,3420,3921,8548,5551,10084,9180,5799,7536,5554,7637,6914,7916,7294,8940,7464,9892,8612,10094,10263,10839,12633,12196,12192,19936,10935,31927,7382,22701,7126,6540,22196,4243,21301,3869,2303,1638,283,471,0,0,0,0,0,0,20250803
202507,6호선,응암,38,0,13243,1553,30105,6503,77309,9915,93594,19206,48146,15986,29803,14685,27123,15981,27725,18429,25978,19987,21288,21573,21324,28407,23541,34800,22754,50501,23028,80483,14191,61958,11327,38314,9385,33230,6822,29538,2611,19095,432,5655,0,0,0,0,0,0,20250803
202507,6호선,이태원,164,0,12950,2851,9714,17186,9038,13607,10622,30139,9643,27193,9459,19208,10421,15131,11187,16274,13102,17498,14745,16624,18814,17752,29179,22011,31700,26721,38377,33222,26667,28758,24033,22908,25657,21531,25683,21885,17987,18542,3502,7114,0,1,0,0,0,0,20250803
202507,6호선,증산(명지대앞),35,4,8097,825,15603,4516,39123,5096,48171,11277,25920,8148,16634,7033,14128,8280,14242,9013,13620,10483,11304,11126,11625,14008,12509,18431,12838,25606,12832,42080,7638,32111,5678,19730,4245,19029,3411,16361,1492,9336,376,2984,0,0,0,0,0,0,20250803
202507,6호선,창신,2,0,2938,317,5622,1935,16442,4878,18092,5507,9585,3892,5897,2602,4805,2440,4958,3077,4473,3289,3735,3157,4486,4045,5232,4988,4725,6738,4642,10507,2857,8096,2596,5240,1735,5100,1158,4965,543,3259,121,941,0,0,0,0,0,0,20250803
202507,6호선,청구,16,0,1345,494,2986,3251,7268,7788,10204,22904,6373,11495,5160,4818,4920,4148,4821,4537,5149,4458,5015,4455,5551,4828,7228,5148,8695,6260,14456,7883,8764,5389,5147,3761,4495,3384,3735,3185,1830,2046,393,713,1,1,0,0,0,0,20250803
202507,6호선,태릉입구,15,1,4874,1216,8504,3782,20851,3877,23424,8617,12548,7010,9206,5546,8205,6462,8795,6903,8552,7932,8216,8692,8584,9376,9645,12074,10286,15613,9948,25721,6449,19866,5173,11496,4837,11176,3793,9997,2057,7862,415,3569,2,2,0,0,0,0,20250803
202507,6호선,한강진,26,0,699,882,1484,10661,4075,24061,6086,45098,4744,31848,3553,21606,4891,19408,6992,19134,8778,22998,11883,20015,16834,20284,25906,22528,37054,22977,44566,25240,29622,13285,25983,4977,22271,3874,21575,3293,4061,2213,501,1554,0,155,0,0,0,0,20250803
202507,6호선,합정,22,1,3604,1296,5960,6335,13052,18059,20947,45540,14099,32445,12336,19891,14878,20570,17552,20966,19397,23132,20792,19965,24004,22046,27265,26335,35605,32048,50944,47999,33308,29813,29563,15801,33525,14131,28791,12911,15626,8917,2541,2697,1,1,0,0,0,0,20250803
202507,6호선,화랑대(서울여대입구),31,0,6943,1402,24222,4485,59426,8107,53410,13264,26216,7951,16726,6783,14490,7319,14932,8114,15203,9626,12587,9255,13720,12156,15426,15432,15489,23850,12748,38489,6819,31889,5072,18863,4125,16294,3140,16150,1217,9817,172,3731,0,14,0,0,0,0,20250803
202507,6호선,효창공원앞,5,0,2480,767,6382,4438,19027,8243,29453,25868,16286,12886,10508,7328,9758,7406,10551,8088,11303,8617,9169,8600,9970,9153,12891,11469,17371,14225,25018,21866,10128,15120,6760,9893,5718,8496,4439,8238,2226,5162,445,2016,0,0,0,0,0,0,20250803
202507,7호선,가산디지털단지,675,6,6344,5697,11555,31078,25977,158250,30514,418798,20930,240690,19776,62060,24439,37330,32805,35527,37111,35223,41933,29168,55640,27227,85292,26820,238194,30658,336606,38208,127550,27357,72570,16709,54101,14153,30736,12895,12247,8386,1790,2921,2,0,0,0,0,0,20250803
202507,7호선,강남구청,12,0,1974,1964,4157,17293,8297,41441,10146,116303,10231,104340,9514,43162,12026,25229,15127,21771,17295,22556,21550,18837,26511,17382,33359,17482,56186,19708,94321,22127,56972,13577,34356,9500,32276,7124,22866,5750,9212,3811,1561,1771,0,0,0,0,0,0,20250803
202507,7호선,건대입구,59,1,4606,1223,5745,10255,14848,22587,20674,39785,17428,33004,15631,24828,17407,22554,19718,24623,21865,27732,24111,24530,30300,23980,35864,24999,45340,30995,37685,40648,26690,26386,27604,14936,23330,13220,20032,10958,10096,6453,1731,3333,2,212,0,0,0,0,20250803
202507,7호선,고속터미널,15,4,1466,3231,3484,24314,13078,44474,20764,53773,27158,39236,26510,31723,29309,29643,30231,26191,29953,29190,31040,25054,41583,20868,46431,21846,65601,23297,52080,26879,33647,16774,33855,10401,30663,9994,23191,5507,7229,2990,780,808,0,4,0,0,0,0,20250803
202507,7호선,공릉(서울과학기술대),40,0,6491,1111,15647,4640,39834,12134,44241,23805,24499,17370,18508,13046,17818,12785,19073,14748,19912,15520,17642,15376,19274,18196,21169,22641,22845,27859,22735,42939,13678,36566,10908,20614,10171,17640,8074,18266,4224,11811,735,4142,0,0,0,0,0,0,20250803
202507,7호선,광명사거리,189,4,20712,7163,34779,13525,86614,16763,88109,28435,47830,25523,32593,25707,29087,27322,30828,30610,30396,30702,28139,29382,31518,36019,38128,41593,36457,55883,33795,87399,22996,62300,16550,35615,12573,30572,9313,25640,3871,14946,815,4385,0,1,0,0,0,0,20250803
202507,7호선,군자(능동),43,1,9510,901,16036,6461,39163,10290,60598,29006,39529,20399,22699,13450,19521,12944,21213,13506,20486,15579,19206,16398,19660,19654,22830,22457,30803,30686,35329,46889,21843,35643,18430,21812,18004,19096,13565,17044,7330,9968,1407,3382,0,51,0,0,0,0,20250803
202507,7호선,까치울,0,0,0,0,0,0,0,0,0,0,1,0,0,0,0,0,0,0,0,0,0,0,0,0,0,0,0,0,0,0,0,0,0,0,0,0,0,0,0,0,0,0,0,0,0,0,0,0,20250803
202507,7호선,남구로,120,9,18500,1441,16879,8076,32202,37417,36470,101157,24018,46653,16655,19900,14993,15682,16553,16082,15472,15913,14729,15153,17098,17827,21954,23297,49410,31994,77322,32959,31803,23163,16932,16128,11237,18086,7649,14910,3376,8285,509,2037,0,0,0,0,0,0,20250803
202507,7호선,남성,43,2,6852,932,15586,3605,40805,6974,57518,15108,35638,12017,20582,10912,17030,11014,17065,12815,16679,13442,14746,14416,14499,17793,14804,21481,15301,29743,14686,46941,9239,33153,8302,21196,6841,18106,4588,16491,2088,9847,434,3016,1,2,0,0,0,0,20250803
202507,7호선,내방,3,1,2773,2306,8804,16672,19619,29721,29161,80705,21452,47158,16164,21978,15669,17186,18202,17500,19688,18434,20536,17376,22588,17157,29788,18776,50051,26028,70913,34115,27535,21185,19922,13871,18703,12288,12734,9899,4294,6288,734,2690,0,184,0,0,0,0,20250803
202507,7호선,노원,37,0,8240,2684,16387,9776,41602,18047,43604,52127,28660,47805,29176,34919,32864,35228,36275,37072,36727,40442,38192,38783,42946,39823,46654,43932,47665,49267,49743,67259,32971,52248,30035,26388,25247,21832,23261,18263,8588,12057,1749,3977,0,0,0,0,0,0,20250803
202507,7호선,논현,28,0,2987,1754,4869,18764,9364,46901,14633,113693,12469,97443,11837,39520,13930,24411,15956,22959,17669,24789,22844,22559,28236,21212,35462,23535,68393,29155,107793,35981,58184,19605,38832,11624,38672,9680,35156,7582,17157,5139,3248,2631,1,0,0,0,0,0,20250803
202507,7호선,대림(구로구청),62,3,11736,942,8829,4044,17862,8787,23578,20084,18626,16123,13488,18821,14438,18108,15382,15330,16384,15582,16675,15552,17153,16814,18122,18302,20072,24488,20744,24239,13023,16401,10349,12057,8488,14320,6832,11344,3365,5652,456,1324,0,1,0,0,0,0,20250803
202507,7호선,도봉산,113,2,6657,1298,19926,5636,53617,8997,39887,12157,20303,11688,13200,11545,10987,10834,11186,10878,10224,11645,9457,11775,9953,14470,11552,17282,10795,22799,10465,38224,5488,38455,4074,23056,3036,18909,2513,16595,1018,10238,149,4262,3,128,0,0,0,0,20250803
202507,7호선,마들,40,0,11943,1348,29777,3442,70938,8124,66077,13303,33247,11199,23263,10844,21150,12532,21919,14795,18311,15269,16283,17020,16701,20445,16482,25549,14942,32754,13566,52760,8863,50392,6359,27386,4628,23903,3111,21555,1341,13325,230,4090,0,0,0,0,0,0,20250803
202507,7호선,먹골,54,0,8191,650,14801,3549,36378,6324,44654,16876,25881,11402,18314,10224,16184,11400,16494,12235,16036,13111,13932,13822,13516,17276,14722,21666,15645,27568,17920,41542,11233,33090,8717,20465,6794,17619,4879,15388,2052,9823,468,2747,0,123,0,0,0,0,20250803
202507,7호선,면목,69,0,14299,990,25176,5558,57337,9384,71837,22065,40864,16063,25199,13134,20589,14259,21604,15237,20724,16785,16814,18089,17375,23493,20141,29903,19416,36136,20777,55248,14518,47510,9325,28089,6987,24930,4271,23553,2185,12612,417,4487,0,13,0,0,0,0,20250803
202507,7호선,반포,13,1,1054,988,3253,15151,9296,14840,12605,21789,9402,17832,6916,11868,7567,11983,9147,11307,10226,11008,11011,9838,15074,9423,21359,9530,22256,10916,19853,13319,13380,7974,11002,5637,10171,4629,7502,4498,2219,2547,307,757,0,0,0,0,0,0,20250803
202507,7호선,보라매,11,1,3817,879,6867,3493,18306,9804,25632,23050,15023,10836,9138,8289,8773,8067,9703,9102,9908,8680,9739,8143,10220,9357,11988,11305,13704,16402,17297,25279,7808,17879,7158,11172,6347,10077,5279,8641,2043,5473,346,2152,0,5,0,0,0,0,20250803
202507,7호선,사가정,35,0,13333,1391,25458,8344,57596,13002,72995,24641,42919,17071,27344,15330,22687,15844,24123,17942,22232,19103,20015,20343,20325,26821,21897,33007,24287,42948,24754,66991,17228,53210,12812,30318,10332,27395,7540,23564,4202,12634,749,4471,0,1,0,0,0,0,20250803
202507,7호선,상도,16,2,5668,1968,14098,6157,37998,8484,48120,20913,29855,17791,19092,12151,16509,11475,17337,14904,17701,13928,15255,14563,16855,17242,20346,20332,22654,27934,20744,44937,12134,30977,9936,20470,8706,18149,7409,17389,3909,11179,883,3345,0,0,0,0,0,0,20250803
202507,7호선,상동,0,0,0,0,0,0,0,0,0,0,0,0,0,0,0,0,0,0,0,0,0,0,0,0,0,0,0,0,1,0,0,0,0,0,0,0,0,0,0,0,0,0,0,0,0,0,0,0,20250803
202507,7호선,상봉,509,21,10711,1640,21816,7377,56215,13759,77825,29824,39316,21321,24056,16911,22305,17225,25060,19843,24146,20897,22355,20411,23477,23471,26783,29239,30319,41979,33620,68816,22366,57091,18140,33345,17341,26571,13315,26225,7194,16059,1517,7053,0,86,0,0,0,0,20250803
202507,7호선,수락산,76,2,10933,859,22985,5914,49786,9304,48736,18405,29550,17198,21466,16782,19115,17034,20528,18011,20534,16120,19693,16569,20662,19607,20834,23538,20496,31672,20553,46014,12583,42400,9064,25816,7123,20663,4495,18240,2359,11435,319,4207,3,1,0,0,0,0,20250803
202507,7호선,숭실대입구(살피재),31,0,6401,969,14474,3850,40387,7336,51340,16963,33328,19205,19962,12347,17368,12474,18177,14632,18110,15360,15389,16092,16069,19679,19325,23174,24333,31630,18590,47848,11254,33743,9830,22070,8666,20634,7133,20186,3821,13629,782,3873,0,0,0,0,0,0,20250803
202507,7호선,신대방삼거리,83,1,10134,815,20566,5172,54648,9247,77981,20526,43246,17655,25086,14520,22202,14579,24464,15839,21707,17554,20157,18746,18915,22152,20855,27638,20829,38749,22639,65606,12980,47304,11194,27698,9705,25906,6849,21894,3481,14323,755,4956,0,0,0,0,0,0,20250803
202507,7호선,신풍,164,0,14598,1149,17700,5676,42994,12080,54401,21592,30007,14462,17609,12194,15978,11716,16747,13011,15883,13465,14814,13587,15514,17294,18164,21205,18795,31200,19786,45184,11937,31907,8922,19387,7542,18084,5617,15769,2337,8185,410,2836,8,372,0,0,0,0,20250803
202507,7호선,어린이대공원(세종대),28,0,3324,1050,8346,8454,21759,16502,35078,54530,25483,41493,16209,21214,16274,18296,18985,20316,20813,22199,18710,18836,22971,18172,32473,18910,41365,23800,46047,34538,22535,24349,18374,16433,17299,15202,14473,15098,7591,10968,1371,3139,1,11,0,0,0,0,20250803
202507,7호선,온수(성공회대입구),283,1,9940,689,21708,3734,47641,10446,53841,15482,23852,7257,13695,6320,11821,6194,11947,7555,10633,8782,9132,9067,10241,12062,11961,15128,13167,22915,13389,40902,6430,29179,4687,18288,4462,15139,2752,13815,1511,8484,308,4263,0,979,0,0,0,0,20250803
202507,7호선,용마산(용마폭포공원),18,1,5357,681,11497,2369,24513,4156,29792,9603,15647,5384,9648,5117,8119,4992,8490,6076,7716,6755,6245,6748,6645,9246,7611,11103,7234,14816,7476,23464,4919,18618,3425,10960,2834,10408,1708,9588,938,5847,168,1982,0,0,0,0,0,0,20250803
202507,7호선,이수,41,0,4973,1494,10802,19206,31298,19227,45365,45849,31042,31656,21425,21578,21584,20906,23704,22067,24741,24897,24724,23882,27626,25879,35761,30344,40559,44153,48232,62419,28349,39938,26547,21706,29235,18084,24454,15800,12499,9529,2175,2976,1,17,0,0,0,0,20250803
202507,7호선,자양(뚝섬한강공원),8,0,5608,849,10575,5024,24091,7503,32435,14192,21275,11589,12271,9282,10636,9325,10831,11123,10752,12586,10806,13221,11915,15258,14378,17658,17119,23133,18086,35247,11632,27344,13987,17637,16402,15975,13381,12754,6120,6251,1071,1842,0,1,0,0,0,0,20250803
202507,7호선,장승배기,9,0,5686,1903,12343,9496,28061,10663,39739,23426,24837,13951,16295,10624,14465,10383,15363,12108,14988,12859,13703,13005,14122,15334,17183,17103,18783,21961,19177,33483,9588,23076,8319,15207,7337,13495,5024,12116,2068,7818,460,2585,0,0,0,0,0,0,20250803
202507,7호선,장암,4,0,2180,195,9135,1267,19256,1540,12951,2074,4779,3048,2767,3413,2392,3486,3177,2855,3293,1968,3802,1516,4452,1623,4192,1944,4076,2631,3464,4017,2299,3077,1305,1983,1006,892,597,854,176,596,38,190,0,0,0,0,0,0,20250803
202507,7호선,중계,38,0,10630,2268,27295,5674,65265,17540,65059,30000,35164,16122,25092,12752,22714,14064,24922,14647,21672,15770,19290,14858,18882,18102,20626,22513,21342,31174,18466,50259,10172,47592,7511,27313,9241,23443,6413,21033,2604,12305,402,3880,0,0,0,0,0,0,20250803
202507,7호선,중곡,10,3,7143,744,14221,4662,31860,17341,47856,32966,29540,15426,17917,10349,15453,9492,16255,11197,14470,12246,13583,12715,13918,15400,19135,18828,23329,23099,25742,36100,12785,29335,8968,17338,6843,16329,5092,14085,2028,7993,446,2670,0,0,0,0,0,0,20250803
202507,7호선,중화,140,1,8667,1151,16178,4996,38085,9726,47770,22695,26820,12325,17670,9857,15768,10225,16512,11924,14939,12068,13774,12929,13491,17313,16242,20692,18474,25357,19243,39069,11387,33869,8204,20287,6895,18063,4916,16821,2195,9902,382,2930,1,73,0,0,0,0,20250803
202507,7호선,천왕,24,0,9406,837,21831,5907,58785,10181,61806,18429,32821,9811,19655,8462,16422,9352,16101,11949,14637,12930,13203,13261,13045,16863,15409,22281,15993,32259,15750,50534,7516,38982,5798,23225,4358,19321,3130,17056,1254,10665,318,2777,0,51,0,0,0,0,20250803
202507,7호선,철산,18,0,10928,3728,37199,12216,92547,19889,89072,38800,48559,28300,32393,21827,28923,21092,31035,23106,27193,26247,26117,25804,27912,29703,32522,39154,36071,60553,38008,100717,21629,72937,18948,40912,18386,34969,15092,32079,6751,18585,1234,5293,0,0,0,0,0,0,20250803
202507,7호선,청담,13,0,2578,4112,7100,35573,11914,63633,15186,144027,13610,92537,12959,34787,15742,21887,19105,22338,19650,22355,24002,19599,32054,17360,45216,17911,74069,19330,110799,20304,52680,14260,29667,10267,26493,8867,20012,6847,5414,3672,769,2254,0,0,0,0,0,0,20250803
202507,7호선,태릉입구,174,1,8223,1300,8585,5221,20420,8168,26362,18781,16546,11497,12378,9020,11642,8856,13131,9947,13077,11127,12127,11044,13913,11660,15696,14032,18761,17381,19192,24605,11303,20899,8823,13679,7987,11803,5863,11428,2883,7238,564,3237,0,1193,0,0,0,0,20250803
202507,7호선,하계,90,1,9672,1838,28634,7132,73617,17741,73097,27703,40081,21032,29015,16435,28250,16763,28587,22160,26519,25495,25415,22582,29168,25282,31850,30404,31310,39005,25733,63042,14384,54944,13374,31616,11326,27095,8184,25928,2604,17047,583,5189,0,0,0,0,0,0,20250803
202507,7호선,학동,10,3,1979,1853,4726,25338,8957,62117,12580,188784,12023,136668,12351,54344,15428,27159,19585,23324,21360,26728,27118,21795,35548,18265,45692,18263,93020,19555,169182,21484,76695,12889,40636,8522,33692,7853,25878,5515,9261,3496,1464,1298,1,0,0,0,0,0,20250803
202507,8호선,가락시장,156,1,3943,2988,7065,8591,14088,17356,14962,45223,11414,18450,11031,11969,10896,11466,11145,11315,11628,12112,12809,11411,14766,11773,16652,14736,22782,18018,31825,24032,14024,15830,12115,11274,11735,9025,9004,7466,4082,4921,1150,1890,1,559,0,0,0,0,20250803
202507,8호선,강동구청,34,0,6081,874,12759,6323,31475,17207,40307,38723,24385,16492,17254,12212,15124,10934,14998,12338,14430,14143,13932,13658,15236,16430,17137,19181,22995,26354,31689,37455,11624,26567,9328,16766,7435,15399,5693,12804,2121,7233,447,2179,0,0,0,0,0,0,20250803
202507,8호선,남위례,8,2,2056,1569,7949,5632,23539,9867,27024,25586,14548,12395,9725,7241,8906,5992,9177,6920,9891,8706,9342,8200,11728,8895,13774,12290,17736,17234,20180,27141,8634,19646,7534,12350,7460,10160,5456,10198,2318,5778,730,1395,0,0,0,0,0,0,20250803
202507,8호선,남한산성입구(성남법원.검찰청),134,7,11938,1686,23090,4794,54608,10902,65790,20640,32442,11369,20954,9556,18307,9116,18213,10569,16080,12394,13924,12733,13894,17580,15460,21214,19651,28279,20037,46304,8775,34098,6183,22449,4421,21488,2965,18585,1322,11149,294,3814,0,0,0,1,0,0,20250803
202507,8호선,단대오거리,71,6,11740,1809,21749,6033,51518,12325,59372,19058,28742,9956,18106,9074,15604,9870,16511,11405,14441,12128,13306,13651,12875,18380,16335,22802,19568,30885,21492,50853,10005,37544,7059,22490,5576,20268,3275,17641,1601,10655,329,3448,0,0,0,0,0,0,20250803
202507,8호선,모란,14,0,2600,556,3725,4134,10289,5564,12518,12932,7869,7403,7701,7356,8864,6954,10167,7048,10115,6778,9901,6632,10548,7739,12840,8321,12841,8156,13021,11418,7304,6680,5063,4385,4904,4273,4008,3713,2131,2300,783,1307,0,417,0,0,0,0,20250803
202507,8호선,몽촌토성(평화의문),6,1,1971,2029,5286,9463,14590,13077,21254,33503,13395,15891,8824,9023,8438,8327,9014,8952,9199,9110,9517,8306,10263,8977,15665,11622,20399,15642,27240,21432,11645,16125,9560,10073,9540,8470,7918,7427,3690,4710,852,1418,0,0,0,0,0,0,20250803
202507,8호선,문정,6,1,2933,4021,9152,12271,29631,68948,37770,198091,22927,86812,17985,32241,19466,20300,22962,20834,24962,21914,28212,20558,30581,19339,38688,23973,100961,29237,144199,43211,47045,31393,32910,19098,27469,15569,18786,14189,7200,7355,1478,2019,0,0,0,0,0,0,20250803
202507,8호선,복정,83,0,3873,2384,13262,10188,31364,11727,39137,18561,22198,11540,13500,7428,10634,6469,11753,8395,10420,8102,10254,8357,11347,10716,14874,13907,22080,22387,25158,32914,15173,22254,9104,13968,7220,12786,5732,12138,2339,5125,537,1039,0,0,0,0,0,0,20250803
202507,8호선,산성,15,1,5388,1217,12462,3304,31863,3939,32455,7755,16559,4926,10536,4810,8586,4294,8678,5412,7704,6224,7068,7017,6987,9660,8693,11834,8451,16971,6662,29144,3381,23537,2723,14170,1979,12711,1418,11362,673,6604,168,2552,0,0,0,0,0,0,20250803
202507,8호선,석촌,1,0,2844,977,6637,4880,17648,11090,25546,25671,14847,20972,11856,14516,11900,14795,13336,15134,13420,16471,13591,15327,14730,16900,15883,18205,20598,25331,23370,33884,13564,22686,12567,13766,13516,11306,11126,9475,4253,5612,722,1947,0,1,0,0,0,0,20250803
202507,8호선,송파,17,0,3541,807,11618,5267,33845,11176,38663,21694,24423,12999,18096,10174,16430,9830,16407,12178,15415,13900,14223,14512,15480,17250,15869,19605,17941,25977,20082,37363,10970,26787,8214,16412,6377,15175,5540,12916,2028,5908,276,1871,0,60,0,0,0,0,20250803
202507,8호선,수진,6,0,4164,560,7604,2665,18420,5074,23419,13173,13230,7204,9335,6694,9091,6951,10137,7221,9748,8215,8688,8454,10244,9218,11957,10275,10431,11169,8702,17154,5259,14202,4226,8700,3695,7928,2461,7249,948,4432,237,1498,0,28,0,0,0,0,20250803
202507,8호선,신흥,9,0,4130,576,8390,2800,20293,3769,23596,7676,12715,5169,8243,5917,7640,6381,7788,8065,7598,8795,7659,9275,9069,10036,10385,12614,10205,14782,9338,21783,5676,16676,4604,10297,3183,8898,2055,7847,953,4450,212,1591,0,0,0,0,0,0,20250803
202507,8호선,암사,128,0,16182,901,26480,5482,72517,9093,84177,20884,44315,15337,27280,12812,23784,16010,24074,16930,22227,17887,18686,19672,18595,27112,19666,31828,21929,43369,23108,69228,14192,49400,11223,29736,8619,25629,5956,24659,2300,12799,521,4241,0,167,0,0,0,0,20250803
202507,8호선,암사역사공원,5,0,3315,637,10552,3065,31657,6878,34323,7847,17083,4584,10459,4433,8796,4864,8550,6381,8123,6532,7728,7240,7658,8168,9785,10891,10867,16485,11801,24738,6168,19012,4154,12742,3554,10135,2472,11567,923,5241,183,1386,0,0,0,0,0,0,20250803
202507,8호선,잠실(송파구청),33,1,1805,3437,4046,14144,8525,43045,12112,102060,9589,63454,10756,46561,15560,46222,20452,44632,25937,45071,32915,40436,43941,40814,52935,40257,69719,44961,90372,51737,55938,26327,51423,14660,50612,9770,37109,6892,11709,4241,2234,1733,0,249,0,0,0,0,20250803
202507,8호선,장지,17,0,6106,3401,21784,12864,49259,30616,53695,52542,33693,35695,21990,21043,19543,22415,20563,22443,21250,20998,22693,21213,29264,22924,34886,27219,49511,36068,53735,54378,30136,33270,24175,20512,17355,17920,8450,15624,2945,9634,542,2416,0,0,0,0,0,0,20250803
202507,8호선,천호(풍납토성),98,2,12037,2306,18116,13017,48001,21287,60212,39234,34732,32893,23296,25139,23129,26412,24812,28603,25109,31655,25525,29625,28507,35036,33239,37914,41460,52065,43572,77484,28208,51191,24021,29600,17996,27573,13546,21728,6471,13416,1617,4040,0,0,0,0,0,0,20250803
202507,9호선,가양,97,0,17333,1710,32141,11175,85575,32131,85060,60188,45359,34757,33786,21329,32879,21648,33886,22028,30176,24524,27205,26208,29739,32071,35116,37643,45894,48480,56037,80627,25378,66226,18113,39940,16046,34616,10238,32209,4311,18721,743,5669,3,293,0,0,0,0,20250803
202507,9호선,개화,11,1,2746,495,8358,2993,14072,3508,10339,4567,3843,2493,3004,1777,2367,2230,2409,1812,2326,1929,2541,2347,2775,2455,4549,2585,5609,3687,5745,6076,2500,5188,1657,2597,1541,2045,678,2097,299,1245,85,429,0,53,0,0,0,0,20250803
202507,9호선,고속터미널,24,0,2735,1726,7388,14792,21721,20284,28458,32766,22739,35039,20659,41293,22394,43185,26036,44058,28726,43490,32022,45842,36871,45994,41084,48869,44328,54885,41880,62642,33122,41354,30314,29214,25297,25801,20691,24391,7972,10473,1131,2507,0,0,0,0,0,0,20250803
202507,9호선,공항시장,4,0,3359,280,4713,1371,10456,2605,12558,5256,6421,3938,5006,3192,4486,3590,4794,4102,4486,3575,4089,4043,4099,5476,4673,6007,5396,7512,4723,11979,2709,9053,2591,6610,1913,5955,1436,5704,776,3562,165,1409,0,112,0,0,0,0,20250803
202507,9호선,구반포,7,0,271,2715,863,18319,1479,3490,2028,4835,1719,3691,1411,1745,3269,1435,2853,1953,2267,1995,2444,1621,3636,1456,14295,1460,11039,1783,5441,2341,2282,1317,1367,833,1059,709,704,749,267,364,77,189,0,2,0,0,0,0,20250803
202507,9호선,국회의사당,3,0,879,1902,2311,12855,5382,58837,8942,186266,8213,69727,10894,29239,16091,22389,18640,21411,21974,24091,27410,17345,28235,13932,42546,13359,90526,17501,125257,17094,42833,9336,28554,5974,26988,5199,16557,4630,5529,2673,999,994,0,0,0,0,0,0,20250803
202507,9호선,김포공항,5,0,570,2965,3004,14259,9923,18234,11365,22406,7291,20168,7410,22794,8528,25402,9800,28431,11546,26866,13269,26368,16197,23859,16513,25832,18861,30672,20697,30115,14117,17438,12992,7284,11814,4378,10329,3240,2625,1926,149,1486,4,164,0,1,0,0,20250803
202507,9호선,노들,8,0,4486,381,7366,1601,20536,2705,25366,4631,13835,3800,9326,3626,7393,3753,7967,4842,7304,5171,6004,6097,5902,7310,6712,8556,7592,12908,7219,19553,4282,13863,4287,9229,3722,8054,2923,7858,1209,4027,277,1422,0,0,0,0,0,0,20250803
202507,9호선,노량진,435,6,19335,1841,28370,14436,73632,41367,101475,64404,54146,37218,35217,23461,32453,26022,36196,30397,39789,36190,32634,31187,32863,34302,41191,42595,53646,65714,54799,101096,31555,64871,31523,45391,37052,44380,38950,43952,11581,24107,1371,7323,1,0,0,0,0,0,20250803
202507,9호선,당산,101,1,9061,1662,19631,8576,59848,18685,69231,50879,37661,27065,27398,17667,26519,19242,29057,20524,27056,23331,25260,21956,26816,26096,30931,32373,43781,48734,54063,73855,26877,52154,21961,33757,21542,33810,17901,30806,8361,19068,1631,5684,2,296,0,0,1,1,20250803
202507,9호선,동작(현충원),34,1,1072,276,1736,2378,5346,2151,5952,3396,3423,2711,2732,2436,2720,1708,3221,1799,3003,1946,2577,2047,2718,2159,3865,2474,3923,3402,4384,5033,2005,3188,1647,2267,1520,2164,1304,2000,643,1309,111,908,0,229,0,0,0,0,20250803
202507,9호선,등촌,15,0,6736,1463,18532,5736,56672,9622,67583,22847,29338,14761,20259,13249,20521,13037,19014,15211,17793,15976,16490,16935,18629,19610,19752,22428,20223,36111,21843,54883,11549,41668,9295,23381,7364,19887,5241,17213,2474,9936,469,3232,0,0,0,0,0,0,20250803
202507,9호선,마곡나루(서울식물원),18,0,5528,1734,12300,12497,33383,30209,34896,72566,17978,30655,13511,16516,14762,14418,17351,15457,17309,15570,18046,14035,20853,15246,26494,19243,50952,27406,60342,42667,27439,31532,23230,19193,21682,18791,17161,16344,7881,11032,1105,3991,1,440,0,0,0,0,20250803
202507,9호선,사평,1,0,1336,298,3854,2468,13019,5954,15816,9146,9286,5602,7960,4487,6696,4291,7664,5447,7206,7364,6605,6516,7450,8062,9214,8127,10078,10942,10253,14449,5883,10269,3916,7402,2817,6747,2197,6818,748,3263,225,916,0,0,0,0,0,0,20250803
202507,9호선,샛강,12,0,1684,1367,2745,5030,6262,20950,7367,43237,5671,16268,5817,9318,6873,8886,7906,7672,8602,8754,9521,7454,10511,6939,13429,8548,26071,11410,36398,15465,13587,8842,12093,4889,10714,4232,7736,3853,3648,2357,843,831,0,23,0,0,0,0,20250803
202507,9호선,선유도,4,0,2445,1651,7647,5151,27615,16557,32185,46350,14135,24256,9776,8378,9655,8112,10766,8757,10368,8276,10002,8247,11143,9181,14077,10801,30233,15285,42614,27506,14980,18072,8774,10943,6985,8872,5000,8840,1848,4619,395,1566,0,5,0,0,0,0,20250803
202507,9호선,신논현,46,1,4454,1739,14393,18288,34253,45807,43330,95118,32352,115172,29286,64066,34453,46376,40715,47766,44108,49668,47216,48594,53771,48967,66882,55475,91161,77686,114686,104018,85505,59718,66678,33972,70829,28835,61246,23873,29115,14188,5283,3824,7,778,0,0,0,0,20250803
202507,9호선,신목동,3,0,2664,452,7648,2816,23550,4499,22738,8310,10551,5420,7261,3191,6506,3626,6248,4115,5372,4828,5161,4575,5245,5483,6296,7534,8524,9604,7622,17725,3636,12645,2468,7632,2028,7715,1826,5938,701,4176,165,1188,2,80,0,0,0,0,20250803
202507,9호선,신반포,1,0,1014,912,3330,9422,11173,9535,13234,12244,8783,8389,6790,5875,6379,5026,7258,5494,7341,6698,6908,6412,8792,6525,12928,6724,13334,10056,12318,13599,7224,10365,5187,6239,6227,5074,3891,5585,1029,2403,210,886,0,0,0,0,0,0,20250803
202507,9호선,신방화,2,0,5725,787,13211,2832,30932,6057,29717,14043,15238,8364,11902,6831,10646,6824,11381,8047,10524,8903,9107,9817,10037,10951,10907,13535,10378,18347,11586,25347,6630,23084,5158,12741,4028,11407,2706,11862,1182,6450,197,2320,0,0,0,0,0,0,20250803
202507,9호선,양천향교,6,0,5276,1236,12073,11114,35080,23980,35431,52114,16238,19760,12335,10414,13031,8531,14468,10081,13361,11411,12584,10059,14509,11567,19113,14648,32155,19719,42058,32497,13886,27044,9285,16256,7809,16352,5114,13824,2118,9970,494,2588,2,225,0,0,0,0,20250803
202507,9호선,여의도,19,0,3692,3177,4934,32346,10698,180376,13133,196689,13061,92506,17262,43630,26239,41584,29043,42551,35762,40560,41347,35846,52999,32493,73635,32040,191064,34213,187886,38255,88689,21529,72570,11833,54167,9945,29472,9215,9670,4807,1518,2034,0,326,0,0,0,0,20250803
202507,9호선,염창,10,2,14179,843,31613,5614,88273,9189,92815,20690,48407,12248,30137,11123,25086,12790,25749,14891,23246,16524,19810,19115,19298,24544,22149,29762,24975,50825,25823,80229,14050,64023,11130,40567,9753,35135,6908,34749,2873,19962,505,6599,0,302,0,0,0,0,20250803
202507,9호선,증미,0,0,2936,562,9539,3107,26926,12725,28023,54900,13240,20646,9760,7293,9398,6431,9421,6832,9226,7340,8392,7849,9049,8205,10053,9750,24482,14345,42968,23234,11223,17035,6453,10261,5518,8667,2910,8772,1114,4765,243,1639,0,1,0,0,0,0,20250803
202507,9호선,흑석(중앙대입구),10,3,4156,1069,7300,6322,20739,13795,25771,22546,16129,16219,13020,12041,13076,11195,14160,13968,15040,12753,13763,12071,15254,13288,18614,14398,25499,22683,16655,30024,10476,20290,8615,13452,8320,11609,6847,11174,2764,6335,695,2515,0,43,0,0,0,0,20250803
202507,9호선2~3단계,둔촌오륜,1,0,2592,263,9402,2079,25290,3525,23914,4393,12945,2461,8625,2473,6510,3157,6679,4118,6271,4659,5687,5273,5359,7018,6619,8328,5833,13074,4752,22219,2883,17546,2016,10954,1706,9069,1277,10242,592,4930,129,1650,0,163,0,0,0,0,20250803
202507,9호선2~3단계,봉은사,9,0,2652,3594,5779,33298,10155,54045,10992,137979,10112,102988,11428,61204,18467,49329,26882,47109,32509,49730,40718,40581,51165,35996,77179,33602,106989,31525,135632,31074,66359,18800,47728,11148,41711,9319,25891,6397,7187,3844,1011,957,0,0,0,0,0,0,20250803
202507,9호선2~3단계,삼성중앙,4,0,1016,643,3351,5732,6825,21370,9135,56783,7392,40969,6990,14077,7708,9530,9404,9264,9860,9419,9881,8810,12171,8665,17159,9153,31285,13258,53620,14665,21605,10221,12919,6249,11423,5158,7861,4989,2694,2733,645,1105,1,1,0,0,0,0,20250803
202507,9호선2~3단계,삼전,32,0,5429,729,8674,3063,25884,6971,40802,20859,25645,10903,14363,7469,11928,7238,11580,8672,11387,9552,10411,9532,10862,11579,11698,14513,15622,19266,20349,32744,9378,25605,7537,15350,6442,15500,4990,12096,2021,8073,381,2413,1,508,0,0,0,0,20250803
202507,9호선2~3단계,석촌,23,0,3814,502,10989,3302,28117,6646,38659,14092,24389,13172,15359,9841,13651,9967,14758,11343,14235,12088,13350,11493,14160,13186,16136,14979,18081,23020,20015,35451,12346,27464,10637,17355,11151,14572,9086,15183,4278,7864,720,2289,1,4,0,0,0,0,20250803
202507,9호선2~3단계,석촌고분,3,0,3540,592,8192,2576,21649,6178,36574,18078,21843,11160,12444,7081,10534,7026,11232,8682,10277,8242,9446,8682,10069,10533,10697,12635,13447,17682,18025,30109,8384,23022,6472,13729,5513,12779,4319,12329,1517,6540,344,2738,0,9,0,0,0,0,20250803
202507,9호선2~3단계,선정릉,11,0,1151,1174,4833,7138,9809,24626,11987,68690,9825,54914,8379,23010,9092,14115,11922,13461,11874,14056,13397,12037,15055,11432,19951,11094,37313,14149,61923,16814,31234,11949,16870,8496,14462,8072,11013,7103,4133,4539,908,1377,0,14,0,0,0,0,20250803
202507,9호선2~3단계,송파나루,0,0,2417,294,5401,1799,15462,5712,24334,15572,14871,10235,8332,6539,7169,8026,8087,9984,8784,9334,8337,9290,8778,10726,9152,11890,12235,18463,16479,28371,9058,21288,7951,11150,9044,8787,6975,8032,2912,4340,628,1543,0,0,0,0,0,0,20250803
202507,9호선2~3단계,언주,2,0,1525,1159,3398,8658,8031,28559,11697,80229,11089,60995,11158,23307,12818,13921,14314,12267,14876,15978,16911,14051,20069,12260,26758,12669,52445,14643,70408,17194,32589,11347,17604,7676,13850,8277,10198,6178,3693,4021,749,1367,0,69,0,0,0,0,20250803
202507,9호선2~3단계,올림픽공원(한국체대),1,1,2439,685,8761,4298,19207,6557,21879,16539,13936,11270,9882,11204,9817,13624,11327,16484,11756,21594,11078,20182,12215,23256,14582,24462,16200,25218,18294,28557,17456,20948,25956,12552,30167,12211,19848,11387,11177,6814,460,1816,0,24,0,0,0,0,20250803
202507,9호선2~3단계,종합운동장,4,0,1525,204,4367,2394,11254,7174,14471,13894,9719,11622,7037,6864,7008,7071,8246,8196,8673,8979,8368,9387,9316,10476,11385,12448,14967,16725,14839,21106,8609,13157,9940,7777,12571,7506,10154,6499,5189,3529,719,1055,0,11,0,0,0,0,20250803
202507,9호선2~3단계,중앙보훈병원,10,0,5720,755,25867,6913,57997,14977,59419,26702,34674,17005,23638,15854,21810,10865,19951,14023,15542,16061,19106,15158,21510,14407,20801,15398,24576,26303,18991,45288,8575,34607,5907,20060,5135,18258,3348,20106,1044,8385,200,2722,4,190,0,0,0,0,20250803
202507,9호선2~3단계,한성백제,1,0,1455,423,4244,1084,9362,2739,13533,9781,7562,5615,4539,3403,4459,3395,4542,3342,4458,4071,4367,3613,4623,3815,5206,5200,7067,6664,10328,11254,4162,9142,3488,4834,3319,4918,2357,3846,796,2729,203,810,0,0,0,0,0,0,20250803
202507,경강선,경기광주,0,0,3633,352,19026,2908,45226,6408,43932,8949,19905,5148,13564,4604,11163,5230,10603,6520,9339,6855,8149,8498,7940,9998,10301,14067,10075,21278,8774,35700,4273,33173,3457,18790,2513,14888,1718,11949,536,5549,74,103,0,0,0,0,0,0,20250803
202507,경강선,곤지암,1,0,1279,340,3575,2617,7668,5177,6381,6027,4774,2158,3461,1999,3769,2472,3441,2168,3285,3178,2875,2842,3685,3155,4128,4080,6657,5184,5504,6409,2188,5045,1711,3830,1143,3152,433,2921,130,1621,9,423,0,0,0,0,0,0,20250803
202507,경강선,부발,5,0,1490,70,4077,2282,8262,7489,5904,5483,5059,2587,3871,2191,4134,2228,3632,2613,3391,2689,3254,2600,4195,3097,4648,4181,7482,5239,5185,6641,3163,4962,2281,4562,1533,4515,654,3867,437,3700,15,1434,0,0,0,0,0,0,20250803
202507,경강선,삼동,1,0,1856,67,6043,1406,13137,2206,13494,2265,6914,1119,4363,1227,3490,1208,2787,1874,2525,1802,2147,2501,2131,3465,2498,4735,3472,8285,2831,9774,1410,8932,982,5449,773,4923,409,3428,138,1728,7,66,0,0,0,0,0,0,20250803
202507,경강선,성남,4,0,314,11,1888,860,5624,1914,5802,2076,2901,988,2132,944,1700,1227,1934,1296,1579,1414,1466,1570,1815,1976,2274,2235,2685,3887,2254,5256,1355,2972,1163,2039,936,1617,784,1270,307,571,17,109,0,0,0,0,0,0,20250803
202507,경강선,세종대왕릉,0,0,275,8,721,189,891,717,977,704,798,524,831,359,687,568,638,556,623,342,551,698,564,595,672,826,737,609,663,1044,355,797,219,533,116,430,46,474,24,278,1,60,0,0,0,0,0,0,20250803
202507,경강선,신둔도예촌,1,0,1032,36,3207,587,6648,2901,4997,3024,3436,1194,2699,1343,2182,1460,2193,1303,1957,1309,1723,1701,1988,1862,2315,2394,3891,4102,3191,4189,1227,4848,945,2970,609,2467,211,2347,101,1301,10,442,0,0,0,0,0,0,20250803
202507,경강선,여주,7,0,2663,13,5660,1081,10047,3205,7960,3848,6708,3957,6443,2955,5509,4588,5475,4167,5619,3198,6055,5185,5628,4949,5468,5970,4998,7855,4585,9279,2583,8475,2199,7009,1585,3445,813,6374,192,3575,3,1407,0,0,0,0,0,0,20250803
202507,경강선,이매,4,0,719,37,1987,1170,4039,2386,3133,3196,1593,1581,1478,1129,1326,975,1544,1229,1232,1516,1376,1256,1685,1497,1847,1596,2081,2488,2137,3067,1343,1671,1242,1127,1273,966,1134,737,365,407,12,78,0,0,0,0,0,0,20250803
202507,경강선,이천,7,0,1176,65,4018,1862,9253,6671,7161,8854,6108,4521,5453,3499,5062,3813,4680,4397,4788,4218,4811,4757,4858,4685,6518,5946,7361,6734,7516,9460,3631,8119,3135,6318,2721,4379,1224,3659,708,2382,18,1080,0,0,0,0,0,0,20250803
202507,경강선,초월,0,0,2075,144,8962,1938,19855,4546,20641,4889,8414,1989,6084,2087,5149,2119,5034,2857,4340,2949,3935,3870,3617,4367,4685,6664,5540,8442,5003,15722,2447,12413,1707,8484,1180,7326,693,6891,280,4185,25,66,0,0,0,0,0,0,20250803
202507,경강선,판교,8,2,825,16,2779,9248,6258,20515,3466,42898,2287,20539,2801,13551,4904,10227,5381,7168,5489,5827,7310,5555,10384,5268,14582,6704,23232,7029,27784,6980,19789,3770,19064,2708,11725,2050,7129,1242,2070,755,4,215,0,0,0,0,0,0,20250803
202507,경부선,가산디지털단지,1195,6,6749,2339,8086,13713,17684,69877,18032,176892,11617,80338,10250,24500,11672,16827,13284,16482,14561,15824,15395,15211,18818,14950,30479,18227,87955,24848,121504,29708,46740,21689,28390,14531,23151,13126,14652,12025,6091,6867,231,1200,0,0,0,0,0,0,20250803
202507,경부선,관악,235,0,8288,1697,14375,4138,33281,7657,28135,12442,14700,9516,10317,8980,8942,7003,10144,6632,9635,6962,8664,7507,8607,8741,10435,11657,11252,17229,10813,28983,6355,21547,4905,12229,4542,11295,2526,10003,985,6521,81,902,0,1,0,0,0,0,20250803
202507,경부선,광명,0,0,13,1490,3680,3266,12463,7145,11115,8689,7205,6560,3593,4219,7565,2674,5417,7852,4743,172,3432,7828,6544,3784,7961,5082,9945,7324,10882,13018,8568,6944,2812,4384,7110,2935,2388,4507,1082,46,0,0,0,0,0,0,0,0,20250803
202507,경부선,구로,12201,89,20469,4597,18915,15478,37713,34905,37059,72509,24214,38240,19897,27121,20375,25681,22243,22690,23011,22944,24078,22792,28280,24494,35961,28017,54701,37192,56761,42501,24635,28226,20406,19385,17240,18976,11816,16380,4282,12049,60,10539,0,1,0,0,0,0,20250803
202507,경부선,군포,126,5,5474,2879,8966,12154,18607,35627,16207,38916,9206,8249,7069,4711,6792,4174,6986,4733,6080,4850,5727,5050,7082,6504,11142,6985,26583,10102,33277,13746,10544,11297,8174,7189,4383,6015,2464,5580,1134,3413,44,567,0,0,0,0,0,0,20250803
202507,경부선,금정,813,7,25714,5821,42112,22206,97225,52053,89589,100038,51218,37042,36646,23344,33192,24238,34354,24701,32427,27833,30077,28423,32973,35905,41496,44854,72684,64870,80520,98754,35961,76053,28842,46348,23342,43627,16207,37867,7514,24236,654,10226,0,1,0,0,0,0,20250803
202507,경부선,금천구청,585,4,11553,1314,19073,6168,43301,17136,40421,29991,22263,11570,15785,9084,14034,9458,13536,10575,12482,12136,11724,11439,12006,15045,14331,19282,16340,28452,26553,43223,10618,30864,8138,16492,6747,16159,4196,13097,1386,8013,59,587,0,0,0,0,0,0,20250803
202507,경부선,남영,145,0,2559,1671,4908,8426,13528,20574,21262,46098,11790,25003,9310,12509,9685,10720,11554,10944,11886,12323,11728,11541,13857,11996,19609,13766,28943,17944,37017,26367,15981,15987,14069,10708,13841,9736,11695,8791,5037,4897,286,1205,1,0,0,0,0,0,20250803
202507,경부선,노량진,405,14,5023,2061,7296,6431,18387,8624,24850,13780,12698,10094,9577,7837,9661,8899,10740,9710,11977,9837,11317,9017,11362,10623,13860,15286,16470,24401,17015,37573,13015,21357,13217,12623,15119,11727,13207,10223,4765,6560,308,1360,0,0,0,0,0,0,20250803
202507,경부선,당정,57,1,5080,888,12617,3823,25465,9855,20923,14867,10989,6006,7932,4067,7998,4630,8693,4653,7078,5006,6066,5040,7330,6459,7668,8464,11152,12858,13668,21537,5271,16458,4364,11018,3343,9009,2534,9296,998,5723,70,1081,0,0,0,0,0,0,20250803
202507,경부선,대방,584,6,5148,2519,10267,11072,25254,36804,30761,46795,17125,21878,12727,10784,12160,10598,13245,11592,13183,12630,13543,11211,14531,12720,16450,16131,32553,22345,39185,34190,13832,20011,10577,14317,8850,14100,5780,12740,1856,7213,138,1709,0,0,0,0,0,0,20250803
202507,경부선,독산,753,10,8878,2399,20829,12964,51636,47752,49195,95052,24209,40777,16671,13597,16651,11571,17739,12634,16856,13939,16139,12012,17760,15718,29784,19016,56355,28052,68741,47383,27646,37589,16938,21480,12321,21309,7418,20280,2874,11496,124,789,0,0,0,0,0,0,20250803
202507,경부선,두정,1054,6,5171,1435,10837,3712,16950,7494,15435,11768,12150,10778,10756,8320,10188,8396,11639,9637,10447,10362,10152,9350,11512,8534,12660,12513,14006,15249,14951,21373,8881,15379,7200,12015,6342,9270,4221,11367,2470,9033,40,2742,0,0,0,0,0,0,20250803
202507,경부선,명학,199,1,6959,2046,11544,8313,27311,26886,22169,49255,11398,13272,7922,6404,7623,5462,8934,6195,8496,6936,8107,6136,9259,6664,12833,8435,25631,12310,35232,20699,10115,17183,8899,9444,5436,7704,3498,8081,1448,5507,124,1206,0,0,0,0,0,0,20250803
202507,경부선,병점,3157,24,8495,3232,33208,12277,52405,22392,39927,26944,26530,15075,23263,11806,21900,13386,23129,13886,19829,15493,18978,18237,21775,20864,24779,27003,31486,36505,30790,50197,16321,42044,14133,30291,11503,23268,7660,23000,2739,15920,31,6725,0,0,0,0,0,0,20250803
202507,경부선,서동탄,0,0,1809,4,6513,783,11181,1434,3819,1174,2669,961,1712,688,1886,939,1528,987,1499,1077,1280,1340,1670,1735,1634,2222,2029,2719,2022,5507,895,5839,725,2557,512,1983,358,2418,135,1499,6,995,0,0,0,0,0,0,20250803
202507,경부선,서울역,9,5,61,703,142,5116,12722,8864,23942,10150,19788,8053,13880,6950,18191,4749,18821,6494,17485,5819,6918,5286,21103,6559,17921,7132,21644,10165,26046,10729,24231,7196,13819,5114,20755,4609,14174,3966,8933,874,1518,97,0,0,0,0,0,0,20250803
202507,경부선,서정리,91,1,5010,2477,13898,7645,17910,15978,15943,19207,13146,8354,12036,6991,12366,8043,13236,10206,11595,9893,12001,9817,13591,11283,17648,15146,28073,19739,18418,18999,9733,18484,8527,14124,6609,10278,4596,10789,2688,7744,108,694,0,0,0,0,0,0,20250803
202507,경부선,석수,456,1,8255,2617,16545,6397,35755,11979,31565,13732,16619,8606,12068,6322,10743,5284,10855,6181,9500,6662,8797,7921,10434,10035,11551,12212,15560,19116,14061,30124,7705,23400,5757,13599,4540,13361,3208,11416,1122,6690,63,564,0,0,0,0,0,0,20250803
202507,경부선,성균관대,309,6,10081,2380,31758,7298,74142,10572,55816,22727,25742,17762,19759,12061,18365,12537,18802,13096,17616,16002,16509,15389,17345,19124,23918,24866,25228,38238,23470,61510,14647,49233,12207,29631,10983,25626,8496,22513,4264,15286,212,2376,0,1,0,0,0,0,20250803
202507,경부선,성환,28,1,2043,958,3964,3046,6953,10409,6770,10673,6896,5306,6275,4575,5514,4362,5476,6732,8052,6232,6443,4694,7811,5594,8360,5690,15704,6886,9457,7759,4938,5951,3617,5389,2168,4930,1250,4901,585,4668,55,1123,0,0,0,0,0,0,20250803
202507,경부선,세류,747,4,4215,673,10400,3005,18292,4245,11767,4221,5957,3051,4689,2957,4209,3122,4390,3728,3965,3452,3412,3485,4234,4098,5567,5479,6894,7391,5167,13345,3259,10241,2738,7662,2254,6871,1317,5086,471,3301,8,904,0,0,0,0,0,0,20250803
202507,경부선,세마,198,1,2405,1216,7563,3012,11360,5684,9992,10682,6403,2612,4672,2093,4265,2672,4687,2452,4924,3298,4399,3282,4672,3158,6169,6300,7792,7856,9098,9665,3372,8822,2396,5822,1894,5810,1322,5034,545,2563,89,239,0,0,0,0,0,0,20250803
202507,경부선,송탄,98,6,5487,1114,8589,3400,13300,6538,11039,9227,8620,4435,7985,3926,7561,4524,7130,4635,6912,4667,6244,5791,7102,6795,9128,7707,8609,10397,9173,11690,5282,11957,3886,9535,3281,7801,2012,6912,984,6361,70,406,0,0,0,0,0,0,20250803
202507,경부선,수원,2395,85,20579,4930,41240,32530,79257,53458,65637,70176,45857,65686,42497,68039,47576,70371,52538,80356,55747,74491,57718,73937,70791,73375,85196,83223,89884,98430,98897,127763,76784,88334,85364,54030,66943,41915,57950,33268,21948,21901,637,7534,0,0,0,0,0,0,20250803
202507,경부선,신길,1043,2,9097,1430,11174,5626,25581,20386,33530,30620,17393,12269,11292,6889,9630,6379,11686,7721,10387,8706,9146,8399,10180,9487,12152,11299,19789,16323,28533,23196,10405,15946,7423,11623,6746,11618,4755,10110,1815,5920,126,1557,0,0,0,0,0,0,20250803
202507,경부선,신도림,556,5,2190,968,3803,3565,8992,8113,11042,15270,6101,8204,4175,4489,4089,4246,4078,4323,3913,5225,3955,4818,4526,5578,5587,6509,10191,9136,13799,13578,6079,7874,4461,4938,3884,4563,3322,3782,1575,2491,86,1293,0,0,0,0,0,0,20250803
202507,경부선,안양,439,3,16503,3175,40977,11786,94566,19640,79249,33646,42135,25157,30781,22115,28898,26671,31613,25844,30860,30450,28898,27871,32193,34018,38955,40622,37763,60108,33820,89790,22481,66213,19233,39077,17633,30899,12887,26184,5734,17998,413,3121,0,0,0,0,0,0,20250803
202507,경부선,영등포,4390,112,14554,6983,17635,24094,42831,65104,62396,134569,38665,96495,39899,78905,46302,87489,54235,90065,60265,91092,63017,81158,89164,78140,107975,80193,128743,91654,171280,111491,98568,68465,98984,40033,75609,32510,57737,27833,23480,15378,825,4067,0,0,0,0,0,0,20250803
202507,경부선,오산,582,4,7275,2017,18156,10616,27191,27793,25151,19971,17677,12727,16931,11371,16610,9767,17191,12535,15286,13721,15143,13657,15856,16661,20150,20312,23580,24801,24883,31613,15562,23420,11481,18931,8763,15092,4954,10774,2006,8170,146,671,0,0,0,0,0,0,20250803
202507,경부선,오산대,242,2,2903,1080,8661,2828,13850,4540,10417,8013,6218,3276,5105,3398,4688,3431,4789,3270,5676,3955,4687,4053,4947,3903,6099,6001,7604,8191,9374,12493,3797,10765,3427,6279,3224,6045,1911,4714,1116,2916,109,252,0,0,0,0,0,0,20250803
202507,경부선,용산,465,7,4082,5539,6752,36319,23281,88157,34153,153926,46127,117279,30865,93798,56350,88518,56992,95956,69354,95330,63150,90463,109628,89837,121090,92589,144593,99726,176519,100760,117539,64911,118337,41499,116299,28083,77435,16024,26403,7213,1352,2086,0,0,0,0,0,0,20250803
202507,경부선,의왕,233,3,6647,2912,14503,9706,28625,34484,27843,29596,13417,11032,10147,6230,9685,6708,10574,6761,9208,7845,8977,7071,9997,9620,15278,12513,28738,16918,25147,27097,11525,20413,9637,12678,6458,11325,4120,10045,1794,6641,103,1155,0,0,0,0,0,0,20250803
202507,경부선,직산,42,0,749,450,1742,1411,2526,3561,2436,3554,1824,1203,1545,1006,1494,894,1260,979,1288,1044,1095,1070,1559,1072,1482,1495,3838,1912,3340,2147,1349,2119,1142,1474,757,1248,354,1164,218,994,24,194,0,0,0,0,0,0,20250803
202507,경부선,진위,36,0,1029,404,1702,3374,3042,8939,2433,7856,1782,2567,1610,2057,2083,1023,1749,868,1666,1037,1619,1052,3480,1524,3505,1556,7726,2315,7686,2659,2887,2237,1686,1560,1001,1305,666,1216,244,816,19,54,0,0,0,0,0,0,20250803
202507,경부선,천안,1374,10,2845,918,6299,3887,11553,6582,10316,12121,12966,12174,10785,10387,12135,11925,11480,12994,11824,12396,13899,12216,13400,13205,14009,12951,13593,16973,13083,16187,9508,10586,7871,8938,5577,6342,3454,5246,2334,3616,38,2138,0,0,0,0,0,0,20250803
202507,경부선,평택,233,2,8633,3437,15068,10156,26270,17553,25707,23634,22162,20670,22300,17169,20731,20941,20678,21822,22400,20037,21987,22917,23372,24553,25825,27896,29201,32815,26944,34514,19517,24495,20955,20407,14267,15396,12635,12343,6786,7606,89,2283,0,0,0,0,0,0,20250803
202507,경부선,평택지제,19,1,2704,3209,5881,7772,11495,12481,9547,7220,6385,5128,5585,3907,5385,4153,6275,4166,4757,4166,4964,4436,7407,5480,7272,6822,12573,8700,9409,9928,7014,9044,5498,6182,4564,5906,4526,5499,2571,3405,45,238,0,0,0,0,0,0,20250803
202507,경부선,화서,443,25,10379,1258,26395,4405,48833,6829,35207,13551,15157,11271,11651,12147,10956,17075,11682,18798,11826,20811,13175,17922,17016,19370,21190,20641,21654,28631,21943,47774,16521,33274,14722,19384,14029,13890,11380,12720,2078,8226,120,1444,0,0,0,0,0,0,20250803
202507,경원선,가능,660,5,8590,1513,12287,3777,25200,7871,21305,13900,12756,7642,11959,6389,10945,7557,10724,8036,9346,8444,8414,7362,8949,9703,9875,11369,11927,14556,8910,19728,5552,19260,4735,12230,3635,9072,2740,8827,1127,4972,245,2170,0,0,0,0,0,0,20250803
202507,경원선,광운대,2672,12,7187,1158,16304,2848,34341,5980,30047,10519,15788,9595,11901,7966,11663,7925,11987,9078,11363,9798,10215,9636,10505,11277,12963,14113,11605,17620,10961,27413,6180,21087,5426,13863,4884,12208,3743,11386,1859,9214,149,4812,0,5,0,0,0,0,20250803
202507,경원선,녹양,600,2,5830,1080,8365,2397,16757,5639,14467,8274,8984,4765,7861,3721,7138,4754,7462,5416,6325,5390,5241,5571,6070,7712,6786,8303,7069,10433,7594,13320,3712,13219,3023,7961,2756,6430,4749,6385,1211,3564,96,1576,0,0,0,0,0,0,20250803
202507,경원선,녹천,1704,37,4403,856,8849,1660,22236,4665,18938,4996,10142,2903,8021,3440,6699,3318,7275,4232,5688,4148,4602,4751,5397,5391,6136,7029,5816,9555,4942,15394,3131,11698,2013,7314,1801,6464,1299,6334,404,3541,59,824,1,2,0,0,0,0,20250803
202507,경원선,덕계,65,0,7032,752,17411,3387,31380,4694,28542,7475,13264,4847,10073,3335,8084,4040,7451,4768,7615,5503,5968,5867,6131,8043,6941,10884,7441,15594,7991,23625,4193,19941,3427,14198,2914,11107,2261,8838,1184,6412,280,2306,0,0,0,0,0,0,20250803
202507,경원선,덕정,17,0,5443,990,11820,5296,22218,8935,20316,15607,11617,8254,9618,5287,8941,5665,9424,6434,13859,8134,7513,7454,8353,8126,8731,8946,11358,13196,11145,16234,5117,15207,3580,10052,2696,8978,1968,6907,1088,4366,289,2358,0,0,0,0,0,0,20250803
202507,경원선,도봉,387,9,7301,1228,11019,3677,20806,4868,18754,12331,13275,8922,11794,7693,10438,7446,9907,8649,9628,8440,9121,8686,9162,10335,9586,12083,10104,14277,11369,17327,4830,14531,3462,8674,2625,7848,1756,6677,792,4074,202,1329,0,1,0,0,0,0,20250803
202507,경원선,도봉산,399,4,7015,1222,10419,3332,22867,5247,22506,7278,15328,10318,12631,11359,12372,11433,13862,11924,15240,9229,15688,8624,16628,8882,16646,9572,15254,9709,12900,10967,8180,9527,5616,5289,3590,5102,2335,4263,1203,2756,205,1140,0,2,0,0,0,0,20250803
202507,경원선,동두천,37,1,1282,593,2523,2213,4209,5116,5286,4598,3983,2431,3545,2120,3529,2468,3295,2929,3746,3225,3343,3075,4212,2738,4068,2791,3499,3524,3865,3680,1828,3152,1106,2725,630,2332,394,1594,226,1680,33,671,0,0,0,0,0,0,20250803
202507,경원선,동두천중앙,40,0,2750,620,4872,1909,8703,4591,8333,11290,5859,4370,5779,4544,5203,4783,6436,4382,5216,4464,5066,5239,5376,4754,6068,4847,6053,5828,6589,6502,2971,5560,2159,4177,1597,3255,877,3044,434,2236,44,1280,0,0,0,0,0,0,20250803
202507,경원선,망월사,582,6,8156,1256,14022,3778,29663,5335,26091,13389,17672,10565,13741,9343,12716,9151,13926,10256,12552,9598,10506,9928,10892,11920,11691,15184,11699,18179,9639,25948,5467,23579,4506,13680,3686,12034,2691,10746,1223,6528,270,3432,0,2,0,0,0,0,20250803
202507,경원선,방학,608,5,12605,1986,16733,6050,35590,10083,30278,22540,20106,12857,16790,11956,15950,11090,17892,12182,14825,12521,13797,14553,14320,17231,15282,20118,17496,23671,18490,30766,10444,26558,8011,15367,6830,12983,4149,11715,2314,7034,328,2102,0,2,0,0,0,0,20250803
202507,경원선,보산,71,0,1506,417,2153,1489,3869,2356,3891,3436,3168,1633,3293,1618,2904,1581,2751,1498,2346,1740,2608,2188,3136,2301,3869,2826,4433,3340,2978,3915,1892,4036,1319,3577,928,2408,548,1782,255,1615,15,770,0,0,0,0,0,0,20250803
202507,경원선,서빙고,100,4,1083,781,2274,5107,3399,4822,4038,9711,3586,4180,3286,3038,2828,2414,3461,2364,3464,3250,3271,2544,4141,3517,6684,3210,9060,3367,7617,4520,2900,3867,2172,2254,2854,2039,1564,1593,407,937,25,228,0,0,0,0,0,0,20250803
202507,경원선,석계,1626,31,6047,2603,11730,5787,23424,5390,24010,8136,15968,6407,13259,6676,11691,8404,11799,8787,11057,10126,9587,10408,9886,14280,11151,18049,11979,23007,9637,35221,7213,22944,5839,16331,5653,14429,4265,12306,2287,7693,113,1853,0,0,0,0,0,0,20250803
202507,경원선,소요산,148,1,526,683,706,1173,1951,1538,2814,2809,2413,4122,2861,7796,3715,9304,5299,8639,7417,6620,8300,6171,9027,4300,8187,3483,5964,2624,3864,1924,1313,1429,1004,1226,370,845,203,651,138,550,1,386,0,1,0,0,0,0,20250803
202507,경원선,신이문,1732,17,9085,1014,15568,3370,37513,4653,39915,8868,22811,6037,14948,6376,12596,7469,12206,9097,11301,9222,9770,9465,10062,14124,10139,17156,9966,21134,9329,32384,5939,23732,4137,16109,3087,14289,2336,13506,1030,8079,66,2023,0,0,0,0,0,0,20250803
202507,경원선,양주,2217,9,6468,1784,12555,6115,31569,12016,22876,9627,17286,7041,14306,5967,13064,7150,12102,9149,11739,8845,9846,9561,9448,11021,10519,11938,11863,18172,11965,21623,6089,21843,3949,14823,2968,10162,1817,10368,784,5432,109,2540,0,0,0,0,0,0,20250803
202507,경원선,연천,3,0,235,3,856,669,1453,1036,3791,3396,2560,2166,1700,3136,2180,4334,3175,4359,4289,3955,4859,3259,4622,2352,3581,2215,2732,2049,2249,2138,924,1766,710,1068,332,592,139,509,58,365,5,221,0,1,0,0,0,0,20250803
202507,경원선,옥수,1,1,1,10,3,67,32,13,136,260,27,23,40,160,25,181,55,80,35,31,25,13,25,44,391,53,353,41,49,43,295,19,44,18,37,13,19,10,15,0,1,0,0,0,0,0,0,0,20250803
202507,경원선,왕십리(성동구청),1222,14,6335,1623,9899,6743,30634,13786,44809,21373,28631,19966,17982,20151,19423,23173,24043,25599,26026,26103,26592,27130,30267,30077,34501,34650,38036,48382,36125,71169,28745,48297,29018,29424,31223,24756,24950,23282,11048,11369,1142,3938,0,0,0,0,0,0,20250803
202507,경원선,외대앞,454,24,4956,2513,10145,10678,26689,6713,29112,17618,17253,11838,13264,10206,13032,10351,13991,11260,14785,11455,15285,11432,19122,12936,21276,15256,20957,18797,15895,29552,10449,22813,8255,14671,7099,14976,6179,15650,2821,11058,265,2750,0,0,0,0,0,0,20250803
202507,경원선,월계,1208,6,5487,1490,10535,2837,26711,6382,24161,12544,15072,6674,11545,5969,10885,6113,10360,7243,10693,7001,8410,7507,9366,8999,9901,11554,8415,13614,8167,23498,5055,16104,3757,10426,3077,9198,2373,8636,1059,5126,78,1266,1,3,0,0,0,0,20250803
202507,경원선,응봉,142,1,1319,223,3207,1075,7791,1425,7081,2353,4716,2078,3494,1719,3008,1600,2684,1930,2445,2137,2317,2894,2563,2785,2737,3771,2814,4287,2716,5861,1616,4445,1269,2813,918,2458,574,1995,294,1234,37,418,0,0,0,0,0,0,20250803
202507,경원선,의정부,3354,29,11587,2739,32663,8397,52082,13661,48940,38582,29148,39366,25073,28858,26416,31500,29050,32519,30376,37260,31663,32794,36253,31468,38164,35637,42933,42656,45202,56094,27637,52595,26990,30877,18652,25023,14325,22532,7521,16119,1223,8898,2,5,0,0,0,0,20250803
202507,경원선,이촌(국립중앙박물관),68,0,1383,581,4122,2984,9993,5124,11009,9103,8511,5472,6739,4053,6830,4276,6327,4426,6473,4864,5955,4705,7505,5267,8603,5626,10017,6810,9684,9523,5075,6908,4779,4794,4216,4512,2743,4007,918,2360,56,610,0,0,0,0,0,0,20250803
202507,경원선,전곡,8,0,663,23,1520,884,3092,861,4803,2291,3006,1550,2819,1536,2473,1661,2621,2126,2465,2048,2211,1969,2063,1906,2430,2439,2217,3036,1907,3344,1242,3056,1127,1754,685,1354,438,1131,307,966,16,639,0,11,0,0,0,0,20250803
202507,경원선,지행,99,2,5436,1186,11376,2915,21112,5981,21947,12505,14126,6934,12095,6997,10565,7116,10248,7642,9998,8647,9192,10996,9148,11597,10042,12577,10989,17478,10554,19904,7263,17322,5995,13212,5413,10237,3310,9032,1904,5582,214,3885,0,0,0,0,0,0,20250803
202507,경원선,창동,0,0,0,0,1,0,0,0,8,0,13,0,6,0,11,0,13,0,9,0,14,0,11,0,13,0,16,0,15,0,7,0,2,0,3,0,2,0,3,0,2,0,0,0,0,0,0,0,20250803
202507,경원선,청량리(서울시립대입구),1761,12,5939,2310,8837,14045,32376,16791,45166,23780,31298,32927,37155,30578,29775,39431,31593,33280,33222,33234,33626,38603,35908,36513,38771,40877,37311,42699,38721,57129,31150,37999,25511,20921,18163,19688,10565,14450,6552,7545,276,3210,0,0,0,0,0,0,20250803
202507,경원선,청산,0,0,110,12,257,246,617,206,613,265,298,240,307,264,264,257,308,239,313,211,332,198,298,229,384,276,394,332,274,326,159,408,147,173,33,92,22,87,24,112,2,76,0,3,0,0,0,0,20250803
202507,경원선,한남,176,0,913,814,1724,5500,2836,12277,3172,15674,3106,12151,3468,6765,4572,4716,4933,4784,4193,4890,5634,3939,7187,3817,8633,4525,14998,5281,13975,6029,7111,3859,5457,2282,5154,2248,4594,1356,1659,812,101,273,0,0,0,0,0,0,20250803
202507,경원선,회룡,2080,26,16269,2625,31471,6877,61059,10526,50004,15144,31719,12770,25613,12005,22906,14352,22487,16299,19842,16843,16749,18629,16341,22380,16616,26759,15870,34572,13152,46841,8266,44403,6584,25506,5939,19977,3598,17611,1610,10924,264,4915,1,2,0,0,0,0,20250803
202507,경의선,가좌,18,0,3744,384,8932,3888,24623,4631,27333,11457,13478,7775,9206,5699,8517,5362,8608,6964,7541,7810,7425,7441,8005,8032,9042,11819,9671,16949,10181,22560,5857,17401,4366,10209,3406,7955,2564,6034,1046,4812,29,526,0,0,0,0,0,0,20250803
202507,경의선,강매,0,0,2608,362,8050,977,20321,1329,17812,3605,8510,1357,5229,1347,4004,1377,3951,1766,3360,2081,2742,2581,2614,3412,2998,4683,2992,7120,3439,11942,1241,11279,949,6432,754,6080,508,5732,247,3362,3,956,0,0,0,0,0,0,20250803
202507,경의선,검암,0,0,0,0,0,0,0,0,0,0,0,0,0,0,1,0,0,0,0,0,0,0,0,0,0,0,0,0,0,0,0,0,0,0,0,0,0,0,0,0,0,0,0,0,0,0,0,0,20250803
202507,경의선,계양,0,0,0,0,0,0,0,0,0,0,0,0,0,0,0,0,1,0,0,0,0,0,0,0,0,0,0,0,0,0,0,0,0,0,0,0,0,0,0,0,0,0,0,0,0,0,0,0,20250803
202507,경의선,곡산,23,0,367,254,978,943,1666,1754,1332,2864,1075,983,1103,800,825,733,694,699,795,790,965,726,1041,809,1136,1022,1819,1284,2137,1985,696,1014,578,635,481,662,260,550,102,331,7,70,0,0,0,0,0,0,20250803
202507,경의선,공덕,29,2,808,76,1888,2422,4917,8396,5907,20849,5281,9503,5969,3598,6318,3651,6306,4128,6182,3827,6032,3761,6437,4155,7682,4770,13015,6906,19431,7425,9033,5078,7568,4223,7585,3931,6086,3416,2535,1999,199,242,0,0,0,0,0,0,20250803
202507,경의선,금릉,128,0,3735,313,11064,2754,18830,6176,14738,10798,9586,5640,8007,4354,7504,4365,6782,4830,6967,5910,6202,6368,6854,7043,7990,8567,10032,11656,10880,14182,4809,15151,4261,8398,3226,7405,2355,7591,560,5262,67,1621,0,0,0,0,0,0,20250803
202507,경의선,금촌,190,2,4151,407,10547,4927,19319,9754,17986,16515,12276,9221,10451,7955,11115,7120,11698,9440,10856,9182,9523,8588,10521,10016,12580,12048,13766,15089,16251,17513,7487,15760,5812,10706,4292,8572,2861,7430,667,6392,140,1555,0,0,0,0,0,0,20250803
202507,경의선,김포공항,0,0,0,0,0,0,0,0,0,0,0,0,0,0,0,0,0,0,0,0,0,0,0,0,0,0,0,0,0,0,1,0,0,0,0,0,0,0,0,0,0,0,0,0,0,0,0,0,20250803
202507,경의선,능곡,164,3,4480,809,10038,2157,22590,3472,18153,7751,9849,4832,7187,4049,6343,4650,6309,4614,5947,4926,5464,5162,5463,6067,6534,7870,7223,10907,6757,16830,3861,13445,3102,7757,2442,7564,1455,7166,672,4401,52,2046,0,0,0,0,0,0,20250803
202507,경의선,디지털미디어시티,23,0,1267,394,3628,1747,9468,2205,10810,4111,5774,3010,4418,2204,3606,2178,3956,2548,3706,3032,3356,2922,3658,3457,4617,4525,4933,7417,5314,10903,3053,7654,2255,4928,1816,4197,1356,3714,645,2588,56,343,0,0,0,0,0,0,20250803
202507,경의선,문산,1440,3,3253,43,8661,3085,17723,8510,16887,14617,11731,5588,9206,7074,9403,7423,10414,8074,10442,8987,10025,6487,10037,10637,10995,9760,13442,12418,12633,14334,5430,15622,4496,9561,3120,7843,2077,7580,128,5351,0,2899,0,0,0,0,0,0,20250803
202507,경의선,백마,281,0,5506,818,17847,5101,35862,7321,26056,11727,14001,6254,10800,5104,10486,4924,9871,5626,9029,7324,8517,7373,9033,8527,10810,11052,11876,15396,11313,30401,5244,25153,4018,14295,3484,14022,3024,12612,853,8511,102,1369,0,0,0,0,0,0,20250803
202507,경의선,서강대,5,0,598,152,1828,1787,3010,2720,4211,8992,3066,5646,2681,2959,2800,2707,3156,3200,3534,3379,3305,3148,3758,3403,4287,3583,6356,4401,6698,4797,3793,3183,3440,2542,3590,2486,3064,2306,1132,1357,10,151,0,0,0,0,0,0,20250803
202507,경의선,서울역,0,0,601,9,1109,7988,3124,21386,3385,33236,1656,15380,1358,5836,1701,4484,2317,3779,3046,5408,3165,2792,5032,2522,7785,2934,14763,4915,23164,5322,8666,2495,4913,1575,4746,1370,814,182,1750,964,3,235,0,0,0,0,0,0,20250803
202507,경의선,수색,8,0,1720,355,4344,2679,9001,6434,10975,16236,5673,7858,3955,3544,3387,2901,3566,2759,3143,3474,3364,3202,3814,3354,4734,4308,9105,7683,12187,7362,5408,7123,3111,4642,2369,3752,1754,3157,756,2449,20,359,0,0,0,0,0,0,20250803
202507,경의선,신촌,0,0,339,5,249,1459,665,5779,534,7668,714,4412,679,1465,710,1112,968,1282,947,1877,827,1019,1469,854,2091,920,5377,1314,5601,1869,2307,847,1217,676,1167,367,848,119,447,617,8,298,0,0,0,0,0,0,20250803
202507,경의선,야당,146,2,6410,454,16580,3178,31038,5100,26172,9678,14349,7983,11061,6457,10427,7477,11333,8891,9916,9359,9333,11890,9929,12159,11120,17010,12343,23444,11459,35435,8534,28267,9339,14079,10139,14573,9569,10920,4567,8824,915,2174,0,0,0,0,0,0,20250803
202507,경의선,운정,89,1,4956,772,16963,9579,28406,7692,27061,11859,13514,7344,9649,5112,8807,5256,8612,6261,8050,5260,7161,8075,8242,8428,11911,12717,14431,15800,11408,22508,5833,18820,5013,11045,3519,10490,2928,8553,920,5778,112,1364,0,0,0,0,0,0,20250803
202507,경의선,운천,0,0,0,0,0,0,0,0,0,0,76,12,10,8,10,0,0,0,0,0,1,0,2,9,26,2,50,69,0,0,0,0,0,0,0,0,0,0,0,0,0,0,0,0,0,0,0,0,20250803
202507,경의선,월롱,88,1,555,28,976,2757,1947,8700,2088,9668,1921,3025,1630,1773,1827,1636,2372,1858,2557,1422,2307,1214,3941,1768,5730,1689,8649,2368,10267,2542,3652,1974,2889,2040,1795,2111,763,1939,85,1603,9,579,0,0,0,0,0,0,20250803
202507,경의선,일산,1266,9,9408,959,28429,4177,53509,8840,37067,18148,21272,10067,16742,8242,16977,9898,15686,10900,14625,12159,13920,13261,15082,14043,15522,17162,15228,26680,13953,39934,7934,40500,6267,19787,4968,20524,4957,17764,1269,10456,194,3694,0,1,0,0,0,0,20250803
202507,경의선,임진강,0,0,0,0,0,0,0,0,0,0,55,249,49,120,4,3,3,3,0,0,2,2,96,70,91,12,398,48,0,0,0,0,0,0,0,0,0,0,0,0,0,0,0,0,0,0,0,0,20250803
202507,경의선,탄현,72,5,7245,551,21899,3535,38410,5955,26932,9495,16114,6102,11397,4911,10971,5209,11164,6453,9833,6674,8869,9087,9674,9553,10606,12668,10606,18914,10856,30912,5747,30653,4878,13792,3911,16420,2970,11309,1117,8629,140,2319,0,0,0,0,0,0,20250803
202507,경의선,파주,215,0,742,13,1432,1015,2811,2710,3180,3810,1936,1019,2008,1086,1988,1099,1569,1003,1787,1010,1622,769,1565,1417,2378,1331,3654,1552,4059,2008,1203,1935,899,1384,643,1233,197,1071,61,841,7,380,0,0,0,0,0,0,20250803
202507,경의선,풍산,644,5,4797,431,12275,2931,26475,4745,21584,8341,13580,7200,9891,5806,9294,7678,8998,6845,8885,7652,8874,6625,9063,8268,9739,10413,10325,15233,9506,23471,5450,16673,4860,13586,4996,10698,3046,9838,1059,6343,85,1531,0,0,0,0,0,0,20250803
202507,경의선,한국항공대,0,0,804,682,1535,1989,4501,2320,3998,6966,3229,5498,2325,3122,2346,2431,2828,3042,2602,2473,3160,2160,3390,2130,5838,2353,6235,3175,5119,3499,2703,2989,1968,2130,1593,1699,1228,1975,780,1574,52,437,0,0,0,0,0,0,20250803
202507,경의선,행신,4,0,4725,1458,15732,4236,38808,5585,32243,10831,15139,6453,11076,5807,10398,6850,9794,7543,8304,8206,7645,8314,7460,9478,10320,14338,12353,20475,10706,38252,5876,27611,6551,13993,6217,13322,5016,11624,2385,6295,82,2149,0,0,0,0,0,0,20250803
202507,경의선,홍대입구,3,1,485,163,830,546,1405,2276,1903,6697,1539,5626,1348,4650,1614,4487,2293,6306,2854,5751,3596,6382,3947,5478,5409,6460,6999,6664,7912,7341,6094,4526,6142,3313,6592,2646,6751,2411,2650,1646,39,239,0,0,0,0,0,0,20250803
202507,경의선,효창공원앞,2,0,849,410,2373,3337,5848,6785,9439,19372,5738,9844,3744,4258,3770,3753,4070,3935,4079,4211,3758,3829,4479,4105,5891,4888,9743,6624,14784,9647,5566,6689,3928,4876,2819,4479,2302,4120,960,2769,47,274,0,0,0,0,0,0,20250803
202507,경인선,간석,512,3,6905,1356,12095,2616,22759,4806,20719,9298,11398,5176,9492,5409,9364,5493,9601,6404,8640,7374,7820,7565,7897,8392,8532,11275,8826,13809,9491,19406,4882,17548,4115,10874,3227,8882,2368,7174,1163,5476,131,2075,0,0,0,0,0,0,20250803
202507,경인선,개봉,1719,13,19850,5950,43974,12704,102930,15804,92410,23598,52570,21538,36817,18335,32070,21123,32896,25635,29965,26349,26626,27320,27150,35746,30769,47576,32232,65855,30370,100164,19934,70467,16187,43025,13996,38709,11996,32660,4109,18090,65,1786,0,0,0,0,0,0,20250803
202507,경인선,구일,389,7,4999,2563,12016,7768,28079,8679,24548,11370,13482,7124,9955,5907,8500,7140,8601,12589,7966,17677,8015,13741,9309,16884,14071,22476,21911,37785,12409,45288,6451,21887,6056,11544,28940,11086,22595,8595,6063,5841,49,581,0,0,0,0,0,0,20250803
202507,경인선,도원,907,55,2180,2500,3835,3415,8013,6247,7750,17867,5034,3772,4692,4039,5056,3448,5557,3461,5985,3754,5219,3845,6428,4229,9269,5554,8215,6800,7479,8939,2700,6253,2232,4268,5635,3376,1029,2960,427,2270,27,1283,0,0,0,0,0,0,20250803
202507,경인선,도화,438,2,5035,740,7997,1921,16422,4425,13003,7753,8813,4177,7546,4305,7230,4649,6799,5494,6491,5287,5765,5430,5936,6070,6429,8596,6379,9592,6924,11429,3340,10871,2717,6656,2159,5552,1437,4470,670,3533,58,1524,0,0,0,0,0,0,20250803
202507,경인선,동암,773,14,22941,3117,29848,7409,60464,13232,55849,17045,32422,15040,25215,14806,23215,16760,23710,17554,22140,18658,19276,18807,19069,22941,21212,30923,23049,43346,21842,56477,13719,50298,11598,32857,9905,28313,7387,24258,3901,14018,399,4592,0,0,0,0,0,0,20250803
202507,경인선,동인천,1658,22,8030,2504,18836,11341,42795,23012,32634,30382,21256,17053,19786,17010,20746,19747,22793,19481,22308,21229,21279,19108,26022,20977,27749,23829,35623,27160,36547,34460,17420,33867,12874,19561,9863,16250,5953,14455,2271,8861,15,3194,0,0,0,0,0,0,20250803
202507,경인선,백운,233,25,9775,1278,16492,2513,30268,4507,27949,10669,15772,7079,12822,5818,11548,7415,11008,7352,9923,8421,8860,9004,8811,10786,9572,13833,10844,19114,9623,25903,5057,23521,4154,13620,3954,12709,2476,10462,1270,5802,167,2331,0,0,0,0,0,0,20250803
202507,경인선,부개,2435,13,10957,1529,18416,3214,42380,6104,33731,10937,18950,7311,14383,6779,12904,8333,13010,9125,11954,9229,9760,10931,9968,12923,11595,16627,11113,22411,11806,30539,6362,26552,4834,15994,3944,14668,2407,11772,1321,7798,191,2217,0,0,0,0,0,0,20250803
202507,경인선,부천,4361,27,40038,4835,45646,11887,100826,19423,102937,42493,62128,43529,48046,41053,46476,39197,48312,49199,46463,49038,44941,47742,48618,55239,54723,63499,55687,86765,57601,112346,38126,88323,31259,55695,27201,49485,19922,41421,9220,27094,764,5462,0,0,0,0,0,0,20250803
202507,경인선,부평,11273,61,25021,4067,39527,10663,93521,20552,81340,36263,48025,40908,39208,36865,40612,44512,43767,48717,44439,56024,44449,55823,51091,56652,56386,67320,61164,88081,56569,119866,41342,94013,41140,55016,38094,46726,30583,36754,15874,23299,2481,7487,0,2,0,0,0,0,20250803
202507,경인선,소사,1430,6,13803,2393,13828,5283,29097,6871,26547,8572,16857,7144,13206,6957,11435,6915,11672,8079,10308,8904,9062,9023,9343,10713,10601,13502,10286,17765,9588,24248,5890,20186,4412,12908,3427,11719,2245,11004,1048,6997,85,1896,0,1,0,0,0,0,20250803
202507,경인선,송내,1820,8,17310,8204,42540,15324,108889,29719,86557,79140,49049,41695,34319,23797,35247,22243,33524,25299,31004,26120,28776,26237,31575,29282,36906,38859,47654,59897,74759,93005,29122,78312,22442,46128,18898,39578,14245,33367,6448,21495,550,3735,0,0,0,0,0,0,20250803
202507,경인선,역곡,1225,15,30328,3087,49314,9391,115762,13963,109215,31170,60037,24202,39415,20018,34596,20471,35156,25755,33646,26903,27366,29281,27551,35904,30643,51200,33012,70341,31628,114444,19953,85765,16590,49007,13269,47043,10048,40141,4553,25496,265,3363,1,1,0,0,0,0,20250803
202507,경인선,오류동,637,3,13460,1662,20975,4329,51280,5898,49869,12059,29309,11850,21416,9781,18449,9104,18565,12765,16420,14092,14486,13123,15063,17478,15613,20465,14971,27929,13669,44570,8548,37028,6609,23301,5569,20752,3562,18409,1507,11243,59,1630,0,0,0,0,0,0,20250803
202507,경인선,온수(성공회대입구),388,7,5919,1703,8893,3687,23612,8407,21108,10948,14175,6374,10666,5657,10181,5296,10982,6968,9269,7564,8666,7282,9574,9424,10585,10805,10097,13937,9683,22277,5181,16540,3955,10804,4191,9790,2455,8649,1389,4897,98,827,0,0,0,0,0,0,20250803
202507,경인선,인천,524,5,1608,1079,3548,3358,5760,7218,4892,10657,4144,7328,4360,7528,5329,8470,7010,8734,8253,8355,9984,7355,11470,6460,12361,5855,14470,5424,13848,4626,6439,3750,5569,2849,4113,2178,1970,1706,608,1246,8,877,0,3,0,0,0,0,20250803
202507,경인선,제물포,1248,39,9137,1945,19454,5771,39877,14405,31549,30446,19215,12922,15597,9667,16023,9034,16514,11167,15561,11617,13127,11178,15652,12977,19196,16863,20277,22796,22029,32623,9313,28362,7625,16615,6327,15536,3823,14423,1394,9537,66,3057,0,0,0,0,0,0,20250803
202507,경인선,주안,1339,21,15258,3035,31501,8047,61838,17012,53064,26369,33673,19598,27318,15559,27999,16068,29743,18245,27301,20219,24424,19871,27039,22385,30206,30265,36046,38612,32834,56728,20307,56170,18028,30878,16777,28247,11990,25180,5956,17008,682,5716,0,0,0,0,0,0,20250803
202507,경인선,중동,1226,25,11563,1774,19995,4945,44263,6168,34118,11855,20237,8590,14479,8569,13695,8579,14517,10075,12414,11164,11436,10807,11422,12907,12608,16475,12977,23137,11514,33852,6804,26860,5462,16880,4364,14621,2929,12293,1228,7948,123,1738,0,0,0,0,0,0,20250803
202507,경춘선,가평,0,0,1028,170,2029,1257,4028,3001,4488,6467,3961,7182,6016,5542,10226,6227,6390,6057,4255,6661,4271,5145,4116,4635,5140,2974,6425,3480,5550,3811,3005,4233,2147,2778,1292,1788,576,2114,339,1361,28,495,0,0,0,0,0,0,20250803
202507,경춘선,갈매,9,1,2293,515,4925,1052,15778,2994,9548,5239,6121,2458,3751,2978,3022,1866,3168,2251,3193,2794,2991,2307,2985,3676,3435,3641,3663,6132,5225,10495,2356,9013,1832,3985,2249,3099,1741,3329,607,1548,17,480,0,0,0,0,0,0,20250803
202507,경춘선,강촌,16,0,136,51,289,224,473,400,640,1324,693,1667,1002,1283,2374,1828,1298,1001,905,926,1139,1087,1943,780,1292,780,1089,656,672,663,500,442,435,356,279,358,96,409,60,268,10,52,0,0,0,0,0,0,20250803
202507,경춘선,굴봉산,2,0,57,7,83,115,132,159,264,333,196,478,294,706,1290,635,307,395,387,422,344,352,471,255,474,186,265,217,191,169,118,106,97,77,62,49,13,58,7,58,2,11,0,0,0,0,0,0,20250803
202507,경춘선,금곡,60,0,2431,356,2704,1030,5865,3097,5037,6118,3728,2580,2604,1719,2804,1516,3084,2356,2676,1757,1847,2168,2801,2043,2327,2310,3158,3914,3724,4740,1414,4002,945,1972,664,2143,480,1848,213,1066,21,322,0,0,0,0,0,0,20250803
202507,경춘선,김유정,10,0,158,37,292,145,679,723,630,1140,596,802,670,911,656,1222,795,1238,970,884,1071,897,1092,641,1038,707,1264,704,1154,714,383,632,484,441,256,262,96,236,22,113,6,78,0,0,0,0,0,0,20250803
202507,경춘선,남춘천,664,2,1915,35,4072,991,4874,1709,6348,4179,6605,4617,5539,3805,5420,7856,5764,7908,7001,5618,7153,4901,6748,5882,5691,6114,5154,4619,3967,7136,3445,8175,3070,4387,2679,3845,1789,4623,568,2474,13,2274,0,0,0,0,0,0,20250803
202507,경춘선,대성리,0,0,1841,183,1884,618,1766,998,1572,1348,2090,745,3677,1299,5778,1203,1933,1598,1212,3013,1062,8251,1258,2776,1296,1880,1637,1569,927,1039,722,885,484,665,321,487,261,427,113,364,4,15,0,0,0,0,0,0,20250803
202507,경춘선,마석,28,2,1607,629,9416,3365,15951,6293,12483,7036,8613,6067,7364,4301,6192,4895,6780,4598,6144,6254,5623,5362,5870,6829,6488,5797,7017,9287,6893,13031,3505,10041,2806,7168,2123,5788,1572,4927,678,2213,64,858,0,0,0,0,0,0,20250803
202507,경춘선,백양리,1,0,26,37,44,414,99,594,146,308,254,172,392,303,661,380,283,297,221,199,255,294,372,201,354,187,494,128,259,129,87,72,99,79,87,33,43,29,10,34,8,9,0,0,0,0,0,0,20250803
202507,경춘선,별내,47,2,1368,594,2911,1807,8768,4369,7540,6427,5000,3211,3624,3505,3167,2663,3705,2592,3960,2944,3607,2617,3838,3631,4529,3321,5449,5209,6135,8463,3116,6225,2342,3012,2182,2051,1918,2275,986,1274,41,327,0,0,0,0,0,0,20250803
202507,경춘선,사릉,154,10,2133,952,4245,1693,9999,4837,7580,3830,4693,2028,3127,1945,2862,2134,2838,1987,2722,1768,2219,2124,2314,2454,2586,2650,3786,5104,4754,7778,1770,7461,1281,3330,1055,2594,599,2518,302,1522,17,423,0,0,0,0,0,0,20250803
202507,경춘선,상천,4,0,230,63,267,266,701,432,631,767,599,658,585,687,737,611,581,534,559,438,643,584,633,594,819,478,565,304,390,514,265,401,160,219,90,203,12,128,9,123,0,35,0,0,0,0,0,0,20250803
202507,경춘선,신내,40,0,1702,655,5250,2721,14252,6602,10575,10233,5140,2778,3971,2238,3365,2525,3590,2751,3492,3210,3476,2604,4001,4248,4308,3273,5750,6431,7411,10073,2967,7250,1968,3575,1605,3137,1158,2900,831,2023,80,780,0,0,0,0,0,0,20250803
202507,경춘선,천마산,12,3,1202,238,3961,846,7488,1860,7134,1948,4463,1415,3132,1355,2280,1791,2381,1707,2044,1974,1839,2148,1564,2739,1970,2464,1937,4006,1841,3732,897,5758,680,2834,579,2657,298,1879,124,1162,11,323,0,0,0,0,0,0,20250803
202507,경춘선,청평,8,0,1005,252,2975,997,4536,2376,5082,4286,3989,4258,4648,4009,6501,2902,4615,4236,3835,3737,3648,3859,3581,4031,3782,4329,4276,4389,3171,3956,1765,4239,1548,2310,973,2012,601,1464,151,1166,12,270,0,0,0,0,0,0,20250803
202507,경춘선,춘천,306,1,747,14,1550,476,2031,807,2877,2623,2897,2716,2240,2279,2753,3917,2690,3087,3817,3722,4081,2517,4794,3350,4408,2351,4002,2057,2954,2496,2155,2439,1297,1279,850,1511,439,1053,107,1074,2,751,0,0,0,0,0,0,20250803
202507,경춘선,퇴계원,89,1,3476,747,6377,2077,16984,3748,12653,5090,8778,3177,6050,3311,4938,2883,6010,3002,4874,3885,3365,3759,3945,4994,4170,5910,5002,8398,5576,12104,2451,10549,1861,5562,1437,4058,958,4949,494,2435,25,774,2,1,0,0,0,0,20250803
202507,경춘선,평내호평,841,7,6347,812,15068,2375,28725,5495,24127,10745,11716,7368,9718,5541,8741,5863,8647,8021,8379,6873,7423,9128,7719,8463,7911,9428,9189,18604,9438,24991,6093,21559,4752,9228,4194,8901,3894,7801,1849,5417,54,2182,0,0,0,0,0,0,20250803
202507,공항철도 1호선,검암,1681,4,9337,612,15075,2290,35729,7783,23345,17149,11967,5308,8821,3439,9404,3184,8244,4035,6923,4663,6118,5197,5872,6537,7822,9518,9121,13696,12522,26068,4378,23285,3630,13654,2855,12421,2196,12954,1131,9695,206,5153,0,0,0,0,0,0,20250803
202507,공항철도 1호선,계양,69,0,12390,653,30294,2726,55202,4461,38499,5601,26350,5031,17517,4367,15331,5101,14086,5489,12168,8301,10046,9925,9478,12671,11053,18330,10166,24177,7998,44489,5518,39128,3890,24344,3357,22512,2276,22062,1219,12622,246,4049,0,0,0,0,0,0,20250803
202507,공항철도 1호선,공덕,75,2,2146,223,3464,2068,7601,4716,8154,13882,5234,6789,4222,4174,4740,4227,4445,4759,4349,5092,4077,4876,4038,5453,5177,6721,7905,10522,11542,15141,5206,9759,4279,6626,4188,6799,3245,6384,1700,4399,110,1936,1,0,0,0,0,0,20250803
202507,공항철도 1호선,공항화물청사,3,0,559,951,1471,8473,1974,11601,2119,19745,1642,3760,814,2618,680,4729,959,5037,1234,4060,1740,3331,2990,2061,4976,1357,11028,1696,14314,1192,3355,1215,2289,1861,2666,903,2648,384,707,254,12,72,0,0,0,0,0,0,20250803
202507,공항철도 1호선,김포공항,12,0,1815,2119,2906,11213,7181,22394,14563,19074,17527,10136,17086,9051,16163,10484,16385,12125,20007,11060,18981,9901,19711,9183,19582,9531,23282,11719,28749,9902,18157,5645,15148,2701,17554,1656,18362,1315,5567,864,169,644,3,55,0,0,0,0,20250803
202507,공항철도 1호선,디지털미디어시티,123,12,4538,882,10114,8221,24494,36392,26103,90056,14092,42148,10491,15341,11433,11695,12583,12703,13170,13048,13195,10663,16517,11485,21546,14012,54352,22398,84762,31561,33584,20074,19474,12137,17555,10983,14906,10379,6793,6463,840,3368,0,4,0,0,0,0,20250803
202507,공항철도 1호선,마곡나루(서울식물원),51,3,2981,1640,6543,16506,15209,44877,17577,87490,8512,39672,6268,13949,8472,9046,9926,10429,9430,10392,9828,8071,16241,7880,28789,10115,76915,16496,66182,21175,27187,12782,19652,8563,16261,7987,10609,8045,3274,4972,550,2904,0,1,0,0,0,0,20250803
202507,공항철도 1호선,서울역,334,1,3636,1673,5074,15089,13363,23263,17965,34619,17030,28740,18478,23712,23965,23576,28168,23879,28768,22614,21469,19081,30130,21903,30685,22393,39728,23784,38520,24492,29976,20658,21408,13975,24999,12798,17161,10269,11541,5032,202,3185,0,0,0,0,0,0,20250803
202507,공항철도 1호선,영종,22,0,4530,213,13297,2001,19971,3346,14341,3703,9918,3181,9275,3195,9293,4139,7928,4439,7165,4234,5927,6147,6177,8598,6772,8724,6668,9654,4534,18191,3010,16236,2778,9608,2576,10565,1884,10696,876,8872,157,2934,0,1,0,0,0,0,20250803
202507,공항철도 1호선,운서,162,8,18106,947,25190,8340,36307,12713,28662,14159,16820,11588,17452,7082,21216,7969,20369,10571,15175,11490,12792,14479,13938,15734,16044,18047,18053,23029,14072,36754,8414,29084,8018,26257,7709,25518,6321,26858,2847,18644,378,5907,0,0,0,0,0,0,20250803
202507,공항철도 1호선,인천공항1터미널,0,0,11001,10937,14045,19940,19851,39649,19510,37259,17006,29778,15834,29644,19246,36070,27826,45289,28968,33529,34980,28933,42277,23766,37880,24048,35674,29286,39190,21356,26730,20786,27023,13798,29178,11750,32818,9161,15055,9800,172,7050,0,0,0,0,0,0,20250803
202507,공항철도 1호선,인천공항2터미널,0,0,5614,8243,6457,13712,9699,21756,10656,19011,9076,11395,5569,13304,6917,20152,10348,23286,14064,18405,18946,14707,27297,12009,23616,11762,26315,12741,25453,7568,15060,4275,19353,3476,20095,2975,14552,2122,5044,2359,2,2574,0,0,0,0,0,0,20250803
202507,공항철도 1호선,청라국제도시,154,0,7880,316,19467,6448,36394,8373,22286,18262,13448,5511,10030,3797,11607,3517,11016,4239,9077,5605,8164,6710,9052,7812,11416,10890,16286,15264,19500,26575,5832,25322,4182,16106,3519,15314,2411,16635,1251,9533,209,3812,0,0,0,0,0,0,20250803
202507,공항철도 1호선,홍대입구,193,12,5868,616,6744,4655,12069,11591,15183,28807,13777,30718,15079,26141,18255,31180,20392,37697,23010,37342,25433,32272,30972,32244,37807,33985,45987,37508,50800,44209,41523,29045,40350,17674,44366,15055,37036,14015,16411,10456,1380,3522,0,0,0,0,0,0,20250803
202507,과천선,경마공원,1,0,629,485,1279,3190,2100,4418,2476,12578,2599,32832,2496,30706,2883,17240,3261,16039,4634,12181,6676,8161,10783,4884,16674,3457,28403,2319,59607,2549,7549,1811,2036,1264,912,1026,1490,1034,296,575,22,112,0,0,0,0,0,0,20250803
202507,과천선,과천,5,0,2573,251,9727,2400,23727,5859,22382,9329,14334,5846,10900,5155,10136,4889,9795,5778,9503,6439,8493,7296,9431,9035,10031,10370,9178,13535,8699,19908,4815,15946,3326,10087,2117,10243,2133,9559,720,5390,89,1278,0,0,0,0,0,0,20250803
202507,과천선,대공원,0,0,97,366,478,4470,1021,4945,1231,13796,1893,19156,2092,12625,7964,7177,7830,6906,5931,6929,6970,10154,7247,16129,10386,15166,11348,9685,10696,2586,5161,1409,4063,791,11432,771,22822,668,2503,277,31,41,0,0,0,0,0,0,20250803
202507,과천선,범계,114,3,10623,3213,46950,12407,111893,28201,88994,63235,46225,43624,35919,33911,35434,32158,38830,32950,38875,40413,37959,38362,42123,42787,48852,50454,55006,73318,63620,114593,38863,89965,40720,45286,31380,40717,25742,34872,10490,19799,1139,6120,7,2,0,0,0,0,20250803
202507,과천선,선바위,5,0,959,1413,6477,10058,15910,23035,18779,27261,13252,15627,9827,7207,9086,7169,9620,7123,9755,6706,9744,6572,11506,7183,14998,9241,27295,11776,31373,15459,13444,12207,8806,8554,6804,7826,3914,7475,1267,4066,118,709,0,0,0,0,0,0,20250803
202507,과천선,인덕원,100,2,10320,3586,35410,16653,85617,51884,75543,113076,45465,39535,34207,21586,31921,21826,31804,21792,31875,25244,29162,26929,32903,29025,40773,38253,69505,54629,91233,89507,33582,70114,26851,40610,25704,37195,15138,36097,5915,21698,788,5572,0,0,0,0,0,0,20250803
202507,과천선,정부과천청사,23,2,2359,1988,10315,16322,25730,48470,21876,112106,15688,29409,13137,13959,14358,11802,15182,13282,16524,14145,16451,13691,20313,13113,29418,15418,52695,20179,76160,28646,22368,21925,16459,12198,14102,11645,7799,10426,2181,5558,199,1442,0,1,0,0,0,0,20250803
202507,과천선,평촌,79,2,5432,2654,26844,10420,66638,38544,54078,88837,26800,29458,20989,15942,19146,13501,20349,14416,18312,18557,18936,15532,22902,17584,26293,22510,49389,34337,61993,52834,23390,46152,18269,24674,16736,20941,11901,18532,4433,9949,577,3358,0,0,0,0,0,0,20250803
202507,분당선,가천대,38,1,5104,773,8543,3830,21018,5999,26897,19366,17237,11942,10883,8047,9872,8094,12057,9336,12546,10437,10694,8655,13069,10092,19019,11709,17549,15207,14501,22534,7960,19136,5702,14600,4536,15104,3685,16912,2167,11956,93,1220,0,0,0,0,0,0,20250803
202507,분당선,강남구청,34,0,1343,874,2995,6374,7352,20781,11104,61765,9213,44871,8500,20961,9527,14645,11080,14995,12359,16062,13695,14324,15816,13907,19158,14179,34828,17884,52707,22696,26581,13482,15432,7805,13208,6296,8554,5953,2709,3235,86,676,0,0,0,0,0,0,20250803
202507,분당선,개포동,8,0,1334,677,4592,3667,13489,7103,13669,10073,9281,7172,7505,5812,6535,4637,7612,5895,6880,6369,7249,6109,8013,7006,9059,8190,8852,11269,9108,14472,5505,11626,4234,7501,3683,6848,3483,6297,1181,3374,24,96,0,0,0,0,0,0,20250803
202507,분당선,구룡,0,0,1187,556,3513,4339,9024,9935,12451,9751,8848,4817,5753,3418,5716,2921,6923,4135,5704,4304,5925,4163,8024,4793,7087,5905,7529,8117,6392,10498,3707,8048,2392,5016,1905,4535,1370,4074,339,2498,34,89,0,0,0,0,0,0,20250803
202507,분당선,구성,218,2,3273,789,11518,4747,27015,10181,28903,13544,16093,7468,12047,5578,10117,6268,9782,7188,8762,7415,8182,7978,8635,10589,10234,12378,14208,19876,14186,28814,7852,20490,6837,14872,5214,11604,4065,13490,1919,6900,97,577,0,0,0,0,0,0,20250803
202507,분당선,기흥,357,18,6218,867,17561,4806,39342,13762,37267,21667,20369,11194,13908,8104,13535,9440,13585,9582,13264,11908,12490,11175,13626,13304,15650,14954,22126,23089,24722,36547,12654,29995,9609,17969,8834,14405,6498,15646,2268,8329,40,986,0,0,0,0,0,0,20250803
202507,분당선,대모산입구,3,0,2854,698,7911,3636,24147,6846,25014,11911,15234,6917,9985,4828,8558,5405,8715,6613,8442,7257,7180,7164,7325,8985,9531,10363,11625,14265,11237,19872,5785,15940,4167,9941,3001,9778,2131,9497,600,4939,18,272,0,0,0,0,0,0,20250803
202507,분당선,도곡,33,1,1694,1346,5313,7431,12278,17023,16719,26176,13385,20750,10984,10016,11229,9193,12100,9952,12567,10685,12835,10879,15462,11118,16130,12435,23348,15751,24689,18963,12214,14301,8578,9834,7020,8854,5548,7903,1301,4406,58,309,0,0,0,0,0,0,20250803
202507,분당선,망포,62,3,7592,2924,24649,9537,59935,31441,50787,46358,24840,17287,16334,10152,15433,11419,16590,12731,16720,13160,14541,12602,16459,17548,21943,21875,38308,31037,45972,52209,22060,47028,17450,29089,14557,22911,10913,21011,4125,12531,144,1030,0,0,0,0,0,0,20250803
202507,분당선,매교,608,1,5246,1051,12104,4573,23764,6674,21660,13001,10265,5326,6631,4383,6313,4879,7210,5396,6203,5416,5491,5754,7596,6293,10201,8899,8412,14313,7935,21359,4548,15282,3467,9664,3330,8346,2592,7244,712,4042,28,650,0,0,0,0,0,0,20250803
202507,분당선,매탄권선,55,0,4451,839,12059,3623,23802,5913,21458,14092,10827,6142,8194,3952,7507,3915,8192,5111,6544,5171,5793,4827,6604,7084,9002,9282,10388,13349,9609,21982,4978,16123,3785,10594,3461,9003,2671,8932,771,5328,24,444,0,0,0,0,0,0,20250803
202507,분당선,모란,564,14,16866,2608,24273,12110,56565,24314,69452,38438,48026,29652,32629,27394,31286,30448,33746,30317,32422,30631,30438,32317,31861,40000,35477,43702,40394,48903,40703,66185,22702,47714,16960,33961,14796,30061,11223,25767,5752,15620,326,1419,0,0,0,0,0,0,20250803
202507,분당선,미금,592,6,4012,1038,13426,12553,28404,24522,32254,51521,23518,37369,23977,23698,26306,22773,25987,23586,25893,25205,27582,25107,32548,24413,32201,27894,39571,33207,41935,41020,22070,30721,18767,20760,18631,18032,13067,15977,4338,8550,159,1799,1,1,0,0,0,0,20250803
202507,분당선,보정,34,0,1173,117,3884,1154,9435,2628,10761,5615,6408,2201,5041,1681,4486,2004,3722,2174,3556,2387,3192,2807,3893,3643,4142,4471,4075,5747,3295,7111,1602,6299,1285,4146,1175,3837,1035,4308,300,2447,8,118,0,0,0,0,0,0,20250803
202507,분당선,복정,0,0,0,0,0,0,0,0,2,0,4,0,1,0,2,0,2,0,8,0,5,0,6,0,2,0,5,0,6,0,5,0,2,0,2,0,0,0,1,0,0,0,0,0,0,0,0,0,20250803
202507,분당선,상갈,48,0,3726,756,9525,2853,19918,6951,20167,8889,13098,5144,8605,3767,7725,4421,7117,4387,6627,6321,5830,5523,6204,6999,6997,9851,9746,12817,10114,16267,5519,13971,3392,10560,2976,9644,1787,9174,626,4988,6,753,0,0,0,0,0,0,20250803
202507,분당선,서울숲,143,0,2908,642,6111,6980,14517,26442,24144,51556,15643,39750,9589,25410,10844,20858,13859,20081,16264,21441,17512,20049,21606,20447,27144,20804,46943,24975,56826,31931,33331,20661,24190,11266,18434,8985,11767,7718,3300,3721,131,824,0,0,0,0,0,0,20250803
202507,분당선,서현,248,7,4496,3237,13379,13901,35479,38054,40287,93563,29975,71148,27555,41770,29628,37721,33142,39140,36167,40410,39080,40544,46682,37643,51469,43712,70071,51072,88218,63506,50286,44392,47046,27265,39576,21440,29230,18869,10442,9934,499,1473,0,0,0,0,0,0,20250803
202507,분당선,선릉,61,3,1158,1906,2519,14394,5570,55866,8292,145241,6907,90729,8135,41397,10019,26171,12287,25033,13882,25524,15276,20144,20522,17047,29488,19157,57593,23059,85176,26762,35575,15447,24089,8009,21309,6919,18305,5822,4891,3109,208,684,0,0,0,0,0,0,20250803
202507,분당선,선정릉,13,0,955,1123,2361,4998,5047,14915,7719,50485,7633,43581,6014,15867,7314,9826,10049,9420,9874,9698,11379,8480,12441,7292,14823,7681,28470,9215,44537,11017,21305,6937,11457,4360,8962,3967,5966,3555,1944,1918,126,422,0,0,0,0,0,0,20250803
202507,분당선,수내,150,5,3151,2164,8378,9508,19879,25009,23879,55790,17067,43406,13990,23050,15763,18105,18597,18700,19333,18530,21624,18248,22891,17767,26539,20858,40482,24938,53524,29818,29603,21479,25667,13134,19070,11790,14158,11606,3618,5547,189,872,0,0,0,0,0,0,20250803
202507,분당선,수서,35,1,4650,4879,12509,16116,44428,31765,63653,48692,38327,28902,33471,21793,23290,19325,30423,22820,25540,20986,20168,21998,28315,26632,31500,33096,42021,48027,44474,67509,20797,41270,19128,29240,15278,26893,14021,24535,7922,9542,298,1805,1,0,0,0,0,0,20250803
202507,분당선,수원,734,4,5863,723,10121,4895,23061,9065,22875,14403,11531,12885,8091,9470,8423,12047,9382,12344,9791,12491,9952,12658,12161,11390,13965,14633,16447,21834,19058,27499,14102,18756,14885,10896,13046,8539,11714,6193,4486,3868,117,760,0,0,0,0,0,0,20250803
202507,분당선,수원시청,238,1,7443,2104,14330,8902,34928,21483,31848,58217,15607,37637,13650,18145,16008,16521,19019,20688,17477,21067,18038,16391,22540,18592,30847,20980,35946,35620,46505,50331,23610,36507,20672,23082,21708,15682,18783,15294,6720,9294,271,1093,0,1,0,0,0,0,20250803
202507,분당선,신갈,131,0,3155,301,10333,1281,20474,2647,20442,7412,11733,5272,8241,4067,8426,4699,7335,5040,7148,6010,6212,5950,7073,7470,7693,7669,6312,11723,5346,18690,2498,14383,1935,10189,1811,7876,1170,9243,385,4717,25,327,0,0,0,0,0,0,20250803
202507,분당선,압구정로데오,178,5,2401,1124,3671,13786,5927,27798,8689,75920,8352,109955,10370,56454,14697,39934,19856,33759,24005,33629,29088,31256,37697,29859,48069,31673,67880,39326,92709,44378,69017,24713,55753,12404,38273,8482,26964,6680,9182,3990,433,860,0,0,0,0,0,0,20250803
202507,분당선,야탑,225,6,7587,3383,21430,17519,56345,46803,61056,101023,41789,58955,34312,39483,35430,34355,37722,36437,36312,40230,38789,35737,44418,40127,52249,43976,70198,56892,83050,74990,39941,54584,29785,34706,27659,27799,18913,27262,7229,14566,306,2028,0,0,0,0,0,0,20250803
202507,분당선,영통,97,16,3325,1996,8992,5147,19326,12273,19514,26451,11526,18291,9870,11803,10425,10851,12088,12675,12754,13271,12384,12367,14853,13418,17616,14571,24467,21398,26622,27371,13869,20318,13177,12589,13793,11929,14410,11662,4690,6472,229,474,0,0,0,0,0,0,20250803
202507,분당선,오리,745,7,3817,483,16620,9360,30735,16868,30390,35581,20553,17032,16697,10634,15676,11562,16231,12728,15680,11431,15278,12124,17151,13684,19667,15404,28404,19124,33412,25682,13257,21608,11017,14546,9439,12258,6178,11516,1811,6751,77,1553,0,0,0,0,0,0,20250803
202507,분당선,이매,74,7,2670,858,6595,3310,14192,10526,15286,15561,11009,6603,9587,6277,9263,6265,10199,6616,8485,8037,7916,7481,9309,8430,12475,9470,12509,12133,13872,15122,6242,12458,4933,8091,6082,7209,3952,7614,1045,4215,60,816,0,0,0,0,0,0,20250803
202507,분당선,정자,301,8,3604,1333,12057,17519,29353,48309,32817,94263,23783,59417,18349,27076,19705,19578,20851,19240,21724,21540,21651,19093,28358,20942,34569,26282,62447,39040,76313,49968,41634,36576,32734,22559,31855,20418,27891,18164,10619,10281,981,2871,0,0,0,0,0,0,20250803
202507,분당선,죽전,1494,11,5730,1054,19461,7423,43393,15977,35964,22722,21585,22655,16772,18472,16130,18395,16933,17897,17294,19131,17289,20035,19945,22033,22048,25947,25923,33109,28101,50383,18667,39303,22837,24950,11778,21172,8732,20986,2648,12995,1,5912,0,0,0,0,0,0,20250803
202507,분당선,청명,32,0,3412,1023,9362,2691,20949,6586,19644,9826,9889,3978,6684,3856,5749,3587,5835,4463,6105,4922,5207,5149,5912,5930,6868,7565,7974,11616,10282,18315,4790,13547,2960,8746,2184,8220,2332,7469,748,4149,15,297,0,0,0,0,0,0,20250803
202507,분당선,태평,388,30,16752,1708,21542,5329,44081,8847,61552,18582,40135,13353,23611,12580,20215,13582,19593,15069,19310,15499,17743,17636,16930,24366,18845,28841,20243,35158,18991,46190,11025,33206,8601,24436,6277,27231,4146,22355,1763,11608,76,1093,0,0,0,0,0,0,20250803
202507,분당선,한티,14,2,2543,2012,9488,12056,25222,35442,28695,56501,18367,46801,15225,28726,17113,23333,22170,30067,24665,34109,23837,23741,27078,25523,34423,30556,54741,42736,52165,41959,31691,27330,33045,16386,29646,14888,38089,12277,4529,6105,183,375,0,0,0,0,0,0,20250803
202507,서해선,김포공항,14,6,261,2467,812,8226,1884,11514,2883,15020,3254,9774,3317,10190,3234,11630,3898,11648,5738,10768,6716,9454,8103,8032,8523,8518,11182,10011,12857,9296,8457,5020,7073,2612,7301,1624,6427,1037,1801,1162,72,367,0,0,0,0,0,0,20250803
202507,서해선,부천종합운동장,26,1,3286,577,5521,1623,13998,3323,14405,4877,7018,2287,3669,1641,3525,1489,3343,2031,3259,2246,2987,2301,2945,2917,3758,4498,4859,6227,6071,11405,2344,8965,1909,5024,1622,4317,1128,4042,471,2290,40,417,0,0,0,0,0,0,20250803
202507,서해선,원종,29,0,5883,1251,9750,3904,19152,6846,17637,10865,10173,5594,7669,4480,7387,5345,7714,6662,7049,5858,6160,6545,7032,7852,9059,10248,9638,14002,10533,19484,5473,14677,4343,8501,3255,7569,2378,6793,1227,4207,47,654,1,0,0,0,0,0,20250803
202507,수인선,고색,770,2,3882,642,10140,4298,21444,20163,16258,21815,7824,4337,5130,3209,5368,3823,6081,4182,5218,4226,4719,4599,5531,4914,7203,7253,17757,9951,21160,14095,6831,14641,6637,9613,4497,7118,2329,6622,1027,4239,3,2199,0,0,0,0,0,0,20250803
202507,수인선,남동인더스파크,2,0,493,921,1171,4706,1351,19313,2056,23510,1229,3166,1376,1408,1587,1369,1861,1543,2039,1463,2240,1211,2812,1053,4015,1226,16749,1699,12504,1974,4236,2074,4325,1401,1947,910,499,701,234,350,1,46,0,0,0,0,0,0,20250803
202507,수인선,달월,0,0,10,43,57,93,135,117,136,252,72,86,84,71,67,92,71,70,85,78,91,86,116,115,168,111,371,176,773,142,92,85,95,44,27,45,19,71,13,16,9,11,0,0,0,0,0,0,20250803
202507,수인선,사리,4,0,6109,522,12033,1746,25646,4102,20597,5746,10551,3095,7886,2844,6672,2760,7067,3546,7227,4358,5419,4228,5557,5709,6434,8874,7112,10269,7039,20547,4245,14090,2477,9179,2221,10301,2129,8033,857,5797,19,623,0,0,0,0,0,0,20250803
202507,수인선,소래포구,10,0,3258,481,8264,2608,17448,4213,14140,7833,7379,5853,6170,5158,7628,7040,7472,8339,7569,7924,8290,6957,9464,6723,8761,8637,8656,11246,8085,15327,4561,9699,4209,6320,4186,7042,2776,5211,1494,3360,23,625,0,0,0,0,0,0,20250803
202507,수인선,송도,4,0,2388,538,4887,2389,8781,2305,8180,4186,4155,2790,3771,2533,3950,2782,4342,3073,4338,2882,3929,3004,3946,3982,4416,4269,4684,6542,3725,7464,2101,5486,1895,3447,1652,3272,932,2425,343,1469,11,432,0,0,0,0,0,0,20250803
202507,수인선,숭의,31,1,4217,936,7639,4301,15533,8912,12212,12868,6907,5261,7008,4220,6785,4037,6381,4809,6357,5446,5730,5021,6734,5247,7908,7746,10744,9602,9799,13650,4805,7638,3446,5487,2957,5538,1982,3956,883,2440,12,528,0,0,0,0,0,0,20250803
202507,수인선,신포,1,0,1128,376,2023,1314,3242,4083,3045,7817,1792,3171,1829,2599,2417,2917,3027,2670,2812,3056,3025,2574,3813,2757,4652,3392,5665,3475,5916,4595,2717,2318,2390,1750,1863,1500,1249,1182,510,708,1,200,0,0,0,0,0,0,20250803
202507,수인선,야목,2,0,567,37,1403,561,2539,710,2124,838,1267,568,955,622,730,430,757,578,731,566,710,540,895,713,1039,948,1284,1186,1138,2330,591,1488,362,578,247,912,184,642,96,419,0,51,0,0,0,0,0,0,20250803
202507,수인선,어천,3,0,337,135,2062,2383,4886,5225,4162,3903,3250,1833,2393,1264,2364,1575,2369,1582,2188,2039,1868,2042,3014,2141,5931,3097,3209,3144,4436,4986,1751,3206,1311,1944,868,1852,540,1596,252,752,3,98,0,0,0,0,0,0,20250803
202507,수인선,연수,16,1,3111,960,7388,2624,15253,5042,13817,10572,6507,7108,5754,6291,5815,5738,6810,6697,7090,6962,6505,6222,7195,6596,7770,8967,8638,13651,10964,15200,5720,9849,5489,7248,4980,6565,4383,4145,2395,2948,29,547,0,0,0,0,0,0,20250803
202507,수인선,오목천,16,0,1368,509,6870,1939,14525,5551,14721,10338,8300,3790,6301,3195,5783,3473,6867,4254,5663,4907,4684,4043,5565,5360,7762,7408,8676,7177,9280,14469,4615,8626,2927,5212,2690,4856,1710,5998,747,3560,8,292,0,1,0,0,0,0,20250803
202507,수인선,원인재,88,0,3808,801,7897,2626,14723,6061,16355,8262,8439,4937,6719,4915,6665,4831,6728,5787,6200,6014,5519,5936,6293,7637,6709,9326,8159,11550,8425,16219,5264,11167,4304,8155,3626,7459,2933,6471,1521,4492,47,619,0,0,0,0,0,0,20250803
202507,수인선,월곶,4,0,2265,438,5357,1641,12318,1817,10799,3308,5415,3576,4071,5010,3995,5048,3991,4631,3950,4204,3986,4001,4337,4315,5162,5467,5370,7363,6967,10365,3540,5844,2299,3985,2091,4306,1387,3275,550,1924,4,310,0,0,0,0,0,0,20250803
202507,수인선,인천,75,1,519,304,1142,1263,2073,2685,1920,4271,1826,2408,1925,2790,2017,4144,2441,4295,2620,3793,2940,4272,3711,3909,2987,3591,3046,3636,2500,3921,1524,2551,1406,1943,1140,1393,622,1281,152,713,3,206,0,0,0,0,0,0,20250803
202507,수인선,인천논현,14,0,3044,901,6785,5723,14545,9315,13343,14179,7988,10439,7416,7327,8312,7469,8789,8062,8337,8768,7857,8637,9332,8522,10954,10999,12454,14992,12244,19198,7603,11098,7229,7730,6396,6737,5228,4722,2354,3385,12,524,0,0,0,0,0,0,20250803
202507,수인선,인하대,41,0,4633,646,13535,2992,26746,5679,20900,14667,9471,7721,8062,5662,8408,5632,9087,7948,9283,7313,7765,7732,9688,8487,12567,11204,13295,17933,10740,25719,6443,13443,5968,9875,5482,9348,4073,6848,2457,5161,90,1199,0,0,0,0,0,0,20250803
202507,수인선,호구포,6,0,1914,946,3244,7288,7173,21200,8463,22926,5296,4613,4171,3360,4321,3660,4842,3937,4542,3814,4610,3638,4828,3799,6121,5159,17993,6268,17042,7666,5526,5967,5598,4474,4305,3798,2110,3121,1019,2189,2,377,0,0,0,0,0,0,20250803
202507,신림선,관악산(서울대),4,4,1070,988,2404,2662,7691,4634,7515,12161,4918,13813,4493,10735,5100,6093,6168,5189,7165,5133,7181,5335,8704,4311,10734,4053,11417,4151,8969,5710,3806,4506,2961,2955,2272,2511,1343,2452,575,1593,154,889,0,39,0,0,0,0,20250803
202507,신림선,당곡,1,0,2324,237,5208,1404,14885,5550,21893,10091,14048,6994,8731,6157,7529,5418,8500,6444,8362,6416,7239,7141,7748,8777,8170,9270,10614,12639,11577,19067,6244,15047,5273,8854,3428,7741,2419,6855,988,4094,242,1493,0,0,0,0,0,0,20250803
202507,신림선,대방,12,0,1884,409,2887,1733,8553,3969,11504,6417,6816,3747,4799,3189,4787,3036,4957,3310,4946,3742,4856,3362,4881,3397,5410,4559,7127,6273,6603,9234,3891,5871,3229,4055,2534,3916,2142,3635,997,2392,268,761,0,50,0,0,0,0,20250803
202507,신림선,보라매,1,0,2097,465,3779,2464,11643,7787,16467,15565,9219,6079,6305,4723,6205,5066,6808,5278,6794,5234,7405,4905,7672,5810,8965,6538,10806,9472,14258,14925,5779,10576,4917,6487,4485,5444,3222,4921,1460,3174,356,1033,0,1,0,0,0,0,20250803
202507,신림선,보라매공원,1,0,806,697,2329,1625,7266,5982,8272,10490,4910,4432,4140,3461,4123,3713,4256,3983,4505,4256,4320,4493,4953,4587,5564,4783,6259,5888,7658,8721,3170,6253,2870,3820,2067,3320,1618,2894,507,1477,100,485,0,0,0,0,0,0,20250803
202507,신림선,보라매병원,9,0,1076,736,2213,6613,9121,32603,10789,59203,11658,26675,12233,15961,13404,12047,13408,12800,12515,14922,15482,13185,18486,10626,20425,8888,36642,10900,40179,13174,13004,9908,10427,5605,7636,4942,5263,3545,1627,1622,245,502,0,0,0,0,0,0,20250803
202507,신림선,샛강,2,0,479,1047,871,3266,1972,15830,2956,30202,2225,10753,2067,4505,2407,3524,2380,3145,2621,3599,3616,2961,4517,3022,5131,3293,13272,4134,21751,4827,7680,2730,5214,1939,4621,1455,3263,1049,1572,634,574,297,0,53,0,0,0,0,20250803
202507,신림선,서울대벤처타운,14,0,7242,359,11866,3205,36182,7280,47856,10933,28685,10224,18208,7964,16386,9132,16574,10361,15272,11159,13518,11095,13233,14668,15037,18996,15821,23679,15551,36565,9581,30324,7263,18526,5629,17476,5367,17391,1974,13281,529,5416,1,1,0,0,0,0,20250803
202507,신림선,서울지방병무청,0,0,1545,405,4003,1527,10854,5562,14400,7121,8467,4014,7948,3681,6430,3703,5417,5819,5086,5204,4773,5256,5888,6288,5889,7400,5665,9644,5422,13989,2820,9505,1961,6116,1960,5746,1212,5106,326,3266,79,975,2,2,0,0,0,0,20250803
202507,신림선,서원,0,0,3077,547,5501,905,15623,1540,21891,2393,13295,2427,7501,2384,6012,2838,6193,3395,5336,3606,4587,4184,4220,5550,4460,6508,4483,8988,4067,14336,2769,12179,1760,7869,1437,7567,1100,7359,408,4750,105,1600,0,0,0,0,0,0,20250803
202507,신림선,신림,0,0,1170,416,1830,945,5302,1968,8147,3626,5446,3866,3799,3994,3738,4106,4366,4458,4049,4308,4084,4943,4291,5755,4574,5812,4887,8191,5454,12580,4098,8171,3126,4647,2435,4138,2116,3564,1098,1937,461,922,0,0,0,0,0,0,20250803
202507,안산선,고잔,419,6,5996,962,17595,6082,29051,15348,21453,29362,14454,15508,13020,10506,13140,8680,11759,9356,11184,10329,11546,10246,13714,10291,15930,11321,21355,16667,22385,24289,8875,19723,7056,12428,6791,10675,4550,9395,2198,7608,154,3247,0,0,0,0,0,0,20250803
202507,안산선,대야미,66,2,3374,1402,9164,3623,20034,5588,21189,8202,10974,4023,8262,3996,6985,4449,7291,4856,6722,5332,6138,5522,6568,6918,7558,9849,8643,10780,10029,16498,5107,12205,4216,8692,2549,7142,1541,7554,1024,4319,181,980,0,0,0,0,0,0,20250803
202507,안산선,반월,10,0,4675,1102,9436,2975,19702,4877,17624,7383,9664,3710,7702,3766,7306,4482,7257,5049,5981,4711,5616,5092,6609,6550,5938,8938,6619,11185,6658,16146,3516,12966,3149,9174,1927,7508,1514,7260,682,3953,104,995,0,0,0,0,0,0,20250803
202507,안산선,산본,818,1,11096,1865,26588,7449,59934,16678,53437,30900,26354,22625,22846,21231,22068,21345,23851,23211,23229,24583,22822,24402,25937,27752,27455,31505,28564,40865,31983,67357,20213,54405,18039,30494,16371,24959,12284,20501,4975,13333,588,4068,0,1,0,0,0,0,20250803
202507,안산선,상록수,673,24,14490,2412,32409,8809,68154,12029,60650,18283,32786,12717,24524,11208,21092,11685,21588,12758,18970,14576,16434,16778,16057,20318,19297,25719,20341,39784,19540,61690,13320,48258,10456,36560,7932,29549,5608,25492,2408,16706,427,5369,0,0,0,0,0,0,20250803
202507,안산선,수리산,16,0,3857,622,10486,1860,19368,5225,18529,6988,9989,3154,7172,3332,7430,2841,5793,3073,5254,3668,4132,4244,5300,4992,4917,6950,5342,7661,5100,13066,2629,10453,2265,7046,1439,5243,967,5509,444,3131,67,811,0,0,0,0,0,0,20250803
202507,안산선,신길온천,82,0,3342,214,5395,2156,9013,3818,6916,2620,4547,1859,3355,1317,2832,1652,2630,2111,2649,1899,2614,2273,2949,2907,3803,3288,4470,4847,3759,6648,2157,5702,1361,4115,862,3628,599,2909,216,2032,29,694,0,0,0,0,0,0,20250803
202507,안산선,안산,2400,6,10541,1910,13949,16487,24482,40094,23937,30718,19751,15613,16039,13083,15524,15329,16530,15557,17204,14999,17103,15954,18837,17184,24115,18275,42070,24426,43280,26334,20656,21688,17635,16994,10946,15128,4769,12183,1566,7293,151,3019,0,0,0,0,0,0,20250803
202507,안산선,오이도,267,0,6634,733,14747,6559,31317,11922,22923,12565,13413,7832,10897,7787,10919,9848,11969,11206,11395,10449,10448,11463,11884,12251,13706,14968,16380,17124,16424,25289,9137,21103,8033,13548,6742,11907,4413,10727,1313,7761,21,3227,0,9,0,0,0,0,20250803
202507,안산선,정왕,582,4,9547,1200,13429,13554,22579,24547,21973,28506,15253,15489,12740,10158,11778,10251,12897,11978,12887,11460,12182,10651,15485,12032,18637,13326,25220,17449,28444,23043,12468,17854,9878,14352,6471,13244,4246,11679,1662,8187,82,2350,0,6,0,0,0,0,20250803
202507,안산선,중앙,406,45,11811,1666,33559,10499,58255,18532,45312,39876,25681,34529,22742,22032,25820,20550,30040,24563,26207,28212,25684,26252,27764,27690,33613,32424,36989,45687,38656,69382,24621,54807,24983,34489,26620,29297,21402,24728,8629,19222,969,6517,0,1,0,0,0,0,20250803
202507,안산선,초지,360,3,4563,412,12951,4507,22753,10008,16171,11478,9210,4869,6646,3502,6252,3555,8192,4158,6113,4188,5154,5006,5613,5939,6669,6982,9006,11485,10283,16738,4682,15736,3423,9906,2829,8768,1756,7178,771,5619,68,2306,0,0,0,0,0,0,20250803
202507,안산선,한대앞,241,2,9105,1219,18714,4832,32628,8643,26401,17914,17851,13401,13762,9601,13552,8831,13874,10187,12603,10169,11828,10936,12556,12478,13850,16508,16928,22888,16092,32350,8986,25334,7923,16962,7254,15274,5167,13106,2003,9143,198,2955,0,0,0,0,0,0,20250803
202507,우이신설선,4.19민주묘지,2,0,1693,655,3677,1557,9904,2442,11072,5614,7224,4945,5822,4484,5467,4805,5912,5185,6086,4731,5100,4547,5759,5172,6167,5676,5646,6295,4754,8267,3356,7937,2577,4879,1910,4102,1207,3746,588,2628,185,678,0,0,0,0,0,0,20250803
202507,우이신설선,가오리,12,3,2829,545,6976,1745,17956,3861,18331,7118,11672,5117,8736,5068,7942,5506,8149,6423,7418,6689,5921,6597,6620,7953,6962,9996,6650,11182,5386,15182,4107,13590,2805,7803,1761,7193,1314,5838,517,3296,171,1060,0,0,0,0,0,0,20250803
202507,우이신설선,보문,4,0,583,165,1021,1417,2625,3317,4532,5299,3749,4248,2995,2795,2978,2888,3405,2985,3340,3024,3212,2541,3685,2944,4028,3218,4240,3723,4225,4466,2733,3141,2304,2215,1848,1985,1417,1569,529,994,108,293,0,6,0,0,0,0,20250803
202507,우이신설선,북한산보국문,5,0,2509,542,8207,2124,19877,6080,22852,10018,15265,7684,11938,5351,10509,5356,10207,6750,9707,7130,8598,7250,8812,9302,10346,11423,10429,14353,10141,20015,5628,16677,4396,11417,3779,10403,2649,9453,1456,6105,510,1394,0,0,0,0,0,0,20250803
202507,우이신설선,북한산우이,11,3,1830,701,3917,2103,10168,3277,10133,6535,5744,7883,4719,8517,5165,7913,6891,6530,6850,4846,7311,4640,6837,4661,6528,5206,5603,5424,5000,6766,3273,5817,2826,3657,2062,3088,1145,2515,579,1471,164,540,0,24,0,0,0,0,20250803
202507,우이신설선,삼양,2,1,1580,512,3821,1022,8992,1922,9924,4186,6480,3238,5198,3619,4901,3422,4595,3900,4075,4066,3699,3984,3483,5316,3712,6133,3616,6464,3396,8327,2636,7345,1705,4771,1152,3941,798,3148,369,2013,100,584,0,0,0,0,0,0,20250803
202507,우이신설선,삼양사거리,0,0,1826,451,3552,2117,7829,2297,9332,4894,6496,3843,5319,3590,4806,4053,5427,4188,4852,4278,4153,4262,4243,5671,4711,6113,4192,6460,4226,7601,3199,6869,2293,3960,1437,3364,997,2520,455,1493,137,389,0,0,0,0,0,0,20250803
202507,우이신설선,성신여대입구(돈암),0,0,742,496,1392,1465,3878,5104,6630,10018,5092,8317,4683,6608,5432,6578,6473,7418,6640,7911,6241,7401,7264,7777,8033,8118,8665,9695,9673,11938,6896,7482,6789,4939,7178,3732,6411,2931,2566,1824,642,571,0,0,0,0,0,0,20250803
202507,우이신설선,솔밭공원,29,1,2124,394,4746,1265,11789,1850,12183,3578,7444,3729,5518,2972,4907,2993,4825,3601,4076,3932,3734,4134,3967,4771,3975,5496,3659,6509,3399,9194,1906,7900,1631,5209,965,4727,674,3581,294,2271,68,652,0,0,0,0,0,0,20250803
202507,우이신설선,솔샘,63,5,3404,356,12171,1676,31802,3461,30569,5335,16897,3388,11139,3824,9365,4483,9367,6038,8397,6109,6596,6636,6790,9406,7219,11703,6603,14339,5443,25868,3489,22109,2481,12276,1842,11506,1340,10297,582,5540,170,1864,0,0,0,0,0,0,20250803
202507,우이신설선,신설동,124,1,1060,1281,1061,3797,2095,7154,2717,13843,2230,8964,2452,5152,2833,3846,3395,3921,3474,3851,3927,2563,6262,2343,6498,2677,8380,2232,11269,2317,5952,1452,3934,1334,3287,1155,2370,1019,899,555,211,466,3,133,0,0,0,0,20250803
202507,우이신설선,정릉,5,0,2091,517,6001,1923,14422,3643,17397,6731,13575,4713,9591,4103,8475,4689,8767,5674,8030,5989,6816,6168,7178,7827,8096,9335,8034,10977,7645,16009,4517,12748,3215,7897,2641,6882,1901,5891,955,3071,262,831,0,0,0,0,0,0,20250803
202507,우이신설선,화계,5,2,2222,643,4986,1924,13211,3122,15124,6747,9501,6365,7406,5295,7246,5068,7961,5321,6396,5323,5717,5136,5809,5974,6313,6698,5209,7613,4825,10776,3526,9701,2195,6365,1434,4941,1015,4504,561,2734,185,959,2,2,0,0,0,0,20250803
202507,일산선,대곡,296,5,3067,2544,9966,10421,26093,27140,26163,34186,14339,19531,9901,12393,9157,11576,10587,11774,11285,10890,11197,10869,13297,11639,17641,13306,25858,16791,37845,25402,24477,17350,15326,10687,14468,10601,13094,10239,7993,8026,1229,2258,1,2,0,0,0,0,20250803
202507,일산선,대화,140,3,8448,1734,24917,5085,51752,13924,36862,18539,25193,13910,20087,13386,18477,12828,18306,14977,17732,16065,17136,16326,18332,21730,19937,22866,21397,31114,18123,33205,9691,27362,7947,17478,14444,15249,18736,13243,5423,8318,151,3042,0,1,0,0,0,0,20250803
202507,일산선,마두,44,2,3971,1992,11506,5024,20135,9210,18372,24936,13880,17158,14686,12379,14939,11182,14658,10012,13201,14230,14200,13182,16034,13024,16551,14350,18854,16345,18680,20042,7583,18177,5885,10380,4994,9052,3894,8891,1195,5607,159,1200,1,1,0,0,0,0,20250803
202507,일산선,백석,89,4,5562,2331,11318,6773,23955,12638,26540,29433,18241,15846,16439,14554,16231,13990,17049,15553,16472,16870,16834,16474,19832,17738,20087,19752,24810,23787,25190,30078,13302,26386,11511,14905,10806,13509,7514,11077,3024,7432,436,1687,0,2,0,0,0,0,20250803
202507,일산선,삼송,816,8,9379,1451,35005,7487,89186,16242,84362,27051,42926,18971,30119,17416,25345,19903,26277,23942,24266,25315,22393,25454,23305,30504,28179,34682,31084,50222,32267,77659,20873,65626,17394,37047,14800,35815,14883,28822,4065,15425,652,3929,1,2,0,0,0,0,20250803
202507,일산선,원당,301,0,10284,983,24509,6274,50462,8317,50410,14590,28363,10249,21207,9404,18457,11324,18075,12190,17054,13413,14737,14301,14605,16808,16293,22342,16618,29484,16624,43615,8777,37705,6651,24103,5242,21167,3396,18982,1087,11852,153,2011,1,2,0,0,0,0,20250803
202507,일산선,원흥,321,22,7853,682,19212,4160,50548,7942,52990,15659,27654,11062,19132,8974,16836,9744,17113,11254,15712,13095,13614,13575,14207,16473,14859,20132,16480,29511,18499,40724,8941,38929,7226,22998,6429,21502,4389,19232,2239,11513,357,2627,0,2,0,0,0,0,20250803
202507,일산선,정발산,64,1,2501,1203,5605,3529,9296,6808,10868,23400,8387,22123,8896,16134,11145,14493,12351,13601,14247,16289,14577,13709,16878,13146,17972,14749,22142,15854,26565,18250,13124,14545,13672,7559,10139,6333,7334,5098,2491,3675,307,921,0,2,0,0,0,0,20250803
202507,일산선,주엽,159,0,6480,1422,17893,3481,28100,8514,27623,15186,19092,12801,18105,12275,17965,13028,17428,12538,15669,15566,14647,14471,15893,16949,15896,18010,14913,22027,14832,26641,7687,25301,6346,15005,5983,12850,5181,10965,1296,7379,180,1845,0,2,0,0,0,0,20250803
202507,일산선,지축,0,0,0,0,0,0,1,0,3,0,5,0,1,0,2,0,0,0,1,0,2,0,5,0,3,0,7,0,5,0,2,0,3,0,1,0,2,0,0,0,0,0,0,0,0,0,0,0,20250803
202507,일산선,화정,182,2,13215,1470,26882,6574,58154,14281,55677,37131,32951,24303,28715,21990,27049,23224,28717,24347,28504,25256,26800,27779,28626,32936,31036,34897,32280,46098,31163,62356,18176,51776,16765,31029,16949,27864,12777,25654,5202,14531,723,3374,1,5,0,0,0,0,20250803
202507,장항선,배방,142,0,1131,441,1899,724,3222,1371,2960,2376,2377,1430,2126,1189,1815,1542,1845,1484,2058,1846,2078,1340,1743,1526,1729,2542,2353,3363,2476,3497,1621,2828,1110,2086,1098,2020,1102,1799,666,1481,29,339,0,0,0,0,0,0,20250803
202507,장항선,봉명,46,0,1272,373,1822,928,2585,5046,2885,4967,2200,3559,2708,2343,2487,1480,2247,1608,2219,2369,2148,1743,2719,1644,3061,1415,3760,2511,2226,2172,1161,1655,891,1330,669,1066,489,1156,672,743,13,196,0,0,0,0,0,0,20250803
202507,장항선,신창(순천향대),282,2,619,114,1774,493,2433,2047,2183,3831,1764,2041,2198,2061,1969,1885,2223,2174,2628,2055,2844,1619,2344,1624,3185,2185,3429,1316,3112,3145,1156,1949,1180,1874,686,1893,530,1860,340,1426,2,551,0,0,0,0,0,0,20250803
202507,장항선,쌍용(나사렛대),114,0,2713,420,4427,721,6593,1572,7449,4070,4100,3389,3803,2509,3406,2193,3553,2698,3878,3055,2867,2142,3068,3436,3413,3831,3826,5966,3529,6490,2324,4752,1699,3725,1412,3309,1166,2984,665,2685,54,617,0,0,0,0,0,0,20250803
202507,장항선,아산,51,2,1083,1455,2979,4374,6452,6059,7980,8185,4202,6302,4699,6446,5158,5268,5428,6151,5257,6021,5792,4729,7467,5502,7195,5067,7216,7721,10080,8194,8640,5117,5120,4477,6246,3391,5918,2310,3323,1703,142,440,0,0,0,0,0,0,20250803
202507,장항선,온양온천,878,11,2152,559,4967,2806,9575,5495,9390,8746,8645,7661,8938,9019,8858,11649,10288,9760,11655,9850,11523,6114,9315,7397,8710,9491,7039,9898,8966,9059,4145,8254,3262,5549,2685,6292,1902,4133,1083,2992,24,966,0,0,0,0,0,0,20250803
202507,장항선,탕정,81,1,1069,329,2308,1138,4140,2095,4240,4745,2633,2562,2607,2048,2322,2000,2726,2259,3205,2841,3080,2007,3367,2145,3332,3494,3794,4670,4318,5042,3234,3381,2380,2731,2365,2495,2290,2094,1140,1882,69,262,0,0,0,0,0,0,20250803
202507,중앙선,구리,854,10,6097,1302,13099,3936,29442,6622,28026,14685,14303,12444,12066,11047,11425,10612,12184,10766,11912,12543,11513,12079,12600,13896,13316,16624,14485,20812,14307,32646,9541,24886,8560,14199,5466,11763,4623,10712,1391,6916,42,1182,0,0,0,0,0,0,20250803
202507,중앙선,국수,8,0,974,98,1255,583,2242,660,2163,1504,1864,1141,1378,873,1496,1156,1185,990,1378,1092,1095,965,1785,1288,1614,1557,1014,1758,801,1899,459,1400,428,1288,308,1203,244,1116,54,629,6,138,0,0,0,0,0,0,20250803
202507,중앙선,덕소,1808,7,3721,1003,10475,2116,25363,4246,20192,5946,12128,6039,10173,4909,9798,4527,8396,5991,8500,7210,7269,6846,7184,9720,7955,10134,7829,12991,6619,21135,3893,19128,3432,9593,2579,10555,2044,8668,796,6232,3,1456,0,0,0,0,0,0,20250803
202507,중앙선,도농,1049,7,8864,900,21437,2937,50821,7872,40156,14220,20179,7571,16519,8006,14831,7439,12782,7591,11955,9648,10375,10074,10708,14148,14425,15599,13786,19860,12292,38530,6230,34156,5129,17359,4014,16378,2865,13705,858,10202,28,1742,0,0,0,0,0,0,20250803
202507,중앙선,도심,5,0,2228,320,6439,882,15115,2569,10036,4899,6191,2066,4526,1608,3229,1627,3571,1964,3481,2286,3007,1719,2573,4039,3488,2625,3399,4924,2980,8100,1513,7205,1140,3555,1107,3846,708,4291,279,2062,0,0,0,0,0,0,0,0,20250803
202507,중앙선,망우,360,5,9479,830,12583,3147,33739,5793,27156,12792,15991,9058,11986,8458,11239,10120,12515,10174,11825,10109,10688,11333,10671,13276,11705,14700,11814,20491,12532,27683,7894,23067,5547,13472,4669,10576,3025,9335,1247,6483,22,433,0,0,0,0,0,0,20250803
202507,중앙선,상봉,924,13,7093,848,9248,3055,23258,4702,23834,8265,13563,5898,8637,6173,8026,6509,9690,8063,7903,7428,7471,8047,8579,9058,7967,9883,9045,14739,9298,23958,6316,19495,5208,10872,4441,9373,3057,9587,1581,5826,140,961,0,0,0,0,0,0,20250803
202507,중앙선,신원,3,0,135,34,237,154,520,225,376,537,389,406,316,323,316,315,261,218,429,245,315,182,334,261,337,234,329,342,585,418,137,205,112,205,58,161,24,135,8,66,0,16,0,0,0,0,0,0,20250803
202507,중앙선,아신,7,1,562,25,903,273,2047,498,1445,969,1401,974,1477,826,1052,1106,865,619,894,939,833,899,1356,832,1135,1510,930,1457,773,1581,478,1012,403,907,239,1088,129,959,32,452,3,143,0,0,0,0,0,0,20250803
202507,중앙선,양수,6,0,1143,249,2314,1232,6226,2311,5173,3580,4343,4485,3498,5575,3648,5203,4009,4360,4817,4057,4699,3482,6255,3760,5576,3581,4561,4190,3651,4000,1865,4547,1832,2999,954,3168,329,1894,138,1610,1,359,0,0,0,0,0,0,20250803
202507,중앙선,양원,167,6,3148,460,5584,1936,13612,8736,11941,7341,7528,3226,5352,2917,4464,3261,5219,2899,4497,3684,4584,3238,6061,4152,5814,4982,5220,7525,4046,10449,2512,10196,1671,5532,1243,4531,990,4068,276,2626,1,135,1,0,0,0,0,0,20250803
202507,중앙선,양정,169,0,256,286,604,1193,1365,1521,1196,1892,859,791,770,649,701,494,703,561,818,582,994,493,1081,753,1634,615,1668,883,1909,1021,658,693,323,291,304,446,95,267,38,253,2,30,0,0,0,0,0,0,20250803
202507,중앙선,양평,229,6,2349,142,4716,1543,10417,5064,7444,7096,6042,4304,7688,4340,6357,6896,6639,5986,6640,4353,6417,6939,5717,6157,6928,6227,6579,9653,5645,9556,3405,4778,3366,7170,2808,3843,1970,4853,277,4233,71,1191,0,0,0,0,0,0,20250803
202507,중앙선,오빈,3,0,322,73,536,381,1174,322,951,563,823,391,784,442,572,469,584,378,530,400,352,503,477,435,491,605,499,1050,448,1130,314,490,186,399,78,557,53,433,5,192,0,91,0,0,0,0,0,0,20250803
202507,중앙선,용문,504,5,1196,8,2894,687,4509,2190,4732,4610,3719,2864,4439,4898,4189,8944,6022,5733,6679,7149,7751,5601,7998,2877,8125,7055,5682,5517,3400,4487,2190,3225,1109,3739,873,2198,351,2348,0,1691,3,717,0,0,0,0,0,0,20250803
202507,중앙선,운길산,1,1,312,99,523,610,1545,776,1555,1109,1209,1674,1098,1806,1071,1769,1276,1295,1421,1210,1612,1093,2064,1095,1535,1005,1571,1103,1099,1048,787,1285,626,570,295,646,130,520,22,383,2,15,1,0,0,0,0,0,20250803
202507,중앙선,원덕,131,2,399,30,786,329,1071,547,1162,594,1050,476,996,643,679,617,712,504,657,521,677,663,643,660,761,840,565,1065,377,1017,284,638,241,539,161,528,52,492,7,306,1,120,0,0,0,0,0,0,20250803
202507,중앙선,중랑,258,2,6529,780,9991,2213,22168,3670,24084,6751,15781,5793,9420,5042,9154,5143,8765,5892,8369,7241,7033,7036,7218,10036,7359,11221,7375,15537,8040,22775,5329,16860,3672,10095,2944,8931,1990,8317,859,5108,7,279,0,0,0,0,0,0,20250803
202507,중앙선,지평,0,0,0,0,7,1,312,260,23,105,47,1,476,398,0,0,1,1,87,3,551,496,1,1,0,1,126,221,13,157,202,292,1,2,32,137,0,16,0,0,0,0,0,0,0,0,0,0,20250803
202507,중앙선,팔당,11,1,288,163,572,659,1217,1736,1207,3333,1085,2455,1048,2372,896,2203,1131,1936,1316,1655,1538,1279,1967,1620,2075,1255,2235,1333,2325,1444,1951,954,1845,654,1583,416,933,398,182,175,0,0,0,0,0,0,0,0,20250803
202507,중앙선,회기,1179,12,13292,3717,23955,13446,64603,30939,79457,51055,52213,32183,37599,26996,38959,24864,40917,29547,39086,33658,37940,29549,45934,33951,48846,39898,58467,50593,48026,76311,27462,59826,23896,38581,22968,40705,20989,45642,9381,28368,543,5930,0,0,0,0,0,0,20250803
