사용월,호선명,지하철역,04시-05시 승차인원,04시-05시 하차인원,05시-06시 승차인원,05시-06시 하차인원,06시-07시 승차인원,06시-07시 하차인원,07시-08시 승차인원,07시-08시 하차인원,08시-09시 승차인원,08시-09시 하차인원,09시-10시 승차인원,09시-10시 하차인원,10시-11시 승차인원,10시-11시 하차인원,11시-12시 승차인원,11시-12시 하차인원,12시-13시 승차인원,12시-13시 하차인원,13시-14시 승차인원,13시-14시 하차인원,14시-15시 승차인원,14시-15시 하차인원,15시-16시 승차인원,15시-16시 하차인원,16시-17시 승차인원,16시-17시 하차인원,17시-18시 승차인원,17시-18시 하차인원,18시-19시 승차인원,18시-19시 하차인원,19시-20시 승차인원,19시-20시 하차인원,20시-21시 승차인원,20시-21시 하차인원,21시-22시 승차인원,21시-22시 하차인원,22시-23시 승차인원,22시-23시 하차인원,23시-24시 승차인원,23시-24시 하차인원,00시-01시 승차인원,00시-01시 하차인원,01시-02시 승차인원,01시-02시 하차인원,02시-03시 승차인원,02시-03시 하차인원,03시-04시 승차인원,03시-04시 하차인원,작업일자
202508,1호선,동대문,396,24,10054,1708,8359,6219,13936,10000,20883,17081,20911,20064,19050,22490,20911,26494,23254,25165,24728,24233,26428,23665,26670,23151,27649,22981,25742,23025,23665,22362,17835,20883,15978,16065,13620,15375,10605,15346,5473,9674,760,2917,0,239,0,0,0,0,20250903
202508,1호선,동묘앞,166,5,2672,878,3728,5321,8349,9796,13635,19428,12365,18488,15193,24054,21237,29119,26842,29593,29552,31482,30497,27679,31852,24904,32423,20071,27768,15802,20876,13453,11282,9389,6280,6725,4974,6797,3255,7010,1182,4911,125,2020,1,215,0,0,0,0,20250903
202508,1호선,서울역,672,45,10600,9895,28477,56355,88208,119646,144587,235080,111798,164626,97114,100902,112719,100665,131167,112448,122487,109565,106886,102249,134876,113111,147410,122196,217317,145915,242978,170617,137772,115850,101639,84598,104940,79671,72022,59114,34546,29545,4209,7383,15,181,0,0,0,0,20250903
202508,1호선,시청,48,1,1902,5404,3872,28087,7288,75618,10853,194807,14065,84910,17192,45167,23106,42554,25194,41963,30213,42620,38710,33456,52573,28738,64056,27227,97389,28526,155851,26092,60828,14215,54802,9681,46707,8817,29933,6422,9862,3816,547,930,0,6,0,0,0,0,20250903
202508,1호선,신설동,389,19,8836,2142,9989,8530,21201,23653,30444,49123,21512,30947,19940,20595,21375,18509,23457,18185,23692,19457,22540,17919,23908,20531,28903,21811,40689,24827,49360,30419,19524,22123,13650,16278,11990,15815,8151,14428,3390,9451,373,2733,0,0,0,0,0,0,20250903
202508,1호선,제기동,337,3,4974,2503,8759,9468,20963,20857,29386,35991,23852,31709,26182,34975,30688,40400,34540,40777,35000,40877,37443,37685,40123,33329,41499,33266,41467,27733,36749,26264,20886,17578,13538,11732,8050,11147,5257,9107,2089,5944,134,1424,0,0,0,0,0,0,20250903
202508,1호선,종각,76,5,3825,5959,4177,36389,6715,113584,10262,260334,13327,134295,19778,59398,30580,58741,36650,53142,44302,53347,54055,45720,67278,41107,85084,44215,156093,48942,213657,50145,92490,25310,82525,14594,83672,10849,60312,7888,25130,4697,1886,1340,0,3,0,0,0,0,20250903
202508,1호선,종로3가,150,9,3945,3425,4398,13230,6640,25403,9942,60909,15346,59556,22288,53349,32861,61561,44650,59823,45620,55754,51810,47898,58188,41774,67272,39880,80395,37170,84538,36676,51074,19493,43839,12355,44730,9796,34559,8192,14956,5032,1479,2099,0,20,1,0,0,0,20250903
202508,1호선,종로5가,42,2,1849,3738,3128,15895,6056,38553,10684,86110,16415,59211,28108,57434,39977,59532,46224,53320,52184,50933,59231,47536,60396,41484,64912,39564,83983,35637,86091,32810,45292,19315,31964,11614,29155,8462,18170,6730,5093,4132,370,1090,0,2,0,0,0,0,20250903
202508,1호선,청량리(서울시립대입구),1211,33,10358,2867,18023,11065,46704,17522,54896,38164,36729,37125,35876,41662,40703,50495,46061,50719,47302,50231,48564,48925,52862,48451,57513,49596,54667,50965,46882,59424,27413,37667,20482,23990,15489,22335,9532,19836,4135,11896,305,3726,1,0,0,0,0,0,20250903
202508,2호선,강남,126,12,8090,11485,17819,55762,40136,156682,59746,310565,51011,324473,54372,157578,74117,107970,93684,107709,107823,121544,120645,108356,145246,102954,174455,110510,266722,143035,323623,178045,215329,104263,168987,59718,183703,53069,163968,45846,73349,23515,11364,5659,1,38,0,1,0,0,20250903
202508,2호선,강변(동서울터미널),48,1,8492,1811,20984,21768,62542,22305,93478,40538,71161,35265,58529,34372,51412,32578,46958,35996,44042,40230,41654,42443,43432,50907,48373,54907,55739,67982,55559,89331,37241,61728,29672,44773,26826,36987,18049,33221,6436,17088,902,3909,0,2,0,0,0,0,20250903
202508,2호선,건대입구,265,13,14730,1462,21443,15053,51577,23078,87053,51583,61534,46858,40887,43670,38611,46747,45785,54623,48964,59843,50670,59958,55982,65301,66780,78429,76607,101606,84177,143434,67030,99738,68094,65907,70401,61885,68927,56542,40560,31952,6637,11062,3,923,0,0,0,0,20250903
202508,2호선,교대(법원.검찰청),18,0,2583,6227,10647,26566,23243,55617,33207,151862,27087,121009,25469,66166,31503,54819,34567,51038,40411,56135,46402,47585,51710,44567,57799,46206,93946,59170,127329,65811,57786,38968,48625,25425,47235,22968,35926,22160,14043,11114,2674,3009,2,13,0,0,0,0,20250903
202508,2호선,구로디지털단지,456,14,36201,4877,51769,20281,130326,81725,172360,208850,108388,133074,67459,58100,61225,45917,71051,51894,66426,65009,61735,61549,69441,65657,86182,78945,135270,106622,192997,157079,97669,121513,61287,83125,51375,84062,38250,80672,17604,47170,3135,13370,2,164,0,0,0,0,20250903
202508,2호선,구의(광진구청),76,4,13326,1301,27540,12211,73026,17890,115217,43652,71827,27004,41731,25283,34416,27226,37032,30064,37817,33508,36119,34577,37185,41235,41933,48222,45267,66883,51748,103465,30201,73277,24595,50102,23276,47885,18424,43693,8885,23798,1415,7164,1,45,0,0,0,0,20250903
202508,2호선,낙성대(강감찬),50,3,11325,2509,26858,9026,80540,17967,119954,39033,79793,32492,46900,25171,38901,24866,42379,27232,40687,29184,35874,31831,36467,38069,40279,44216,47335,62895,51085,98528,29629,79892,23113,55730,20446,52543,14849,53431,7653,32434,1303,8085,2,171,0,0,0,0,20250903
202508,2호선,당산,65,9,7749,3676,18618,15086,43936,27927,53426,71649,31919,30545,23298,15859,22894,15520,23182,17604,21957,20090,20709,20031,22491,23127,28433,30011,41306,46302,54662,70434,24153,47613,20097,32851,19280,31082,16714,28919,8471,18374,1343,4318,3,88,0,0,0,0,20250903
202508,2호선,대림(구로구청),762,18,31866,3154,29378,10564,64817,22491,90120,50259,61381,33570,39292,31508,33317,33003,34682,31279,34181,30730,31440,31698,33128,39650,35631,46404,41857,58734,47084,65605,25267,49076,18760,39463,13982,50155,10556,45125,5116,21989,787,5267,2,184,0,1,0,0,20250903
202508,2호선,도림천,1,1,472,315,1440,858,3264,3455,3657,5031,2257,2366,2403,1475,1671,1339,2375,1838,1845,1700,1994,1837,2483,1891,2712,2152,2899,2606,3710,3600,1533,2831,1013,1895,936,1594,567,1236,224,908,56,258,0,4,0,0,0,0,20250903
202508,2호선,동대문역사문화공원(DDP),163,16,3996,1010,3639,8852,6309,19225,12643,42067,16566,31961,19285,31715,21471,31733,24196,31060,25971,32694,28711,33965,34201,32446,40681,32199,47615,34489,46708,38785,31536,33727,28123,27030,26012,22155,19434,18703,9852,10894,2010,3318,0,65,0,0,0,0,20250903
202508,2호선,뚝섬,14,0,3654,2089,8764,15236,18143,39396,24788,131985,16802,93944,15397,45268,18660,39904,23599,40561,28448,41571,34145,37135,42033,37857,51785,39475,83124,42390,131062,50003,71304,30271,52480,17052,42188,14030,26284,12594,9778,7554,1436,2223,1,18,0,0,0,0,20250903
202508,2호선,문래,8,3,4411,2661,14830,11008,41883,39969,47064,129054,26217,61333,20468,26731,20227,23851,24570,26889,25692,28453,27070,27432,29844,28144,37569,33030,64672,43418,108433,64949,41225,41353,30893,22998,31226,20280,28937,18309,12945,10527,2151,3450,1,53,1,0,0,0,20250903
202508,2호선,방배,3,1,2418,2992,8708,12095,20394,25827,28429,61738,22885,42886,17544,20932,18096,17414,21340,18851,21236,19986,21919,19540,24971,19386,30832,21627,41991,28356,54052,33949,25208,23451,18920,16411,18929,15012,14488,15694,5291,8407,1028,2346,1,14,0,0,0,0,20250903
202508,2호선,봉천,67,7,14935,1363,29189,6800,80815,13367,116060,28121,74464,22518,43769,21237,35502,23524,38295,25329,36713,26678,33904,30235,31220,38387,33100,44955,35620,60021,34931,90252,21981,71478,17952,45838,15102,43580,11427,40994,4845,23789,866,7154,2,439,0,0,0,0,20250903
202508,2호선,사당,98,4,13502,3999,30394,33136,77108,43987,99142,66588,73499,49521,51915,44026,46531,54375,53722,54782,55484,54342,59163,54164,61559,66396,67280,87255,82030,131559,97244,177735,67922,117624,64295,74155,73138,70159,68752,69535,38423,38674,5908,10433,11,586,0,0,0,0,20250903
202508,2호선,삼성(무역센터),158,3,5880,6587,6898,54180,13780,140681,18609,301911,19592,234535,23895,121613,36801,91728,49549,85791,63777,88849,81855,76704,106300,68048,143687,62762,235923,65443,287813,59366,153438,34239,120950,19551,97611,16440,62614,13115,16968,6435,2218,4053,4,916,0,0,0,0,20250903
202508,2호선,상왕십리,8,0,5942,911,14311,6016,39527,11333,59614,27461,35713,17547,22806,14526,20337,13809,21443,14550,21352,16721,19152,17993,19885,20559,22405,26097,25289,35799,26211,54103,16795,35450,11724,24195,10311,22269,7138,21976,2705,12451,469,3742,0,10,0,0,0,0,20250903
202508,2호선,서울대입구(관악구청),4526,21,27163,2996,44617,14393,120037,26477,168604,63739,116758,60532,70666,46650,60514,42940,69930,47760,68640,53106,61520,55244,63775,64087,72513,75008,80207,105548,86496,165895,53988,129935,45154,86897,43839,82055,37775,83603,19362,48956,3195,18285,1,3271,0,0,0,0,20250903
202508,2호선,서초,9,1,1812,4926,9005,25231,17654,53566,28119,110533,27219,82485,20963,40054,31280,33605,27440,25668,33435,27570,33509,25931,43240,21230,49197,23360,73966,25701,88876,27551,40692,18361,29003,12688,29622,11822,17824,11878,5691,6155,922,1345,0,11,0,0,0,0,20250903
202508,2호선,선릉,125,7,4394,5969,11854,45965,21868,126804,33945,277200,34559,204980,39595,102354,50454,68941,61708,68381,68447,74390,76854,57181,101776,50516,132559,52560,219809,56927,289784,59026,143269,38298,94371,24247,84626,22402,73874,19660,24449,11341,3747,4209,0,21,0,0,0,0,20250903
202508,2호선,성수,91,1,5038,4696,8703,34962,19876,73120,25601,232994,21912,160454,22391,111754,29225,109173,41351,113704,57164,116062,75089,111888,98092,107339,126283,100674,181517,95283,269606,90575,160203,52925,129916,27281,108942,18309,69845,14858,23196,11285,3036,5219,0,749,0,0,0,0,20250903
202508,2호선,시청,16,0,1067,2381,2452,20988,5332,73874,9246,215621,14741,84371,21337,31098,27391,26807,26701,27571,30490,28969,36815,24379,44870,22172,55062,21264,105464,23774,166902,23282,59835,13645,46108,9532,39783,9387,25005,7774,9528,4751,1153,1404,2,42,0,0,0,0,20250903
202508,2호선,신답,9,1,1228,64,2158,697,6361,938,10066,1387,4418,870,2482,1002,2230,1102,2090,1322,2004,1424,1627,1867,1640,2731,2005,3550,2063,4855,2043,9617,897,6381,665,3754,501,3876,341,3209,132,1882,38,478,0,0,0,0,0,0,20250903
202508,2호선,신당,20,2,5520,1102,11124,7098,29056,14207,49149,27401,28645,21185,20282,18332,20693,20826,22790,21436,22974,22190,22286,22566,23440,25039,26188,30681,29931,40170,31693,57164,21514,36275,18115,23940,17084,21133,15288,19374,7446,11521,1404,3451,0,16,0,0,0,0,20250903
202508,2호선,신대방,302,3,23514,2028,33925,9114,86372,14284,122144,23218,78687,17546,44281,18114,35146,18735,36313,21532,34530,24766,29373,28543,29067,36917,31708,44242,33985,59649,30835,86065,20535,73879,15806,53419,12693,56023,9942,52542,4825,30171,804,8436,0,64,0,0,0,0,20250903
202508,2호선,신도림,4264,35,35647,5164,54647,19432,132878,42141,139195,100704,86473,68774,62277,56206,60880,55790,68633,58062,68902,63527,69966,63138,74270,70719,82033,83827,102510,108489,116330,158533,67151,109558,53221,71965,51297,68989,41582,67126,21509,47809,2567,19304,13,2389,0,0,0,0,20250903
202508,2호선,신림,159,10,35937,4088,67652,17774,172833,27135,253937,43192,160526,42913,91469,42839,77570,45290,81982,51429,77801,58780,71458,63947,70096,80385,76459,98624,78643,133764,79644,219317,55696,182797,46909,125245,43223,121326,36531,113431,20791,73100,4195,21363,2,250,0,0,0,0,20250903
202508,2호선,신설동,32,1,1154,250,1572,1851,5008,5184,8891,12164,5548,9345,5519,8676,7077,7690,7910,7532,7910,7929,8126,6265,8319,5888,9337,5413,11960,5832,11931,7744,4778,5326,2898,3896,2818,3466,1663,3551,637,2305,107,854,1,125,0,0,0,0,20250903
202508,2호선,신정네거리,73,0,8371,792,17561,2298,45879,4610,40804,11437,22869,8470,17269,7911,15634,8456,15451,9948,14399,11457,12520,12861,11727,15953,13114,20752,12149,29840,11587,45679,7263,32705,5629,19864,4350,17130,3407,16083,1589,10153,311,2676,1,89,0,0,0,0,20250903
202508,2호선,신촌,60,2,6429,2532,13485,14060,33916,33006,49033,72941,37786,84570,39038,65054,47559,60538,58052,64071,61750,72983,62862,63985,70733,61878,81765,66403,97100,82721,94085,105276,67902,71496,70531,46584,69974,40795,66638,37637,30251,24687,4725,6408,0,51,0,0,0,0,20250903
202508,2호선,아현,13,1,4591,1007,10710,4946,28572,9514,39114,17885,23953,13508,17386,10564,16749,10520,18204,12016,17922,13088,15130,13892,17214,16208,18468,18448,19455,24467,18875,32992,12235,24328,9005,17210,6922,16003,5119,15186,1953,8130,302,2385,0,8,0,0,0,0,20250903
202508,2호선,양천구청,46,0,5085,764,11623,2452,28925,4941,26832,8621,15538,5312,11280,4586,9607,5294,10252,6753,9484,7540,7617,7901,8001,10470,8569,13230,8674,18559,8565,27953,4179,22206,2997,13334,2437,12660,2160,9856,654,7540,127,2021,0,15,0,0,0,0,20250903
202508,2호선,역삼,30,1,3599,6976,8478,44302,15025,156717,24877,353042,23739,288039,25913,120272,34058,63849,41528,59434,47166,63335,57953,48420,75723,42584,103669,42299,227727,53523,270357,59140,146026,35845,83180,23018,74863,19911,55412,17375,19237,10505,3100,2903,0,14,0,0,0,0,20250903
202508,2호선,영등포구청,49,3,5039,3111,13227,13329,38685,39312,49033,118390,30904,53452,23529,29289,24604,25323,27857,25510,29050,28402,29018,26138,31839,27244,37992,30817,59776,40016,98857,59482,37431,38975,29325,24258,25788,21707,18906,19629,8830,13158,1573,4537,0,64,0,0,0,0,20250903
202508,2호선,왕십리(성동구청),492,4,5819,935,9245,7026,24953,12775,41960,25207,27409,21329,19677,16681,20007,17792,23656,19210,23490,21079,22539,20888,25900,23156,29857,27438,34611,36536,33662,54578,22742,33534,21221,23208,22697,20113,22134,20044,12098,12668,1897,4264,2,18,0,0,0,0,20250903
202508,2호선,용답,21,0,2306,431,3360,1288,7720,1845,13365,2816,7854,2118,5517,2156,4517,2631,4481,2899,4548,2938,4055,3434,3979,4399,4746,5791,4786,7066,4038,10738,2613,7515,1816,5576,1425,6197,1070,6325,444,3563,103,1034,0,0,0,0,0,0,20250903
202508,2호선,용두(동대문구청),60,4,1101,105,1834,978,5686,2561,8988,5081,5472,3411,4230,3463,4117,3643,4292,3211,4181,3890,4430,3943,4728,4415,4905,4624,5195,5888,5499,8635,2508,5922,1728,3516,1596,3479,789,2610,325,1592,38,521,0,10,0,0,0,0,20250903
202508,2호선,을지로3가,9,3,1102,1901,2771,23713,6725,75179,13935,163835,18480,64994,24993,30737,28386,28607,28862,27715,30069,30339,33787,28382,38184,28972,49417,34532,94332,40861,136238,46869,55185,30404,43190,19661,46384,17495,39718,15825,21163,9311,3439,2023,0,72,0,0,0,0,20250903
202508,2호선,을지로4가,7,0,1126,1092,2404,14014,6117,33724,12557,70162,15458,36451,20065,23477,22865,22632,22077,21154,22409,20685,24149,19810,27347,18977,33622,18549,59337,19497,64662,20424,27624,14628,17501,11741,14718,11814,10546,11327,4893,6526,912,1797,0,32,0,0,0,0,20250903
202508,2호선,을지로입구,71,1,2804,2925,4799,33175,11083,125152,17806,318216,27606,153609,36519,89217,45892,76859,52466,69220,63010,70884,71415,64471,84969,62861,104678,68368,174448,75248,270954,76506,132583,51719,128961,37090,88124,30168,70164,23827,30386,12785,3875,5029,1,912,0,1,0,0,20250903
202508,2호선,이대,17,1,3344,786,9469,7098,26024,13215,35542,38451,22998,32741,19924,25505,21244,21999,27292,23862,25996,27011,24649,23985,27985,25394,31830,27394,40585,34083,37043,44984,23048,32624,18321,23866,17359,22685,14311,22844,5874,15695,870,4219,1,57,0,0,0,0,20250903
202508,2호선,잠실(송파구청),68,18,13403,5144,49838,34843,116701,77622,156948,167477,113706,153908,82941,131622,85825,128407,97590,130587,109595,130547,119646,131570,143237,140381,176242,154699,215993,188930,236816,234899,169369,154899,164350,102251,155516,98313,105658,90103,33183,44921,4605,8322,0,73,0,0,0,0,20250903
202508,2호선,잠실나루,11,1,3629,2856,13286,16241,36493,20999,42730,34921,28983,22121,24186,17429,23054,15604,22515,18774,20705,19605,21353,18410,24338,18593,31141,21262,36178,27565,29131,38852,14555,28108,10395,17935,7718,17674,5574,17221,2563,8658,382,2235,0,8,0,0,0,0,20250903
202508,2호선,잠실새내,52,3,5849,968,18656,9276,58055,17476,75719,29234,50523,31331,36369,26216,35033,27348,36771,30437,35469,35607,33311,38602,36602,46051,40087,56251,44438,68737,43584,87425,31704,58327,27263,36381,28212,33754,29008,30328,15411,16050,2749,4086,3,44,0,0,0,0,20250903
202508,2호선,종합운동장,12,2,1660,1548,6338,14368,16264,14540,21136,21883,14740,13384,11739,10819,11019,10980,13178,13168,13151,16068,14074,20027,15043,29375,20486,73159,22852,163560,21667,101937,12605,26607,31124,12986,164531,13410,100361,11848,6975,5421,318,1396,0,71,0,0,0,0,20250903
202508,2호선,충정로(경기대입구),19,1,3290,919,6346,6126,15224,23744,21063,57281,14511,25533,11708,12006,12297,10249,12231,10882,12375,12840,12530,11101,13819,11958,16855,13052,32307,16424,44094,21195,14858,14098,10275,10699,8498,10079,5925,9720,2596,6106,509,1691,1,33,0,0,0,0,20250903
202508,2호선,한양대,15,1,1035,732,2620,8156,5875,11409,8877,36368,6946,35547,6358,18534,9653,12351,10928,14060,11702,16069,11301,11775,14233,10344,24655,9849,37445,10742,30752,12473,13966,8727,9996,6410,9399,5997,7921,6271,4048,4099,867,1189,0,1,0,0,0,0,20250903
202508,2호선,합정,101,7,10102,3000,17285,13129,37604,30434,47344,90673,33018,83455,26804,54102,30558,51616,37080,55875,41479,62519,44485,56764,49675,57907,58913,68977,77998,86564,113531,112684,75728,76314,66859,43906,73586,36929,69124,32113,36070,22756,5843,7877,1,174,0,0,0,0,20250903
202508,2호선,홍대입구,743,24,25046,3217,29739,17563,56929,39418,74055,105243,59880,132234,58984,123879,70261,153379,82352,176786,97497,188329,110431,180249,134157,177388,163114,184875,189804,203180,213496,231989,186563,169588,187353,111206,206755,90615,195460,74128,94507,51881,11103,18323,8,1818,0,0,0,0,20250903
202508,3호선,가락시장,49,12,2803,832,7714,5981,20868,10952,21587,24431,15990,13251,14275,10188,13583,10975,13724,11734,13514,12076,13310,11954,14319,14183,15745,15222,19769,19955,25800,25571,11765,17241,8973,11583,7768,9823,5469,9644,2154,5022,317,1695,2,40,0,0,0,0,20250903
202508,3호선,경복궁(정부서울청사),17,8,2389,1808,6259,14415,13014,38531,19856,121234,19534,73074,19484,50874,27093,50066,33170,47311,38895,46994,45362,40255,53283,37318,62322,35940,85590,35236,109548,35900,46484,21969,38683,12907,37019,10858,24435,9975,8401,5435,989,1448,0,29,0,0,0,0,20250903
202508,3호선,경찰병원,8,0,3080,303,8309,3535,22353,10021,24994,25681,14837,15496,11879,9159,10883,7379,10065,9290,10312,9890,10853,8648,11048,9248,11152,10087,15971,15664,18827,21570,7332,16205,5785,10035,4670,8707,2976,8780,926,4858,108,1404,0,0,0,0,0,0,20250903
202508,3호선,고속터미널,112,3,5640,4163,7603,34881,25393,51143,44719,79127,53300,101823,59927,108172,74660,117191,91652,109890,99880,108159,114122,110270,131366,112953,143795,110712,157225,119119,145157,123555,120204,77989,133972,51501,84939,39486,54983,29053,18862,14152,1956,2184,0,7,0,0,0,0,20250903
202508,3호선,교대(법원.검찰청),64,2,1834,769,4849,6831,10226,18038,14670,45971,12879,34849,14495,16545,18956,12521,21499,12347,24360,12700,27668,10930,30330,10053,33200,11021,50852,15352,68776,18566,32053,10132,27656,5959,26687,4860,20229,4562,7639,2548,1213,803,0,3,0,0,0,0,20250903
202508,3호선,구파발,109,3,12655,1540,33575,11657,79192,21071,75153,28117,43599,26415,31689,30019,31215,28853,32927,30274,31920,32527,33358,32859,37818,33389,42788,40884,41941,48371,32826,73551,22389,59176,18008,35278,14760,30813,12071,29183,3293,19748,593,7413,0,239,0,0,0,0,20250903
202508,3호선,금호,71,11,4296,656,9837,2650,26158,4809,34650,8959,21688,6743,14076,7090,12430,6968,11780,8213,11317,9493,10041,10286,9863,12636,10464,15673,11654,20972,11357,28944,8344,20376,5911,14660,4557,12522,3545,11887,1789,6142,373,1552,0,2,0,0,0,0,20250903
202508,3호선,남부터미널(예술의전당),33,1,3023,1317,9116,27570,26997,64926,42239,146405,37213,82990,34629,48798,39886,38039,41177,39920,44090,47226,45415,47022,52907,45587,65699,49437,111824,54275,129750,60707,60784,40072,41288,24727,36556,19021,29124,16448,7235,9302,801,2349,0,2,0,0,0,0,20250903
202508,3호선,녹번,72,1,9354,446,24292,3657,64390,7735,69725,15292,39920,10273,26041,8917,22321,9945,22501,11786,19803,13182,16746,16023,16843,19766,17317,26199,17423,34363,18339,57416,9933,46735,7151,29274,5817,25895,4085,24031,1583,13461,252,3320,0,0,0,0,0,0,20250903
202508,3호선,대청,108,3,3919,1107,12404,7173,29587,17754,35094,25689,20865,12501,15936,9012,14456,8654,14487,10296,14763,11857,13794,12111,18933,14673,21199,16503,24350,21929,25700,30000,11472,23605,8423,16604,6936,14919,5160,15853,1664,7868,303,2368,0,6,0,0,0,0,20250903
202508,3호선,대치,16,1,2900,599,12839,8304,26780,22399,26441,32033,17192,22441,14708,15278,14394,14144,18633,20340,20326,24060,17086,18293,18320,21909,21337,26501,38912,34797,30058,32798,19235,22663,14174,13595,19099,12926,44140,11000,3920,5965,443,1769,0,5,0,0,0,0,20250903
202508,3호선,도곡,34,2,1094,404,4555,4381,11308,13312,13330,20718,8543,16100,7225,7485,7256,6720,8050,6876,8043,7423,8430,7042,10384,7087,12167,7957,17449,10084,17564,12517,8850,9492,6479,5991,5719,5234,4819,4857,1273,2933,175,1589,1,245,0,0,0,0,20250903
202508,3호선,독립문,188,2,5090,987,6274,6263,14651,13795,18595,21303,15209,17018,13739,15858,15453,13731,17910,14120,16001,15528,16572,14652,19339,14738,18776,15278,19228,15509,17753,18158,8500,13852,6685,9622,5450,8318,3744,7631,1263,4684,141,1868,0,479,0,0,0,0,20250903
202508,3호선,동대입구,13,2,1458,1202,3018,10431,4673,16851,8093,48693,7896,29640,8696,23481,10401,18993,10798,18884,16212,20788,14603,15638,15958,13797,21065,15463,34161,17297,39030,18268,20679,11332,20320,6357,17166,6350,16235,4356,4821,2999,539,967,1,62,0,0,0,0,20250903
202508,3호선,매봉,24,1,1917,756,6912,10006,17010,23325,20497,71487,14824,33281,14495,17252,14498,15802,14768,14037,16370,13815,18383,12751,19968,13733,23325,15285,38466,19445,58820,23562,19765,14985,15014,9954,15960,8740,9415,8068,2694,4058,338,1247,0,33,0,0,0,0,20250903
202508,3호선,무악재,2,0,1903,167,5382,1456,14802,2961,17737,5105,10994,3447,8030,3455,7260,3843,6573,4230,6082,4663,5411,5199,5064,6603,5618,8340,6461,10766,6550,15723,3182,12456,2235,8377,1764,7397,1309,6413,547,3959,90,921,0,0,0,0,0,0,20250903
202508,3호선,불광,48,1,9672,1395,19222,6563,48881,10912,58544,30423,35887,26630,27163,23819,25451,24429,26777,26497,26415,29272,26626,27190,27249,31144,29144,34256,30037,40988,29647,57507,17214,43889,13596,27711,10693,24690,7502,22119,3180,13277,538,3966,0,0,0,0,0,0,20250903
202508,3호선,수서,106,4,4425,2541,13360,16095,36517,33390,42836,54076,29431,33943,36554,24200,27637,21461,34200,26191,30521,22611,24070,24103,34757,28484,35674,31489,47026,38747,49847,51954,24081,38026,22694,26982,15424,22518,15617,21189,7106,8612,673,2954,0,211,0,0,0,0,20250903
202508,3호선,신사,46,3,3167,1679,6249,16579,10652,40335,16071,98849,14789,128714,18018,66030,23410,45554,27496,41722,33409,44467,39773,40904,46923,36449,55804,38880,82919,48448,116589,58388,82206,31700,54181,16882,53529,13372,43891,10952,18613,7104,2745,2860,0,19,0,0,0,0,20250903
202508,3호선,안국,31,0,1470,1966,2968,24402,5665,83736,10543,114328,14343,80540,17577,64418,27252,62868,37284,54384,42063,52127,48944,47777,61477,40580,80885,37080,113678,31936,115139,28640,53478,13863,42860,7388,33800,6361,17746,5797,6285,3123,526,943,0,0,0,0,0,0,20250903
202508,3호선,압구정,71,3,2913,2333,8093,23597,15073,46035,22002,128611,18904,139788,23991,74614,29929,62286,37218,51921,43013,53147,50619,48290,59357,44362,71254,44494,92868,54645,125571,56173,86722,32372,70445,17017,50077,13609,35940,11312,11169,5871,1597,1854,0,192,0,0,0,0,20250903
202508,3호선,약수,113,4,6123,1057,10002,5633,24157,13060,33667,30527,24321,20788,18527,15595,17182,16008,19289,15699,19518,16524,19068,17264,20155,19202,22442,23190,26644,28937,29481,40064,18627,25155,15340,17720,14947,15871,10657,14194,5019,8103,748,2962,0,329,0,0,0,0,20250903
202508,3호선,양재(서초구청),57,4,4851,3032,14086,40252,35178,107606,43500,215383,30725,110759,29732,51812,32659,42926,36222,40829,41671,45446,46521,39526,56544,39829,70642,43574,127679,60392,178648,73262,82497,46839,59581,29906,53479,26747,35308,23124,11630,12185,1330,3266,0,8,0,0,0,0,20250903
202508,3호선,연신내,306,5,24656,2475,47573,13713,109791,27976,135490,43625,81694,40080,60547,36639,56410,39364,59154,41049,55283,44686,52672,48565,52931,57781,60016,68344,58545,84652,57010,128187,39810,102124,32314,63666,27721,59401,22932,50245,10888,32865,1807,10269,2,19,6,0,0,0,20250903
202508,3호선,오금,18,0,4519,17,9309,2368,27950,5774,29126,12036,14611,6269,9601,5224,7907,4571,8587,5686,8315,6300,7161,6385,6704,8192,8183,9793,10724,14424,10902,20866,4634,15286,3453,10377,3020,8536,2562,10743,734,5408,113,1841,0,1,0,0,0,0,20250903
202508,3호선,옥수,168,1,2951,1044,9103,4372,22256,7384,29206,12693,20860,10328,14620,8423,13581,10153,13831,11026,13605,13051,12966,13168,13269,15884,14884,17773,16674,25257,16194,33665,11459,23920,9422,16174,8378,14278,6233,13568,2718,6357,417,1592,0,2,0,0,0,0,20250903
202508,3호선,을지로3가,9,0,819,1287,1575,9947,4034,35049,7922,73318,10867,29405,13138,14923,13974,14236,13257,14088,14638,15723,16082,13875,18139,14613,23056,17445,45566,21651,66912,25814,27132,15107,20837,8675,21267,6645,18598,5700,10152,3797,1466,758,0,4,0,0,0,0,20250903
202508,3호선,일원,9,0,2364,1945,8833,14141,23219,30348,23985,24801,17888,20672,17793,16540,18504,13192,18930,15292,16586,16012,19460,14988,23274,14454,27857,13770,35146,16185,19401,22118,10389,17389,6607,11965,4755,11039,3476,11917,1401,4798,155,1463,0,16,0,0,0,0,20250903
202508,3호선,잠원,8,0,1580,802,5807,8534,15809,8810,20303,12072,13364,9115,9930,6147,9877,6219,10414,7930,9999,9458,8956,8940,11270,10043,13690,10322,16131,15079,12468,20251,7342,13950,5578,9068,5665,8646,4787,9724,1281,4088,173,1101,0,10,0,0,0,0,20250903
202508,3호선,종로3가,35,4,864,1089,1328,6254,2330,15619,3730,37505,6229,38307,9162,33743,11822,27731,14366,25986,15695,24954,18279,23403,21938,21876,26227,21143,37446,20827,46319,20004,26332,11603,19381,7319,21148,6024,16428,4667,7216,3051,824,1084,0,13,0,0,0,0,20250903
202508,3호선,지축,35,0,3024,824,11360,4625,29678,5652,29948,11687,15803,8264,11546,6796,9595,6886,10570,7789,9468,8699,8799,8524,9516,10016,10598,13720,11975,18026,11035,29787,7819,22246,6286,15323,5837,12952,4037,11689,1950,6713,291,1106,0,0,0,0,0,0,20250903
202508,3호선,충무로,0,0,0,0,1,0,1,0,1,0,0,0,7,0,2,0,9,0,5,0,15,0,7,0,9,0,16,0,13,0,19,0,3,0,5,0,3,0,5,0,6,0,0,0,0,0,0,0,20250903
202508,3호선,학여울,0,0,686,219,2077,2017,4047,3791,4274,8704,3147,7119,2836,6756,3543,5543,4664,5491,5455,6656,5874,6247,6735,5541,8624,4549,9964,4581,9032,4972,5062,3606,2286,2348,1844,2084,1390,1945,413,1056,39,276,0,1,0,0,0,0,20250903
202508,3호선,홍제,110,7,10077,1295,23517,6480,59083,10499,65094,23138,42909,18905,32818,17787,29382,17613,30574,19119,28148,20977,25617,23955,25997,28911,27500,34791,27729,42676,26792,60950,15597,48005,12323,30630,9744,27759,6298,23133,2596,14347,387,3369,0,0,0,0,0,0,20250903
202508,4호선,길음,48,7,10383,1394,32678,7461,80149,13069,82375,26158,47777,19998,33498,17877,29912,17598,31129,22040,29863,25196,26283,25836,27942,30038,31693,38661,31982,51203,31006,75598,17575,58722,13546,39142,10355,35797,9606,34147,3238,20052,519,4630,0,0,0,0,0,0,20250903
202508,4호선,남태령,14,0,600,87,1121,2081,2522,5687,4155,5099,2791,1771,2253,1229,2331,1115,2382,1473,2237,1282,2025,1352,2543,1372,3532,1791,4959,1839,3796,2029,1835,1563,1387,1454,700,1072,504,1097,225,598,20,158,0,1,0,0,0,0,20250903
202508,4호선,노원,279,4,12050,952,24445,9943,50027,13693,50620,32152,32712,34191,27591,26353,27529,26714,31783,30425,31433,34336,31182,33597,33671,36930,36489,44712,37343,56954,36996,80589,28737,63238,29383,39773,28273,33376,24247,29075,11116,19751,2340,6820,13,679,0,0,0,0,20250903
202508,4호선,동대문,162,5,3358,1748,2644,13254,4654,28019,6800,54802,11949,53970,18382,52780,25440,48465,30677,41872,35582,40558,43602,38609,50847,33129,61514,26718,70156,22062,51742,19370,29603,18615,24441,13923,22849,10300,14814,7847,7479,4810,1055,1430,2,73,0,0,0,0,20250903
202508,4호선,동대문역사문화공원(DDP),194,5,4504,1471,4731,13415,8412,27515,13955,63161,18587,39520,21333,32386,23999,31174,25779,29853,29114,30892,33961,30151,41467,28178,50496,27414,67456,29128,79030,30953,47478,28132,43211,21663,38842,18860,28093,16518,14661,10656,2326,3242,2,107,2,0,0,0,20250903
202508,4호선,동작(현충원),20,0,303,2449,946,8194,2076,3516,2256,4731,2109,2623,1583,2133,2428,1565,1819,1823,1705,2275,1726,1996,3008,2434,8429,2235,6748,2979,5048,4109,3107,3694,3373,3465,3514,1614,2461,1021,1076,648,144,345,1,100,0,0,0,0,20250903
202508,4호선,명동,16,3,1762,1039,4390,27596,8704,50952,17561,115247,33071,86571,40869,68499,48095,74498,49089,77752,53152,82912,62540,79540,75274,77430,91820,82608,103509,83207,139764,79424,90301,63576,83479,50759,82523,36440,79024,21429,34125,11288,2030,3325,0,124,0,0,0,0,20250903
202508,4호선,미아(서울사이버대학),27,4,11307,1610,20771,6467,44764,15109,47592,32609,32846,20048,26539,17194,24692,16810,26491,17433,24082,19613,22093,20651,23423,26127,28691,29431,27842,34626,28580,44629,16875,37327,12124,24467,10258,22220,7561,19127,2815,13210,431,3279,0,1,0,0,0,0,20250903
202508,4호선,미아사거리,90,0,14194,2540,34851,8237,78564,18731,86553,32754,55120,31142,41538,28329,38479,29421,41768,31686,40559,34103,38764,36707,41910,44967,46382,53814,42051,65255,42510,91798,29637,69956,28380,44742,17445,40482,12538,35155,5979,20777,892,4365,0,0,0,0,0,0,20250903
202508,4호선,불암산,82,0,8649,32,17367,4706,41801,7168,33762,10900,21747,11028,17189,10725,15508,9804,15552,10197,15151,10809,14065,11482,13309,13811,14129,16262,13659,19468,12715,25527,8408,24244,5714,16558,4359,14499,2887,14145,1330,9373,313,3022,0,335,0,0,0,0,20250903
202508,4호선,사당,120,26,10302,1260,27200,17344,64933,21949,74683,32483,58713,25899,41597,23338,35985,29913,38958,29693,38883,28311,37828,28720,36437,32979,40329,45400,46692,64470,47622,95786,32815,58664,30753,36073,34536,33385,31423,30475,14892,20480,1722,5419,1,554,0,0,0,0,20250903
202508,4호선,삼각지(전쟁기념관),3,2,562,441,2235,5152,6526,11335,10221,20992,6907,12248,5499,10511,5993,13121,7571,14725,9072,14489,9714,12611,10969,13087,12117,16305,16790,22414,24917,28960,13894,17261,14207,8821,17053,6954,15874,5755,8184,3896,1103,1350,0,28,0,0,0,0,20250903
202508,4호선,상계,109,3,14693,300,38434,7647,78390,14786,65699,21404,41737,18262,31935,16368,28480,17104,30880,20784,29309,21733,24766,22569,25351,28534,26903,35215,26872,44858,24816,64178,16203,55830,12912,36831,12071,31482,11594,28167,3487,19069,599,5172,4,607,0,0,0,0,20250903
202508,4호선,서울역,250,10,4644,1088,6357,15705,12917,41589,15693,92220,14870,57385,14270,34805,16317,36197,17169,39801,16006,39789,16037,36507,18361,39003,23067,42853,48408,46297,63948,45821,23414,34322,16757,26388,14437,24388,10728,20435,4673,10710,499,2997,0,165,0,1,0,0,20250903
202508,4호선,성신여대입구(돈암),40,4,5854,1529,19116,6935,43837,15576,50982,31696,36625,28952,30627,22921,30504,23491,35405,27794,35519,31620,33133,31221,35632,34209,40472,41256,43823,51649,45318,67381,30743,52265,27447,36790,28199,33794,24969,32137,11156,21541,1809,5443,0,0,0,0,0,0,20250903
202508,4호선,수유(강북구청),119,5,22112,2902,44659,11954,102004,21027,110859,51446,75043,38348,54996,31299,50858,33522,54264,36392,52240,41040,48729,42769,50053,52647,54249,67938,55397,83274,61552,116659,36795,101427,30117,67211,25452,61195,19896,56380,10827,38996,1632,9165,0,35,0,0,0,0,20250903
202508,4호선,숙대입구(갈월),3,1,3174,786,8152,9640,16661,21384,26206,47122,21234,28254,17480,17679,17965,18700,21173,18481,21344,20974,21000,20520,24273,21621,31429,24742,39663,32673,48157,40643,24359,25709,22956,17696,22595,16349,18783,15156,9495,9396,1141,1855,0,27,0,0,0,0,20250903
202508,4호선,신용산,6,0,1452,1236,3992,14534,11514,40816,17648,91925,16734,70487,15083,38714,21235,38170,23496,42848,29917,41680,30460,39209,40210,41029,51651,43712,72990,51877,99997,58922,52727,32511,47134,18421,45435,13509,34997,9969,14818,4843,1635,1297,0,80,0,0,0,0,20250903
202508,4호선,쌍문,190,19,24424,1218,52308,9283,113420,15402,115515,27316,71335,23005,52578,21472,45474,23522,46486,26269,42882,30072,37170,31460,36118,42394,38776,53220,37840,68244,33929,98389,22817,88867,17165,58048,13763,51723,9723,48091,4201,31620,682,9723,0,55,0,0,0,0,20250903
202508,4호선,이촌(국립중앙박물관),30,1,1239,959,5307,8175,12021,12930,15577,25830,11596,33287,10237,40906,13555,35848,26102,37222,32201,43313,35195,39023,44748,31893,56255,23726,55628,20443,42544,23552,15510,15004,12950,9888,9536,8769,4695,7642,1709,3972,145,1097,3,81,0,0,0,0,20250903
202508,4호선,창동,2198,49,17134,2445,38303,15822,81229,21674,72574,46558,47780,37705,41835,34441,40512,33762,42564,38818,40416,46228,38832,45826,44441,48866,51447,55716,53151,66864,54488,88586,32028,71659,23942,46382,20926,39235,15486,36176,6892,22494,1069,7386,3,205,0,0,0,0,20250903
202508,4호선,총신대입구(이수),86,3,6330,1104,17552,12746,44071,18642,54517,39127,35916,31152,28471,26604,28180,25982,30920,27994,30876,30644,29531,32018,31114,37086,34609,44037,39622,54615,43356,77360,26977,46360,23370,28597,20755,25091,16361,20811,7446,12831,1081,3029,7,550,0,0,0,0,20250903
202508,4호선,충무로,73,3,3331,2586,5768,22923,12286,60266,20893,170984,29239,93045,32846,47573,36355,43081,33955,41738,37964,43456,41189,37758,46144,36038,59550,40908,100306,46917,149686,53628,65970,33419,50901,24602,47450,25389,39296,24326,19159,15663,3184,4070,4,162,0,0,0,0,20250903
202508,4호선,한성대입구(삼선교),45,5,6660,1409,12418,8387,28466,15095,35679,26434,25730,23091,20341,16624,19284,16181,21931,17192,22415,17862,21084,18601,23282,19598,28902,23011,31483,28146,28347,35234,16804,27780,13982,19093,12666,18099,8953,17258,4056,11336,599,5682,0,1207,0,0,0,0,20250903
202508,4호선,혜화,27,1,2888,2057,7840,23920,16540,48769,20915,102961,25190,78855,31924,63614,35709,63075,39386,81314,42532,99506,54726,83612,75356,66814,96227,64518,113021,73464,114682,82931,72084,57897,77640,22849,101478,21039,94085,18558,29328,11256,3348,3161,0,244,0,0,0,0,20250903
202508,4호선,회현(남대문시장),23,2,1447,773,3561,22708,5235,53666,9417,141431,14673,93569,21679,76763,33372,73763,41996,60034,50794,52949,60179,49495,70233,41316,83471,33208,102205,28322,119636,23205,59326,14022,52693,8282,21145,7855,11989,6723,4168,4223,445,1213,0,79,0,0,0,0,20250903
202508,5호선,강동,72,5,11835,1467,20794,11148,52751,26958,65603,49375,36504,29274,27444,20101,25268,18818,28097,20743,25786,25622,25334,23321,27877,25507,31648,29171,42276,36284,43685,55724,22104,40604,15697,28418,12787,26097,9435,23449,3753,15032,756,6164,1,0,0,0,0,0,20250903
202508,5호선,강일,5,1,3037,687,9000,3154,26640,5502,22804,8021,14161,4489,11440,4214,9063,4042,8872,5870,8131,5307,6872,6381,7880,8035,8553,9172,8857,13595,8825,19105,4015,17771,2901,11155,2196,9759,1750,9566,610,5811,164,1646,0,0,0,0,0,0,20250903
202508,5호선,개롱,12,0,3676,775,9505,2797,21124,7289,21426,15263,12992,9095,10543,6444,9484,7188,11069,7169,10026,8592,9105,9495,9392,10013,12288,13348,12519,16293,12569,20669,6369,18936,4676,10906,4006,9365,2462,10357,841,5536,89,1630,0,0,0,0,0,0,20250903
202508,5호선,개화산,2,0,4625,136,9335,3474,22032,6558,21720,13748,12810,6979,9218,5503,9358,5830,9779,7469,8746,7357,8123,7329,7974,8701,9183,10208,12877,12641,11451,18895,5383,15748,3875,9844,3325,9658,2271,8627,841,5092,97,1671,0,62,0,0,0,0,20250903
202508,5호선,거여,7,0,6931,713,16437,3451,41018,8639,39232,17647,21808,9512,15434,7568,14064,8336,14977,8323,13592,11214,11832,11057,12274,14261,14556,18806,15295,22341,15153,37201,7483,30916,5788,16778,5046,15219,3537,15979,1159,8258,172,2677,0,0,0,0,0,0,20250903
202508,5호선,고덕,1,0,4000,1470,10800,6343,25078,16699,22729,21092,15640,16850,14853,15258,16500,12104,16773,13282,15038,18087,16245,14428,19694,16398,21876,18324,25742,17763,19399,27697,12107,23017,9437,12276,9338,11722,9772,10896,2091,5940,348,2289,0,114,0,0,0,0,20250903
202508,5호선,공덕,30,0,1790,917,5438,8282,19334,31442,29836,72092,16008,37512,13773,17284,15732,16296,16749,15732,19160,16210,17602,14225,19845,15446,25035,18626,43511,28678,61636,43117,24282,21172,19363,13832,19390,12638,14368,11736,6104,6074,786,1592,0,0,0,0,0,0,20250903
202508,5호선,광나루(장신대),5,0,4322,1930,12119,7358,27846,13303,31152,28901,19046,16796,16396,14365,15514,12797,16615,14299,17692,14480,16533,13731,18708,14790,22018,19131,22276,23507,26117,30913,13554,22218,12461,14321,11488,13163,8767,13160,2492,7506,310,2007,0,0,0,0,0,0,20250903
202508,5호선,광화문(세종문화회관),7,1,1309,878,3523,29694,8101,82776,11373,256264,11477,115047,15406,57096,22807,55583,29112,51394,36937,56611,45054,46266,58490,37756,75603,36985,125957,43065,204048,48152,74922,22655,62144,11104,68621,7811,42220,5313,14267,2828,1499,694,2,0,0,0,0,0,20250903
202508,5호선,군자(능동),47,3,7390,802,10985,5568,30798,9258,42725,23229,21544,17393,14022,12602,13867,12425,15113,14545,15757,16139,14325,15996,15199,18624,17825,23273,22841,33275,25697,52238,16395,32783,14397,20976,13629,19158,10915,18261,5945,11191,1176,5394,0,940,0,0,0,0,20250903
202508,5호선,굽은다리(강동구민회관앞),2,1,7604,725,13353,2877,32934,6908,36217,14651,20608,12163,16742,10515,15318,12265,17180,13146,16726,14258,14211,14458,14856,15765,16163,20276,16290,22736,16095,35580,10394,26048,8250,16437,7768,13216,5870,14150,1832,7181,327,2766,0,47,0,0,0,0,20250903
202508,5호선,길동,5,0,5117,759,9608,4117,23573,7787,28571,18978,17444,15077,15052,11142,15001,11965,15906,13044,16074,12379,14152,14198,14310,14990,15410,18663,16485,22165,17996,28282,10048,22677,7605,14246,6838,11231,4870,10551,2006,5835,412,2758,0,2,0,0,0,0,20250903
202508,5호선,김포공항,4,1,1035,3314,5015,8922,18605,17520,22661,22755,13138,14150,13775,15547,18325,18356,21417,18863,25542,19238,29044,17792,32282,16626,31750,16089,33163,17335,37711,15723,24772,9486,20936,4948,18212,3021,18430,2098,8852,1127,413,459,0,5,0,0,0,0,20250903
202508,5호선,까치산,341,3,23788,1381,42367,7783,111549,10737,136327,20675,73918,18162,46255,17650,41636,21046,41345,24506,37170,26795,31522,31732,30854,42166,32187,54178,31313,70918,30233,114810,20896,86221,15889,58304,12967,55686,10131,46134,4911,29014,748,8010,0,374,1,0,0,0,20250903
202508,5호선,답십리,33,1,8564,1368,19251,8662,53481,13327,71227,31405,35069,16315,22513,13172,19403,13159,20888,15071,20648,17040,18593,16426,19701,20073,24719,24092,29222,33382,31779,55468,15821,35564,11312,24097,8779,21628,6359,20273,2898,11690,421,3671,0,0,0,0,0,0,20250903
202508,5호선,동대문역사문화공원(DDP),2,0,213,239,709,3231,1567,10017,2774,27711,3262,10609,4118,3799,3747,3507,3368,3745,3324,3774,3740,3540,4330,3244,5860,3710,12958,4063,20260,4501,7411,2932,4242,2622,3475,3058,2114,2742,1008,2083,126,576,0,8,0,0,0,0,20250903
202508,5호선,둔촌동,5,0,6340,632,16175,6198,42444,11568,42332,24072,25748,15776,19012,13642,18772,12992,19383,15274,18727,18423,18257,17250,19137,21194,20696,25052,23426,32015,24590,47492,14463,33599,11646,17965,9383,18186,7380,14766,3022,8563,351,2417,0,0,0,0,0,0,20250903
202508,5호선,마곡,5,0,2953,2987,8341,12169,22931,26521,23814,65724,13705,37967,12507,20711,13946,18264,15594,19444,17993,19979,20835,17951,25261,18513,32913,20593,46604,25628,55570,32842,27219,23411,21352,13170,19104,10776,12617,9805,4407,5313,533,1779,0,0,0,0,0,0,20250903
202508,5호선,마장,2,0,2619,538,6672,3806,15475,6384,18211,13324,11424,8648,8750,6858,8263,6625,10321,7485,8895,7102,8521,6603,9151,7427,10815,8998,11113,11946,10885,17474,6414,10988,5059,7502,4684,7092,3433,6882,1154,3966,187,1214,2,5,0,0,0,0,20250903
202508,5호선,마천,119,0,7045,326,13892,2884,37242,4390,28337,10603,16047,6018,10603,6026,9316,5683,10567,6233,8794,7605,7922,6838,7726,10939,8514,12446,7982,15377,9539,23010,4368,20128,3405,10994,2498,11042,1506,10551,616,6128,103,2175,0,1,0,0,0,0,20250903
202508,5호선,마포,7,0,2557,1283,8273,8826,26031,21887,34495,67500,19931,34093,17304,17382,17859,17152,18697,15652,19117,16703,18200,14890,19854,16737,23987,21075,38696,30374,56015,42734,20734,24786,18206,16301,18730,14561,13000,13329,5382,7287,665,2049,0,0,0,0,0,0,20250903
202508,5호선,명일,16,0,5407,1707,12423,3263,29625,6630,27992,12255,16315,9100,14502,9769,12561,9417,13821,8346,12138,11372,11437,10525,11643,13749,12553,17113,11905,17910,11903,31685,8004,23351,6502,13011,6079,11171,4005,11127,1622,6357,330,2169,0,46,0,0,0,0,20250903
202508,5호선,목동,23,1,8404,1317,20001,5871,54349,16836,64683,27151,33318,21375,24089,15763,22976,14966,24231,17710,22989,21421,20611,21358,21571,24886,23519,32059,28442,47611,28300,76987,15806,49063,13796,29502,13852,27912,16125,25253,4199,13900,564,4391,0,0,0,0,0,0,20250903
202508,5호선,미사,21,0,8004,948,21463,8832,64218,14140,59927,26195,31306,23603,24514,18631,22689,18857,24671,21245,24945,20864,22806,25029,26569,23900,27906,32028,30301,44715,31693,63225,19941,61600,18608,34633,18036,26757,16390,24086,7692,15938,2012,4724,1,1,0,0,0,0,20250903
202508,5호선,발산,1,0,3678,2475,10873,15688,28786,43910,30039,114176,21169,59514,21971,34063,25919,32463,29899,31613,32055,32647,35577,30298,42347,30795,49464,33054,77022,39301,88714,53911,40130,37902,34740,22641,32365,18026,26516,15909,11071,9380,1393,2836,0,0,0,0,0,0,20250903
202508,5호선,방이,4,0,2754,937,6775,4160,17680,8282,17489,23026,11212,12858,10345,9497,9482,8501,11227,11403,12080,10257,9960,11663,11275,12480,12627,14378,16320,19518,19012,21810,9727,16862,8687,9812,11660,8112,12024,7272,2541,4576,200,1100,0,0,0,0,0,0,20250903
202508,5호선,방화,31,0,5403,9,11738,3832,25864,5953,23462,12780,14645,8488,12479,6703,12019,7083,12315,7834,11577,8775,10044,9350,10815,11029,11291,13003,11457,15590,10847,22395,5896,19127,3933,12043,2939,10806,2234,10467,781,6258,136,2219,0,201,0,0,0,0,20250903
202508,5호선,상일동,94,1,10212,1267,30173,5772,68047,11583,52871,17927,31180,10845,23724,9832,20306,9627,20355,14408,18329,15941,16648,15664,18378,21280,18687,23216,20666,34818,21311,52941,11123,46896,8224,25196,5479,23824,4066,21514,1832,13216,449,5732,3,1102,0,0,0,0,20250903
202508,5호선,서대문,33,0,2781,929,6424,17113,19544,66202,22529,157597,17377,43733,16921,20947,19971,19083,21169,19086,19599,23037,23861,17584,28969,16328,37797,16860,67268,20458,115710,25858,30153,14941,24094,10575,20369,11008,13942,8722,4816,5327,483,1428,0,4,0,0,0,0,20250903
202508,5호선,송정,12,0,3472,1057,7297,4078,16831,6871,20703,10230,13994,6699,11199,6268,9970,6947,10405,7941,9366,7870,9452,8385,9684,9296,10913,11013,11419,13650,12041,18340,7856,14565,5582,10223,4638,9963,3392,9298,2015,5601,239,1853,0,0,0,0,0,0,20250903
202508,5호선,신금호,45,0,2775,533,6713,2871,19384,7443,25156,12247,14488,7699,9808,6249,9010,6379,9155,7350,8956,8009,8422,8686,8618,10124,10524,12325,9934,16194,9901,25226,7133,16362,4926,10217,3939,9843,2663,8513,1181,5305,250,1576,0,0,0,0,0,0,20250903
202508,5호선,신길,49,3,1954,290,4396,1862,16818,4935,24708,13188,10694,6343,7583,3274,5803,3776,6357,4011,5775,4763,4924,4726,5257,5919,6053,7388,9236,11674,13099,22269,5363,12497,4006,10344,3681,10333,2858,9745,1634,5975,211,1463,0,0,0,0,0,0,20250903
202508,5호선,신정(은행정),128,1,11606,972,22710,3481,56672,7174,69442,13001,35476,8718,21328,7610,17929,8351,18434,10705,16900,11760,14070,13036,14522,17067,14974,21481,16388,30106,15483,45925,8928,33686,6707,22720,5388,21507,4138,20837,1531,12086,259,3419,0,0,0,0,0,0,20250903
202508,5호선,아차산(어린이대공원후문),21,0,8979,1581,17424,6160,38713,12451,52760,27662,30786,16988,21906,16599,20150,17327,23256,17973,23039,18166,21500,18994,23145,23742,23988,28842,25673,35275,25849,51513,16228,35210,12897,24024,11481,19653,7901,17721,3210,10172,535,2994,0,0,0,0,0,0,20250903
202508,5호선,애오개,37,13,2321,640,6111,4969,19106,7407,24943,15173,12260,11125,8912,6840,8985,6546,10033,6611,9670,7845,8481,7960,10167,8646,11568,9555,12527,14274,13534,22027,7345,13335,5208,8736,4256,7897,2868,7547,1023,4362,131,2103,0,249,0,0,0,0,20250903
202508,5호선,양평,3,0,2722,900,7043,4240,23367,11414,28859,42459,13519,16708,9185,7151,8405,6351,8760,6255,8468,7202,8259,7087,8602,7691,11106,9643,21316,13828,35179,24141,11011,15603,6854,10600,5557,9935,3797,9103,1826,5439,202,1607,0,0,0,0,0,0,20250903
202508,5호선,여의나루,44,0,1478,1876,2885,11348,5962,42216,9555,70337,5576,27874,5515,19575,6983,18155,9242,18426,10429,20650,13205,21169,18467,22070,24532,23279,52436,29317,63265,36349,32208,26714,42178,18647,36875,12085,30089,7719,13060,3502,1119,916,0,0,0,0,0,0,20250903
202508,5호선,여의도,8,0,2571,2952,4258,27051,10297,146752,13420,205834,11960,78450,13244,36454,20772,36576,22323,35857,27140,36565,33087,30869,42722,29885,58090,29859,147215,33746,166145,40132,67758,18794,56306,10862,42700,8858,24700,8120,8578,4470,957,2111,0,4,0,0,0,0,20250903
202508,5호선,영등포구청,4,0,1239,603,2912,2328,9066,7593,14218,25258,5738,10860,4845,5452,4958,4667,5738,5085,6055,5310,5778,5009,6577,5139,7814,5744,12156,8488,23689,15835,7731,7882,5991,4957,5098,4692,3716,4602,1854,2580,255,561,0,0,0,0,0,0,20250903
202508,5호선,영등포시장,6,0,2918,953,7263,5469,25507,15330,35604,43072,16227,26456,12201,16667,13116,16641,15159,20112,15632,21271,15998,17956,19694,15634,25583,16608,34418,20971,45412,34768,19162,20477,14418,13745,11193,12628,8372,11624,3586,7601,445,1708,0,0,0,0,0,0,20250903
202508,5호선,오금,32,0,1185,582,3278,2532,6696,9334,7540,20334,5220,6832,4709,3706,5401,3506,5151,4155,5253,3950,5190,4341,6392,4225,7565,5168,10575,6502,14480,7716,4660,6155,3155,3904,2736,3372,2103,3908,664,2532,94,797,0,0,0,0,0,0,20250903
202508,5호선,오목교(목동운동장앞),5,0,5039,1660,15246,9187,46085,27479,51794,59857,28066,48395,22973,31342,24778,29652,28674,29396,29564,33290,30132,32343,33435,35021,39025,40796,49857,53174,59986,72636,33832,44318,35385,26623,28834,23055,27765,20220,7531,11303,924,2878,0,0,0,0,0,0,20250903
202508,5호선,올림픽공원(한국체대),11,0,1578,977,6095,3546,10818,5570,12320,10367,8900,6402,7756,5265,7620,5585,7905,7493,7907,8806,7411,11418,8813,13847,9599,13642,10244,13016,11287,11968,6147,9474,11242,5749,11457,4916,7589,4368,4635,3344,321,783,0,0,0,0,0,0,20250903
202508,5호선,왕십리(성동구청),22,0,1669,564,2127,3222,5768,6372,8167,15715,5123,9430,4587,7682,5344,8188,6326,8372,6788,9243,7206,8488,8244,8761,10183,9411,10953,11675,13968,16501,8584,8959,7602,5388,7762,4597,6583,4191,3125,2606,537,1963,0,547,0,0,0,0,20250903
202508,5호선,우장산,0,0,7322,976,22306,4483,50983,12785,53839,20423,30071,15903,24913,14859,25094,14401,25510,17199,23613,19894,20910,21405,22260,24424,25231,29356,24608,36875,20478,55026,13433,40909,9567,25337,8458,22656,6791,24350,1968,12843,281,2955,0,0,0,0,0,0,20250903
202508,5호선,을지로4가,0,0,589,585,1101,6727,2590,17785,4072,39619,3923,18212,5478,11367,6547,10710,7570,9165,8190,8726,9231,8044,10956,7310,14829,7041,26215,6926,35600,7449,13469,4505,9361,3515,8323,3380,6020,2620,2960,1646,385,840,0,0,0,0,0,0,20250903
202508,5호선,장한평,12,2,7792,1274,19364,11961,55292,23450,74671,62411,38250,28252,25093,23020,22683,19947,24426,19590,23576,21080,23009,20061,24844,23639,30761,29359,41993,41260,61558,65660,26808,45253,16209,28580,13065,27155,10180,24446,4216,14860,672,4193,0,103,0,0,0,0,20250903
202508,5호선,종로3가,33,0,1287,520,2343,7390,3415,14528,5703,40906,8594,35179,11803,31323,15901,33485,21421,33612,22692,31495,26065,28618,30647,28148,37517,29174,45346,32499,56162,37335,33605,20916,33084,13491,36511,11044,29865,9440,16790,5692,2109,1833,1,8,0,0,0,0,20250903
202508,5호선,천호(풍납토성),54,1,7330,1611,12547,12742,32976,18872,41178,38900,25299,36988,23955,31458,27506,32447,32710,33101,33380,36946,35418,33611,41551,35317,46966,38353,52840,45919,55478,59414,38326,40652,33150,24623,24469,21278,19131,18377,8998,11717,1748,3665,0,0,0,0,0,0,20250903
202508,5호선,청구,8,1,1431,154,2048,1701,5353,3447,7937,12119,5142,7168,4883,3799,4908,3431,4383,4080,4600,4302,4368,4398,4912,5022,6515,5432,8375,6920,12361,9397,6434,6015,4230,4238,3407,4120,2840,3722,1473,2287,233,611,0,1,0,0,0,0,20250903
202508,5호선,충정로(경기대입구),2,0,988,267,2506,2754,6004,15441,8578,35352,5015,12507,4132,4249,4922,3753,5417,3935,5447,4598,5429,4023,5946,4117,7533,4715,17985,6186,29849,8821,7495,5400,5291,3979,4277,3976,2537,3915,966,2341,200,732,1,76,0,0,0,0,20250903
202508,5호선,하남검단산,18,1,4378,18,9895,3571,23056,4789,18138,10323,12695,9226,10999,8802,9147,9063,10000,10706,9924,9896,9714,9983,10765,12609,11852,11171,12228,14153,11780,16911,8062,15983,7312,10298,6253,9032,4971,8574,1277,5279,136,2449,0,15,0,0,0,0,20250903
202508,5호선,하남시청(덕풍?신장),55,0,5832,167,13350,3409,28780,6258,25949,13995,18033,8349,14131,9938,13728,9035,14247,8924,13098,11869,12248,10339,12569,15000,14145,16773,14006,16514,14275,24838,8497,22901,6586,13412,5343,12935,3444,11772,1288,7205,304,3384,0,8,0,0,0,0,20250903
202508,5호선,하남풍산,9,1,1858,419,5423,2706,9835,7401,11050,15028,7466,9608,6791,6807,6537,6118,7102,5430,7193,6347,7065,5923,8459,6155,9212,7867,11719,7159,12951,11175,5315,9907,4030,5662,4019,5061,2341,5297,743,3092,123,1110,0,0,0,0,0,0,20250903
202508,5호선,행당,23,1,3731,628,11266,2729,29560,4799,37858,9686,19722,6766,14260,5639,12043,6493,12012,7532,11750,8423,9465,9752,10126,11553,10286,14526,10738,18867,10091,29782,6442,19035,4735,12560,3736,12144,3093,10451,1025,6060,188,1600,0,0,0,0,0,0,20250903
202508,5호선,화곡,480,6,22460,1460,41497,9159,107007,15280,132808,30919,69826,25339,45172,19919,40805,20593,41435,23274,38374,26897,33721,29992,31668,37673,35503,49839,38507,66817,39038,116400,23488,81639,17903,51903,14844,50672,11126,42806,4572,27419,638,7529,0,0,0,0,0,0,20250903
202508,6호선,고려대(종암),61,2,3470,858,7353,4465,19950,11055,24715,21646,14005,15085,10707,7982,10919,7588,12182,8869,12449,10005,11706,8989,12975,9833,19585,12123,20696,14522,18727,20823,9594,17181,6874,11858,6180,12078,5761,11988,2420,8672,378,2537,0,52,0,0,0,0,20250903
202508,6호선,공덕,135,1,4831,2270,8750,11662,20882,39958,29651,90987,22528,46896,20291,22936,22921,20734,23501,20608,23792,21213,24597,20616,29076,21193,34934,25623,59252,31452,80845,41093,36277,26056,27627,17632,25613,16533,18698,14816,8439,10257,1124,4130,0,106,0,0,0,0,20250903
202508,6호선,광흥창(서강),7,1,3265,1651,7811,6287,19929,15051,25904,33699,17077,18655,13421,12318,15564,10942,15203,11940,13734,11548,13367,11928,14697,12443,17809,13673,24189,17855,30913,24424,13504,18072,9587,11460,9092,10239,5867,10466,2681,6371,383,1651,1,0,0,0,0,0,20250903
202508,6호선,구산,32,0,6181,259,12699,2175,28403,5474,36637,7745,20129,6012,14210,6074,12901,7317,13333,7770,12085,8636,10657,9450,11280,11708,12067,14652,11357,16881,10079,23546,6710,19676,4874,11141,4100,9787,3735,8721,1189,5464,227,1411,0,0,0,0,0,0,20250903
202508,6호선,녹사평(용산구청),46,1,1390,420,2016,4106,4434,8029,6703,16327,5716,8367,4457,7256,5196,7203,5174,8834,6031,8737,6752,8933,8467,9856,11284,10034,14306,12985,18662,15386,11868,10506,11229,6822,12296,5328,11279,4910,5492,2952,611,788,0,1,0,0,0,0,20250903
202508,6호선,대흥(서강대앞),13,1,2530,1311,5465,5756,14409,15226,20214,27048,14052,20579,10742,13774,10574,12000,12716,14409,14410,17101,12557,12676,16059,14919,18667,15535,26433,19032,26481,25035,13624,16180,10851,10280,10825,8992,10313,8206,3615,6274,529,1573,1,1,0,0,0,0,20250903
202508,6호선,독바위,20,0,2309,247,4359,1030,12234,2152,12006,3012,7162,2709,5151,2626,4451,2357,4470,3098,4185,3223,3554,3682,3550,4662,3730,5604,3465,7321,2905,11271,1902,9562,1361,6116,938,5113,625,4865,316,3109,52,1121,0,0,0,0,0,0,20250903
202508,6호선,돌곶이,36,2,7986,901,18845,3655,48370,7072,49080,17035,25132,13498,17904,12519,16424,9926,16902,11424,19271,12400,16040,12179,15431,16269,15313,19959,16013,26102,16033,41650,10105,32977,7214,19300,6390,17352,5069,17247,1939,10775,348,3306,0,0,0,0,0,0,20250903
202508,6호선,동묘앞,130,0,4551,1030,4656,3678,9687,7664,15132,19392,13589,16716,13000,15052,16043,15767,16980,15047,17416,17155,19446,16893,20329,16377,21489,16549,23125,17161,21530,20136,13462,14473,9845,10670,7839,10707,5810,11613,3079,7887,514,2502,1,88,0,0,0,0,20250903
202508,6호선,디지털미디어시티,228,20,6540,2516,17203,12010,45999,29199,49454,62508,26895,28324,17790,11869,15322,10760,15915,12130,15001,12816,14024,13509,15614,15840,20950,22018,35073,30481,45804,47424,20379,33118,10704,21901,9257,20093,9430,19230,3481,11664,703,4549,0,20,0,0,0,0,20250903
202508,6호선,마포구청,26,7,6265,1789,14579,7765,38296,14622,52099,33414,33082,17960,22399,13857,20539,13164,21227,17001,20264,17684,19429,16368,20313,19826,23550,22728,26605,28584,34545,43327,17819,31014,12964,21179,12252,19817,11993,18637,4769,11881,584,2910,0,0,0,0,0,0,20250903
202508,6호선,망원,26,0,5982,778,10326,5704,24444,10108,34417,32524,23942,31870,18843,27519,20882,31182,27316,32296,27470,36289,27323,32699,29525,36050,32257,39088,37629,42823,42911,51188,31206,35711,27385,19753,24976,16965,19744,14642,9339,10180,1304,2214,0,0,0,0,0,0,20250903
202508,6호선,버티고개,1,0,846,283,1786,1608,5082,2434,6561,5527,4739,3623,3340,2527,2967,2301,3190,2601,3063,3184,3007,3159,3312,3613,3920,3742,4995,4834,6552,6607,3325,4994,2044,3323,1664,3329,1376,2895,670,1864,129,437,0,23,0,0,0,0,20250903
202508,6호선,보문,26,0,4397,723,8083,4607,21964,8598,31139,17201,17383,10407,10941,7217,10768,6967,11291,8219,11708,8723,10289,7765,11366,9997,13466,11708,14937,16496,16847,24369,8776,17936,7038,12111,6646,11982,5274,12712,2951,8581,552,2674,0,0,0,0,0,0,20250903
202508,6호선,봉화산(서울의료원),12,0,5924,903,16187,2735,41325,5965,35274,11167,17343,7525,13574,6512,11979,6597,12551,8130,11211,9608,10180,10075,9951,12232,11285,14881,12500,20788,10385,28665,5625,25038,3957,15741,3279,12965,2786,13034,1107,7669,123,2759,2,184,0,0,0,0,20250903
202508,6호선,불광,35,0,1533,332,4224,2641,11267,3355,13408,7973,7572,7015,7182,6447,7716,7176,8846,7190,9576,8178,9803,7678,11152,8272,12642,8824,11768,11351,10917,14562,6929,10546,5923,6565,4127,5675,2178,5368,883,3344,137,1133,0,0,0,0,0,0,20250903
202508,6호선,삼각지(전쟁기념관),5,1,1774,725,3048,6022,8323,14647,12782,24625,8433,12528,6996,11006,8652,10512,11047,11856,13275,12988,13876,11393,17551,10832,22052,11540,27303,14036,29387,17377,14381,10264,11763,6993,11241,6436,9731,6820,5333,4926,797,1385,0,7,0,0,0,0,20250903
202508,6호선,상수,34,4,5410,1445,7047,4050,10450,5641,13525,18531,10052,21048,8949,17122,9072,17973,11443,20389,13117,21318,14177,20867,16239,21011,19805,23090,23316,28178,29507,35783,22219,24658,20819,16584,23777,13380,24113,13033,15564,10784,2747,3353,0,0,0,0,0,0,20250903
202508,6호선,상월곡(한국과학기술연구원),46,0,5238,439,9127,2007,22820,3630,26006,11435,14817,7079,10208,5317,9459,5121,9460,5830,8946,6826,7823,6405,8245,8723,8760,10322,9518,13709,10199,18943,5624,16383,3548,9995,4157,9731,2632,8998,1082,6080,166,1921,0,0,0,0,0,0,20250903
202508,6호선,새절(신사),68,0,11341,779,20644,5374,50192,7361,56903,12815,30027,9860,20409,9602,17464,10036,18143,11912,16355,13896,14377,14011,15520,18667,17887,22243,16139,29924,14385,45722,9509,36518,6286,22576,5218,19818,3846,18306,1683,11577,310,3837,0,2,0,0,0,0,20250903
202508,6호선,석계,1353,7,8450,2007,19187,6404,45958,8000,49293,12310,27918,10089,21111,10019,17898,11769,18536,13194,18120,13864,15822,14826,15734,19319,16601,25162,17719,31068,15687,49911,11113,38404,8062,23698,7693,20942,6021,19836,3226,12777,585,4006,0,8,0,0,0,0,20250903
202508,6호선,신내,0,0,0,0,0,0,0,0,0,0,4,0,0,0,0,0,0,0,1,0,1,0,2,0,2,0,0,0,2,0,4,0,0,0,0,0,0,0,0,0,0,0,0,0,0,0,0,0,20250903
202508,6호선,신당,97,1,4282,1104,4128,8375,6204,13163,10325,31051,8245,18647,7523,12682,9717,11514,11049,11848,11612,12923,12632,10340,14250,10056,17592,12676,22412,15000,25461,20137,15707,18000,15508,10049,14342,7764,18702,8080,6871,6539,1285,2054,0,20,0,0,0,0,20250903
202508,6호선,안암(고대병원앞),10,0,1788,1521,3373,6247,9695,16837,11974,33118,11186,31744,12599,19440,14736,15106,16671,16357,16659,18468,18118,15906,21735,14392,28028,13455,39080,15273,29970,19803,17947,15561,14188,11218,13795,11827,13553,11786,7991,8177,1273,3093,0,64,0,0,0,0,20250903
202508,6호선,약수,5,0,1241,302,1866,2418,4465,5786,7207,15294,5536,8456,4490,5334,4630,5088,5571,4959,5576,5161,5702,5113,6213,5547,7104,5800,9460,7445,12887,9341,7090,5621,5284,3616,5295,3126,4474,2787,2138,1737,416,503,0,0,0,0,0,0,20250903
202508,6호선,역촌,2,0,2339,338,5942,3121,15173,3496,16502,8067,9075,4430,6777,3711,6586,5322,6981,5729,6994,5138,6109,5490,5614,6652,5998,8656,6248,11495,5260,17440,3404,13334,2356,7872,1873,8140,1395,7099,569,4860,88,1370,0,0,0,0,0,0,20250903
202508,6호선,연신내,0,0,0,0,1,0,3,0,4,0,5,0,4,0,6,0,10,0,5,0,7,0,8,0,3,0,10,0,8,0,4,0,3,0,3,0,1,0,3,0,0,0,0,0,0,0,0,0,20250903
202508,6호선,월곡(동덕여대),23,0,6729,861,13817,3835,37324,7856,42363,22400,22915,15430,16426,11589,15260,10406,16249,11313,15432,12802,14422,13534,15300,16401,17375,20949,19183,25721,24492,39349,12002,30426,9034,18199,7417,17196,4994,15601,2468,10500,461,3079,0,1,0,0,0,0,20250903
202508,6호선,월드컵경기장(성산),28,0,978,1517,3066,3959,7384,5490,9004,8092,5574,7426,6046,7851,7023,8216,7116,9038,8162,10250,8782,10756,10296,12395,12525,14554,12217,24949,10736,34631,8012,16388,7846,5924,25187,4216,21573,3510,2618,1704,227,412,0,0,0,0,0,0,20250903
202508,6호선,응암,32,0,12059,1557,26683,6073,67031,9094,81036,16822,44789,15194,29504,14951,27372,15699,27706,17697,26184,19061,21971,20703,21757,27478,23022,34305,22367,46391,21595,73081,13761,55011,10409,35779,8558,31368,6483,27866,2588,18408,393,5276,0,0,0,0,0,0,20250903
202508,6호선,이태원,191,2,14594,2730,12040,16420,9262,11879,9735,28062,9173,25172,9517,19280,10530,16418,12120,18125,13850,18689,16430,18102,20924,19796,29828,23705,30714,28385,37294,34438,27513,31616,24809,26305,26350,25282,27809,25517,19363,21987,3482,7799,0,0,0,0,0,0,20250903
202508,6호선,증산(명지대앞),23,2,7341,863,13825,4245,34283,4741,42276,9626,23910,7800,16266,6835,14257,8004,14359,8416,13438,10198,11432,11334,11739,13413,12318,17719,12422,24052,11775,37922,7301,28424,5507,18277,4109,17766,3242,15264,1458,9188,315,2766,0,0,0,0,0,0,20250903
202508,6호선,창신,18,0,2696,301,5068,1935,14072,4186,15951,4688,8838,3224,5211,2429,4713,2108,4848,2859,4541,3219,3798,3020,4203,3756,5543,4854,4550,6112,4164,9245,2627,7225,2580,4882,1568,4583,994,4626,549,3092,89,855,0,0,0,0,0,0,20250903
202508,6호선,청구,21,0,1391,441,2610,2785,6483,6232,8944,19006,6011,10242,4977,4379,4793,3952,4759,4234,5005,4319,5049,4383,5473,4706,6791,5401,8109,6165,13013,7439,7761,4964,4763,3696,4038,3436,3243,3076,1732,2134,313,653,0,0,0,0,0,0,20250903
202508,6호선,태릉입구,15,1,4602,1114,7355,3532,17922,3514,20319,7771,11294,6498,9043,5349,8578,6381,9022,7021,8881,7780,8528,8503,8857,9270,9802,11625,10186,15072,9630,23468,6265,17363,5142,11115,4754,10882,3695,9450,2124,7457,417,3552,0,3,0,0,0,0,20250903
202508,6호선,한강진,26,0,864,844,1365,10068,3719,22025,5312,38017,4418,28198,3684,21358,5182,20709,7487,21045,9122,26988,12691,23538,19466,23019,27101,24657,38494,24147,42634,27202,29735,14039,26676,5008,22533,3829,24140,3281,4267,2469,488,1789,0,140,0,0,0,0,20250903
202508,6호선,합정,28,0,3454,1251,5541,6203,11755,15529,18388,38872,13262,28987,12096,19527,14185,19948,17695,21458,18884,23362,20788,20733,23834,21747,27290,26690,34897,31992,46705,42671,31619,27119,28969,15380,32034,13081,27448,12272,15363,9351,2292,2364,0,0,0,0,0,0,20250903
202508,6호선,화랑대(서울여대입구),22,1,6374,1188,20949,4228,50548,7369,46254,11377,23695,7611,16121,6173,14482,6865,14810,7700,14321,9379,11629,9361,13560,12107,14700,16581,14260,24032,12213,36460,7130,30270,5911,18227,6619,15530,5062,14438,1717,9689,132,3430,1,24,0,0,0,0,20250903
202508,6호선,효창공원앞,7,2,2423,579,5751,3854,16541,6906,25468,20802,15218,11422,10137,7267,9238,6911,10922,7754,10493,8236,8971,8328,10354,9119,12644,11190,15960,13449,22501,19756,9573,14035,6350,9073,5276,8244,4364,7581,2170,5046,436,1795,0,0,0,0,0,0,20250903
202508,7호선,가산디지털단지,586,7,5930,5046,10200,25961,22735,129797,27289,354039,19830,205727,18858,55237,23337,35021,30708,33647,34476,33435,39052,28086,51307,26162,76482,25838,203879,29238,283826,34316,109936,24837,62777,16120,47083,13518,26397,12158,11097,7995,1514,2821,1,1,0,0,0,0,20250903
202508,7호선,강남구청,22,0,1787,1805,3961,16540,7160,36164,9181,99975,9377,93559,9275,40458,11538,24336,14662,21049,17365,22248,20644,19155,25599,17029,31686,17649,50631,18488,83195,20178,51148,12910,32029,8995,28900,6783,20265,5546,8880,3658,1376,1532,0,0,0,0,0,0,20250903
202508,7호선,건대입구,64,1,4184,1204,5466,9179,13429,19926,19023,33526,15900,28408,14776,23301,16096,22275,18572,24699,20702,26387,23683,24612,28813,24957,32877,25140,40839,30155,34840,37259,25874,24189,26918,14715,22059,13083,19118,11419,9855,6457,1497,3289,0,227,0,0,0,0,20250903
202508,7호선,고속터미널,17,1,1362,2965,3096,22843,11883,39732,19229,48367,26076,37371,27012,31550,29494,30053,30942,26584,31228,28843,32194,25452,41588,21470,46489,22247,62316,23631,50344,25720,33354,16705,35382,10592,30914,9715,24427,5681,7823,3242,677,670,0,2,0,0,0,0,20250903
202508,7호선,공릉(서울과학기술대),45,1,6076,1022,14043,4490,34441,10519,38787,20082,22810,14955,18212,13158,17827,12599,18995,14662,19125,15171,17573,15179,18760,18169,21018,22312,21893,27274,21381,39747,13136,32882,10401,20033,9534,17291,7683,17344,3951,11716,622,3752,0,0,0,0,0,0,20250903
202508,7호선,광명사거리,184,1,18749,5989,30989,12456,74285,15325,77270,25866,43909,24662,31461,25511,29592,28123,30911,31620,30750,31071,29491,30832,32195,35882,38049,41282,36583,53121,32677,77659,23042,56517,16098,32468,11814,28473,8868,24054,3710,14349,730,4120,0,20,0,0,0,0,20250903
202508,7호선,군자(능동),35,3,8614,821,14514,5791,34289,9584,53974,25523,36474,17564,22380,12909,19333,12880,20755,13758,20704,15019,19312,16364,19936,18932,22936,22211,29390,29481,32431,42984,21299,32207,17760,20549,16685,18550,12948,16304,6994,9720,1165,3109,0,41,0,0,0,0,20250903
202508,7호선,까치울,0,0,0,0,0,0,0,0,0,0,0,0,0,0,0,0,0,0,0,0,0,0,0,0,1,0,0,0,0,0,0,0,0,0,0,0,0,0,0,0,0,0,0,0,0,0,0,0,20250903
202508,7호선,남구로,149,4,16611,1284,15486,7424,29445,32270,33251,85836,23394,41316,17021,18679,15337,15287,16471,15124,15776,15260,14947,15008,16638,17853,20968,22416,43908,31199,66627,30536,28633,21232,15019,15722,10112,17782,6819,14118,2975,7989,409,1833,0,0,0,0,0,0,20250903
202508,7호선,남성,34,1,6256,940,14344,3369,35168,6453,50161,14202,32402,11824,20269,11415,17214,10694,17425,12300,17329,13237,15238,13888,14165,17727,14542,21015,14769,28510,15118,41775,9322,30180,8256,19785,6711,17182,4766,15831,2107,9195,380,2721,0,0,0,0,0,0,20250903
202508,7호선,내방,9,0,2638,2026,8035,15557,17390,25766,25621,69505,19618,41945,15420,20264,15488,16210,17270,17103,19393,17597,20028,16647,22034,16279,28374,18413,45531,24603,61157,31175,25497,19627,17886,13194,17015,11408,12219,9600,3785,5999,622,2841,1,91,0,0,0,0,20250903
202508,7호선,노원,29,1,7614,2419,14804,8704,36438,15673,39024,45168,26920,43880,27440,32917,31059,34540,35076,35420,34968,38399,36804,37491,40987,39045,44728,42511,44448,46884,46184,61641,31535,47567,28025,25087,23998,21002,21344,17318,8809,11948,1465,3696,0,0,0,0,0,0,20250903
202508,7호선,논현,25,0,2797,1287,4658,16718,8496,40493,13444,97666,11561,86871,11543,36368,13566,23694,15900,23379,17546,24298,22562,22595,26704,21102,34151,23155,62222,28852,94576,32877,53591,19281,35646,11430,35766,9407,32837,7502,16183,5178,2871,2329,0,0,0,0,0,0,20250903
202508,7호선,대림(구로구청),72,1,10672,757,8246,3881,16147,7944,21535,18107,17565,15599,13849,18743,14288,19116,16036,16260,16837,15922,17970,15796,17851,16987,18905,18832,19587,23404,19637,22247,13061,15148,10134,11613,8175,13975,6712,10714,3538,5598,399,1257,0,0,0,0,0,0,20250903
202508,7호선,도봉산,100,3,5956,1190,17759,5554,46034,8602,35056,11479,19024,12911,13243,12560,11193,11339,11394,11343,10598,12088,10855,12164,10812,14258,12240,17231,11051,21734,10373,34779,5626,34430,4069,21516,2854,17595,2169,15579,958,10357,152,3958,0,73,0,0,0,0,20250903
202508,7호선,마들,23,2,11262,1328,26071,3169,60795,7193,58060,12345,31318,10712,23554,10438,21739,12089,22112,14177,18125,14744,16389,16110,17161,20308,16624,24553,14828,30786,13373,47297,8553,44629,6256,25628,4429,22231,3018,19864,1220,12678,194,3760,1,2,0,0,0,0,20250903
202508,7호선,먹골,61,6,7454,667,13062,3422,31858,5725,40419,14922,24419,10477,17890,9648,15850,10776,16125,11657,15643,12626,14115,13609,13700,16781,14891,21036,15645,25820,16555,37544,10633,29851,7829,19301,6529,16906,4606,15149,2062,9537,341,2671,0,55,0,0,0,0,20250903
202508,7호선,면목,88,3,12967,914,22431,5262,50999,8496,63085,19864,37541,14903,25128,12675,21072,13975,21497,15123,20692,16568,17845,17597,17725,23578,19852,29399,19385,34489,19954,49988,13759,42686,9121,26640,6519,23807,4346,22087,2196,12254,341,4040,0,4,0,0,0,0,20250903
202508,7호선,반포,21,2,999,810,3317,10429,8560,13078,12001,19987,9167,16617,6909,11224,7519,11388,9141,10919,9837,10806,11053,9796,14072,9617,18575,9853,20069,10752,18316,12908,12646,8195,10556,5502,9965,4664,7557,4857,2294,2635,269,677,0,0,0,0,0,0,20250903
202508,7호선,보라매,13,0,3480,953,6174,3075,15992,8224,22401,18849,13490,10063,9046,7628,8404,7704,9288,8554,9801,8531,9246,8144,9761,9068,11209,10785,13234,15142,15801,23234,7346,16275,6847,10461,6115,9392,4951,8155,1974,5330,319,1912,0,44,0,0,0,0,20250903
202508,7호선,사가정,41,0,12265,1323,22619,7851,50888,11843,64287,22372,40001,16442,26682,14672,22488,16141,23858,17281,22113,18541,20636,20056,20827,25658,22042,31660,23751,41193,23323,61243,17065,47606,12342,28772,9852,26364,7369,23040,4091,12243,608,3960,0,0,0,0,0,0,20250903
202508,7호선,상도,7,0,5294,1800,12646,5458,32799,7750,41927,19961,27776,16221,19156,11580,16996,10669,17958,13149,16875,14107,15362,14266,16684,17636,19633,19762,21881,26348,20078,39810,11910,27766,9475,19282,8244,17064,7252,16663,3753,11237,790,2766,0,0,0,0,0,0,20250903
202508,7호선,상봉,471,21,10193,1525,19654,6748,49111,12349,68779,26243,36568,20341,23853,17100,21924,17813,25085,20778,24113,21660,23411,21320,24482,23866,27711,29529,30682,40312,31168,63374,22034,52621,18085,31451,16989,24844,13122,25040,7164,15858,1365,6632,0,49,0,0,0,0,20250903
202508,7호선,수락산,57,1,9941,847,20199,5665,42631,8462,43109,16816,27304,17714,21049,17742,19244,17953,20501,17946,20809,16755,20471,16399,21628,19316,22100,23928,21051,29554,19853,41865,12762,38243,8684,23946,6816,19146,4396,17536,2129,11224,272,4029,0,0,0,0,0,0,20250903
202508,7호선,숭실대입구(살피재),31,4,6027,909,13185,3600,34328,6818,45018,17333,30617,16690,19886,12169,17063,11700,18698,13522,17819,15134,15492,15459,16085,19845,19358,22926,23056,29872,20292,43874,11249,30923,9496,21532,8483,19763,7128,19710,3732,13389,665,3515,0,0,0,0,0,0,20250903
202508,7호선,신대방삼거리,87,1,9412,664,18716,4364,48279,8506,68902,18686,40114,17038,24218,14183,22896,14873,24631,16303,21427,17641,20078,18380,19502,22046,21236,27239,20313,36705,21066,58691,12877,42245,10387,26513,9577,24025,6722,21139,3302,13623,649,4541,0,0,0,0,0,0,20250903
202508,7호선,신풍,188,0,12692,1016,15720,5114,37888,11052,48812,19391,27951,14085,17595,11856,15932,11753,16895,12567,15810,13244,15082,13443,15903,16986,17026,20570,17820,28506,18529,41060,11643,28862,8551,18304,7376,17235,5303,14679,2264,8218,389,2677,1,302,0,0,0,0,20250903
202508,7호선,어린이대공원(세종대),17,0,3235,1109,7707,7483,19159,14823,30954,46740,23709,33171,16221,20999,16874,18567,18431,19691,18816,21194,19220,19018,22361,19170,29908,19907,40692,23417,41372,31780,21887,22962,17678,16100,16157,14550,14537,14867,7570,10867,1342,3052,1,12,0,0,0,0,20250903
202508,7호선,온수(성공회대입구),242,3,8786,709,18992,3300,41585,9072,46784,14774,21824,8408,13230,6298,11370,6530,11887,7704,10968,8906,9765,8773,10852,11637,13292,14521,13071,21191,12506,35525,5689,26536,4694,16930,4248,13505,2697,13112,1503,8147,246,4232,1,836,0,0,0,0,20250903
202508,7호선,용마산(용마폭포공원),29,0,5134,605,10166,2279,21505,3989,25854,8636,14815,5590,9489,4962,8239,4883,8417,5728,7739,6515,6384,6765,6626,9032,7409,10862,7331,14201,7269,20912,4907,16402,3437,10324,2595,10055,1641,9304,879,5481,141,1857,0,0,0,0,0,0,20250903
202508,7호선,이수,27,0,4443,1328,9705,17718,27333,16963,39671,39892,28086,28990,20855,21374,20794,20414,23318,21902,24283,24530,24624,23752,26573,25389,35097,29594,37754,40446,44483,56476,27026,36743,25087,20670,26996,17248,23785,15122,12041,9420,1967,2702,0,6,0,0,0,0,20250903
202508,7호선,자양(뚝섬한강공원),9,0,5055,718,9699,4520,21527,7106,29112,13681,19320,11489,12407,9657,10793,9912,11582,12029,11271,13544,11359,14357,12781,16711,15542,19543,17973,26467,18671,39510,14667,30922,18725,20398,25433,16320,19929,12474,8820,6237,1116,1887,0,0,0,0,0,0,20250903
202508,7호선,장승배기,10,0,5083,1979,10977,8354,24442,10077,34293,21223,22921,13244,15990,10992,15011,10605,14903,12052,14977,12673,13757,12789,14577,14636,17245,16490,17379,20866,18011,30143,9327,20745,7890,14396,6958,12621,4945,11168,1882,7674,445,2280,0,0,0,0,0,0,20250903
202508,7호선,장암,4,0,1976,156,7457,1157,16090,1451,11273,1967,4700,3003,2792,3678,2413,3460,3178,3022,3465,2135,3928,1551,4423,1791,4334,1985,4215,2704,3500,3544,2503,2872,1473,1898,1031,804,545,819,197,583,20,187,0,0,0,0,0,0,20250903
202508,7호선,중계,48,3,9590,2234,24363,4944,56123,13895,57780,24765,31872,15585,24148,12174,22442,13666,22799,13521,20834,14716,18979,14979,18625,17979,20821,21892,19689,28247,16919,46085,9899,42565,7644,25714,8485,22050,5938,19806,2733,11961,376,3180,0,0,0,0,0,0,20250903
202508,7호선,중곡,13,4,6618,636,12784,4450,27889,15672,41850,28781,26390,14247,17022,10054,15168,9206,15962,10265,14536,11734,13209,12287,13849,15299,19435,18407,21728,22290,23326,32592,11951,26311,8024,16596,6673,15415,5074,13575,1894,7923,342,2307,0,0,0,0,0,0,20250903
202508,7호선,중화,162,0,8042,908,14745,4499,33205,8912,43108,20353,25481,11550,17194,9137,16561,9954,16361,11723,14787,11862,13305,12741,14465,16534,16443,20567,17607,24300,17820,36065,10975,30876,7730,19359,6254,17291,4795,16666,2024,9713,337,2844,0,35,0,0,0,0,20250903
202508,7호선,천왕,21,0,8547,702,19322,5252,50319,9222,54449,15825,30646,8962,19279,7963,15801,8889,15756,11681,14124,12126,13095,13031,13537,16490,14798,21258,15037,30151,14398,44329,7245,34755,5354,21563,3963,17696,2886,16302,1143,10224,258,2433,1,136,0,0,0,0,20250903
202508,7호선,철산,14,0,10525,3290,33368,10498,82673,18137,80616,34792,46118,27343,31665,21255,30156,21712,30835,23906,27991,25741,26847,25869,28978,29826,31867,38392,34541,58028,35490,91329,20536,66904,18317,38651,17152,33682,14938,30127,6685,18265,1256,4809,0,0,0,0,0,0,20250903
202508,7호선,청담,12,0,2461,3678,6702,32140,10766,55591,13729,123055,12741,82977,12160,32057,15094,20715,18566,21223,19102,21327,23070,19184,30987,16918,42617,17392,65965,18391,96176,19033,47487,14074,27070,10041,24782,8442,19212,6819,4827,3671,661,2246,0,0,0,1,0,0,20250903
202508,7호선,태릉입구,160,1,7582,1172,7833,4820,17446,7601,23214,15972,15699,10329,12457,8816,11588,8887,12796,9963,12847,10976,12632,10962,13766,11827,15332,14417,17310,17685,17950,23276,11011,18949,9023,12886,8096,11129,6269,10874,2962,7255,481,3259,0,1051,0,0,0,0,20250903
202508,7호선,하계,76,2,8881,1774,25688,6429,62520,15451,64544,23448,36462,19699,28216,15645,27905,15921,27837,21034,25220,23560,24699,22102,28475,24297,30797,29213,30074,36269,24287,56819,14084,48811,12200,29430,10852,26069,7899,24524,2818,16524,466,4588,0,0,0,0,0,0,20250903
202508,7호선,학동,9,0,1970,1374,4532,24490,8070,53867,11138,160015,11507,117839,11616,50215,14835,26432,18631,23186,21215,25733,25769,21374,33927,17676,43438,17788,82742,19348,145783,19695,67590,12128,36029,8160,29441,7465,22894,5510,8336,3423,1126,1144,0,0,0,0,0,0,20250903
202508,8호선,가락시장,177,1,3879,2789,6489,7607,12460,15327,13480,39324,10448,16696,10772,11711,10783,11292,11293,10965,11724,11885,12658,11299,14531,11973,15326,14378,21161,17743,28388,21919,13044,15117,11000,11080,10282,8280,8367,7180,3929,4786,911,1712,2,546,0,0,0,0,20250903
202508,8호선,강동구청,30,0,5615,758,11326,5938,27732,15007,35011,32275,22386,14943,16486,11428,14297,10344,14600,11964,14722,13534,13745,12768,15077,15553,15982,18791,21294,24248,27285,33848,10714,23451,8220,15706,6870,14012,5116,12209,1952,7138,373,1894,0,0,0,0,0,0,20250903
202508,8호선,남위례,12,1,1904,1515,7109,5172,20021,8789,23154,21743,13171,11158,9250,6853,8462,6297,9110,6582,9475,8349,8941,7839,11033,8445,14462,11782,16111,16336,17433,24142,8707,17720,7360,11511,6821,9293,5120,9509,2144,5553,612,1175,0,0,0,0,0,0,20250903
202508,8호선,남한산성입구(성남법원.검찰청),110,6,10746,1615,20495,4475,47742,10044,56420,17955,31092,10997,20815,8991,18025,9056,17672,10359,16041,11586,14523,12234,14253,16643,15565,21325,18218,26480,18766,41419,9055,30859,6193,20642,4403,20762,2851,17853,1373,10798,214,3407,0,2,0,0,0,0,20250903
202508,8호선,단대오거리,59,1,10433,1618,18981,5519,44666,11029,51670,16282,27115,9441,17795,8357,16000,9642,16768,10848,15052,11769,13480,13623,13512,17545,15960,22849,18093,28543,19774,45355,9896,32864,6769,21701,5312,19141,3210,16839,1493,10309,329,3099,0,0,0,0,0,0,20250903
202508,8호선,모란,26,0,2232,642,3042,3789,8662,5190,10793,10987,7456,6833,7765,7372,8769,7080,9443,7287,9957,7220,10049,7207,10831,7646,12801,8769,12501,8144,11988,10225,6899,6122,4886,4380,4605,4102,3657,3547,1982,2334,646,1254,3,333,0,0,0,0,20250903
202508,8호선,몽촌토성(평화의문),8,0,1922,1665,4754,8855,12811,11284,19089,28753,12497,15004,8975,8716,8575,8145,8907,8572,8959,9437,9185,8674,10143,8939,15276,11742,18742,15012,24369,19072,11361,15254,9020,9689,8739,7745,7410,7278,3532,4481,777,1251,0,0,0,0,0,0,20250903
202508,8호선,문정,7,1,2551,3557,8052,11010,25668,59406,33219,168279,21108,75730,17155,29225,18683,19030,22317,20297,23806,21124,27015,19293,28798,19067,35908,22857,88887,27096,123587,39119,41269,27858,28323,17352,23752,14339,16977,13525,6556,7048,1251,1723,0,0,0,0,0,0,20250903
202508,8호선,복정,114,0,3771,2249,11727,9726,26673,10147,34252,17183,20743,11440,13157,7928,11235,6496,12359,8323,11144,8197,10442,8384,11791,10352,14879,13604,20659,20457,22651,29264,14057,19929,8906,13179,6829,12191,5504,11321,2284,4929,447,1033,0,0,0,0,0,0,20250903
202508,8호선,산성,15,1,5125,1195,11006,3057,26807,3861,28527,7742,15074,4984,10496,4765,8672,4498,8924,5204,8068,5869,7272,6815,7180,9307,8924,11537,8490,15901,6554,26202,3497,21181,2673,13125,1952,11984,1593,10464,699,6416,108,2260,0,0,0,0,0,0,20250903
202508,8호선,석촌,2,0,2620,904,5808,4628,15207,9687,22357,22452,14028,19179,11483,13970,11675,15185,13260,15764,13391,16851,13609,15533,14590,16846,15570,18415,19612,24738,21680,31352,13152,20961,11816,13084,12836,10548,10616,9189,4261,5266,619,1834,0,4,0,0,0,0,20250903
202508,8호선,송파,34,0,3130,800,10309,4757,29326,9712,34085,19666,22508,12248,17273,9627,16230,9560,15917,11075,15561,13420,13772,13922,15614,16494,16037,18976,16852,24197,18419,33364,10135,24466,7484,15416,5907,13737,5082,11703,1863,5894,250,1625,0,34,0,0,0,0,20250903
202508,8호선,수진,4,0,3928,480,6969,2382,16290,4241,20824,10837,12350,7287,8992,6426,8925,6810,9890,6938,9275,7949,8709,8138,9744,8835,12509,10009,9938,10682,8023,15356,4917,12769,3986,8392,3538,7679,2359,6876,854,4480,211,1393,0,7,0,0,0,0,20250903
202508,8호선,신흥,4,0,3977,583,7300,2570,17170,3425,20842,6673,12135,5026,8234,5536,7677,6087,7930,7991,7584,8759,7690,8926,9091,10070,10521,12365,9739,13993,8981,19200,5370,15029,4512,9699,2948,8409,1978,7690,984,4165,191,1296,0,1,0,0,0,0,20250903
202508,8호선,암사,128,0,14488,759,23422,5367,62848,8362,73448,18931,40836,14607,26899,11960,23956,15329,24154,16875,22311,17851,19577,19629,19262,26705,20306,30612,21611,40691,21559,62766,14043,43724,10714,27690,8062,23857,5850,23219,2262,12380,448,3730,1,118,0,0,0,0,20250903
202508,8호선,암사역사공원,4,0,3022,555,9335,2865,27061,6181,30166,7119,15713,4429,10146,4230,8824,4911,8783,6124,8333,6434,7759,7183,7788,7843,9832,10608,10646,15442,11244,21916,5753,17296,3811,11740,3182,9178,2348,10522,803,5135,164,1166,0,1,0,0,0,0,20250903
202508,8호선,잠실(송파구청),31,0,1763,3078,3703,12828,7549,37583,10882,86625,9114,57811,10012,43933,15251,45079,19402,44696,24713,45414,32086,40489,42179,41347,50682,39342,64787,42019,81404,46976,51616,24257,48642,13792,47341,8992,33328,6869,11585,4088,1976,1569,0,163,0,0,0,0,20250903
202508,8호선,장지,25,1,5819,3236,18934,11904,42147,26979,47221,45125,30734,33261,20853,20332,19489,21870,20611,21227,21370,20778,22355,20397,27539,22154,33460,26222,45399,32862,48544,48981,26934,29964,22286,19112,16297,16721,8132,14663,2779,8899,498,2056,0,0,0,0,0,0,20250903
202508,8호선,천호(풍납토성),98,2,10924,2172,16271,11690,41521,19192,53183,34172,32091,30041,22806,24373,22669,26289,24656,28130,25321,30806,25106,30006,28403,34204,32706,36898,39566,50124,40346,70201,27028,46848,23247,28388,17084,25978,13080,20665,6314,12926,1431,3778,0,0,0,0,0,0,20250903
202508,9호선,가양,76,0,16002,1643,28493,10073,74503,27910,76315,53144,42563,30570,33265,20252,31550,21117,33978,22265,30633,24532,27283,26589,29021,31560,34843,37081,44048,45643,50754,73321,23351,58976,17284,37931,14568,32068,9989,30472,4132,18536,643,5195,0,215,0,0,0,0,20250903
202508,9호선,개화,11,3,2501,468,7083,2677,11779,3313,9215,4302,3566,2397,3033,1850,2482,2116,2320,1865,2321,1985,2581,2558,2960,2568,4253,2421,5481,3484,5465,5336,2531,4575,1799,2443,1438,1854,560,2052,330,1352,84,424,0,37,0,0,0,0,20250903
202508,9호선,고속터미널,17,2,2573,1639,6495,13961,19123,19776,24853,31874,21196,34934,20162,40439,22596,43575,26643,43621,28210,44148,31577,45966,36093,46888,41078,50605,43366,55215,41102,62318,33163,41529,31231,29784,25695,25162,21386,23431,7978,9881,1046,2113,1,5,0,0,0,0,20250903
202508,9호선,공항시장,13,0,3145,288,4154,1412,8918,2338,11078,4896,6107,3632,4912,3189,4498,3381,4810,4053,4489,3665,3941,4040,4217,5265,4924,6007,5045,6863,4456,10846,2623,8159,2319,6116,1648,5533,1330,5199,775,3471,153,1253,0,76,0,0,0,0,20250903
202508,9호선,구반포,10,0,294,2479,802,16143,1322,2814,1862,3896,1369,2445,1086,1360,1656,1146,1640,1449,1690,1580,1736,1285,3194,1228,14143,1350,9116,1593,4663,2176,2031,1216,1212,816,921,712,734,734,247,352,59,166,0,1,0,0,0,0,20250903
202508,9호선,국회의사당,4,0,764,1743,2423,11546,4915,50617,8294,160406,7767,58641,10715,26625,14314,20665,17290,19552,19687,21427,24323,16288,25842,13624,37746,13612,77927,17205,106681,17003,37853,11296,24953,5970,23082,5116,16496,4256,6656,2519,700,914,0,1,0,0,0,0,20250903
202508,9호선,김포공항,8,2,538,2960,2434,13624,8643,15969,9679,20584,6930,20167,7726,21838,8368,23810,9354,28080,11366,27232,13201,25714,16078,23081,15610,25356,17436,29010,19306,27786,13478,16074,11922,6598,10357,4231,9939,3229,3242,2104,134,1564,0,134,0,0,0,0,20250903
202508,9호선,노들,3,0,3822,343,6827,1473,17701,2535,21933,4207,12468,3724,8942,3509,7527,3744,8089,4656,7227,5286,6339,5917,6061,7633,6994,9240,7579,13457,7019,19234,5672,13298,5962,8803,5104,7313,3576,7437,1346,3828,230,1158,0,0,0,0,0,0,20250903
202508,9호선,노량진,382,4,17993,1918,25813,13406,65554,36249,88280,58069,51004,36175,34283,23377,33051,26138,37005,30496,39958,35462,33862,31477,33802,34379,41452,42495,52122,64455,50158,91534,30687,58925,30661,42907,34491,41802,37152,42503,10924,23394,1282,6748,0,3,0,0,0,0,20250903
202508,9호선,당산,61,0,8836,1477,17151,7939,51564,16700,60819,44203,34680,24580,26264,16587,26173,18508,28507,19904,27123,22443,25204,21081,27064,25198,30417,31143,40587,44880,49124,65341,24807,48190,20484,32064,19545,31735,16718,29317,7861,18675,1435,5036,2,262,0,0,0,0,20250903
202508,9호선,동작(현충원),20,0,1026,266,1563,2324,4656,1970,5293,3298,3270,2475,2741,2394,2830,1830,3312,1873,3145,1991,2736,2053,2981,2348,3869,2509,4229,3294,3899,4637,2020,3059,1600,2131,1478,1948,1284,1875,546,1306,83,1183,2,213,0,0,0,0,20250903
202508,9호선,등촌,14,1,6501,1282,16280,5440,48624,9026,59120,20609,26608,13621,19484,12548,20473,12778,19473,14718,17943,15025,16125,16088,17882,19668,19255,22038,19314,33351,20016,48671,11002,38056,8765,20887,6715,18780,4824,16066,2262,9679,407,2825,1,0,0,0,0,0,20250903
202508,9호선,마곡나루(서울식물원),21,2,5038,1452,10716,11946,28896,26243,31008,61359,16436,27038,13214,17432,14480,15762,17481,17016,18429,16892,18906,15884,21704,16442,28557,19524,48064,26446,54594,38617,25283,29197,20812,18157,19332,17354,15620,15667,7189,10590,919,3582,2,406,0,0,0,0,20250903
202508,9호선,사평,2,0,1254,279,3468,2238,10928,5556,13307,7847,8554,4657,6805,4163,6357,4015,6801,4861,6753,6579,6251,5998,7086,7249,8960,7770,9475,9960,9170,12501,5355,9215,3348,6593,2574,6263,2024,6326,681,2908,155,681,0,3,0,0,0,0,20250903
202508,9호선,샛강,12,0,1635,1245,2651,4630,5713,17966,6539,37222,5316,14705,5461,8641,6491,7976,7311,7335,8302,8549,8943,7179,9486,6649,12054,8027,23032,10276,31779,13543,11942,7723,10370,4485,8954,3871,6896,3628,3296,2064,743,707,0,40,0,0,0,0,20250903
202508,9호선,선유도,6,0,2316,1622,6742,4523,24295,14366,27753,40453,12992,20308,9513,8043,9481,7980,10409,8059,9933,8048,10346,7858,10712,8900,13119,10882,27180,14332,36269,24528,13894,16411,8299,10252,6598,8239,4648,8073,1795,4605,305,1421,0,14,0,0,0,0,20250903
202508,9호선,신논현,49,1,4198,1595,12922,16984,30031,39701,38211,83848,29128,102886,27837,60295,34234,46473,40298,48042,44297,49923,48011,49506,54126,48751,67135,55794,87462,76056,105900,96714,81170,56774,62589,33259,65960,27831,57616,23883,27618,14250,4748,3829,0,696,0,0,0,0,20250903
202508,9호선,신목동,0,0,2459,421,6626,2826,20634,3967,19513,7365,10070,4526,6862,3042,6507,3586,6248,3762,5121,4538,5190,4327,5071,5678,6027,7333,7687,9088,7391,15995,3762,11330,2441,7150,1943,6915,1813,5632,669,3940,134,1077,0,89,0,0,0,0,20250903
202508,9호선,신반포,0,0,887,977,3011,8019,9163,9066,11087,11188,7416,7626,6164,5495,5771,4769,6796,5116,6904,6192,6358,6211,8895,6120,12528,6764,13021,9828,11517,12725,6550,10319,5022,6102,6168,4692,3826,5148,1075,2322,210,730,0,0,0,0,0,0,20250903
202508,9호선,신방화,2,0,5276,709,11664,2899,26963,5033,25876,11381,14437,8019,11516,6282,10166,6887,11214,7701,10141,8453,9024,9319,9970,10472,10564,12827,9910,17349,10799,23341,6438,20342,5103,12204,3702,10284,2568,11201,1098,6273,178,1998,0,1,0,0,0,0,20250903
202508,9호선,양천향교,4,0,4741,1172,11017,10180,30370,25698,31110,45416,15388,18096,12104,10031,12694,8710,14556,10133,13511,11340,12749,10032,14386,11379,18381,14287,32425,18592,37545,28902,13516,24347,8734,15184,6936,15414,4723,12838,2054,9911,429,2329,1,224,0,0,0,0,20250903
202508,9호선,여의도,16,0,3714,2928,4519,28080,9686,155186,11947,170034,12006,80032,16192,40530,24566,39883,26982,39676,33165,39792,38395,34371,50080,31629,68392,31577,170091,32578,164522,35424,78310,20107,65077,11387,47154,9383,26138,8669,8879,4564,1364,2052,0,310,0,0,0,0,20250903
202508,9호선,염창,25,1,13158,871,27786,5095,76045,8522,81144,18506,44929,12199,29998,11092,25831,12507,26154,14598,23368,16552,20108,18582,20171,23823,22658,28886,23432,46965,24623,71638,13722,58181,10855,37606,9214,32670,6502,33483,2722,19453,481,5971,1,300,0,0,0,0,20250903
202508,9호선,증미,3,0,2639,546,8286,2882,22710,10734,24635,47511,12670,18738,9797,6846,9467,6164,9567,6564,9195,7045,8057,7637,8677,8180,9906,9729,21617,13665,37971,20212,10434,14900,5810,9412,4793,7838,2602,8250,1065,4647,215,1346,0,1,0,0,0,0,20250903
202508,9호선,흑석(중앙대입구),3,0,3901,976,6534,5995,17749,12178,22037,20420,14793,14542,12777,11005,12763,10005,13766,11778,13744,12229,13166,11621,15156,12912,17644,14194,21611,21453,15474,27194,10006,18469,8250,12761,7586,10782,6492,10261,2665,5879,564,2057,0,11,0,0,0,0,20250903
202508,9호선2~3단계,둔촌오륜,1,0,2429,208,8518,1948,21723,3342,20887,3807,11549,2516,8314,2357,6382,2880,6543,3965,5823,4442,5073,5039,5171,6513,7478,7957,5765,11616,4473,19565,2904,15871,1878,10030,1724,8253,1222,9712,538,4414,106,1673,0,121,0,0,0,0,20250903
202508,9호선2~3단계,봉은사,5,0,2153,3345,5412,24510,9442,46890,10070,119395,9481,86465,11013,54395,18409,46538,25671,45591,31471,47353,38096,38879,49016,35571,67433,33405,95047,30957,120363,29338,60174,17880,43588,10804,38612,8765,23627,6039,6475,3720,878,909,0,0,0,0,0,0,20250903
202508,9호선2~3단계,삼성중앙,4,0,1018,623,3075,5128,5838,19014,7906,49328,6687,35059,6428,12789,7198,8567,8696,8974,9298,9109,9439,8291,11935,7966,15768,9024,28936,12029,46723,13179,19581,9330,11468,6053,9920,4824,7010,4687,2460,2514,558,1000,0,0,0,0,0,0,20250903
202508,9호선2~3단계,삼전,16,0,5440,675,7797,2919,22846,6668,36196,19191,23874,9747,14229,7067,12009,7242,11328,8801,11802,9231,10855,9501,11014,11271,11451,14237,14922,18277,18474,29449,8859,23485,6955,14560,5887,14371,4826,11288,1994,7751,378,2186,0,408,0,0,0,0,20250903
202508,9호선2~3단계,석촌,11,0,3547,489,10302,2857,24084,5717,33934,12673,22417,11792,15449,9796,13666,9882,14776,11539,15053,12214,13463,11580,14487,13410,16161,14722,18287,21839,18349,32418,11821,25187,10452,16781,11045,13686,8860,14674,4098,7625,629,2039,0,2,0,0,0,0,20250903
202508,9호선2~3단계,석촌고분,6,0,3256,526,7583,2621,18831,5913,32387,15820,20068,10172,12355,6532,10487,6951,11076,8236,10533,8442,9475,8801,9935,10056,10780,12634,13057,16748,16204,26796,7996,20659,6052,13101,5226,12205,4002,11464,1488,6373,272,2330,0,2,0,0,0,0,20250903
202508,9호선2~3단계,선정릉,14,0,954,1057,4236,6599,8728,20842,10492,59210,9086,46532,7643,20495,8640,13166,10787,12716,11496,13424,12782,11950,14398,10841,18729,10856,33936,13558,53952,14932,27806,10698,14870,7598,12853,7455,9856,6969,3711,4383,760,1274,0,5,0,0,0,0,20250903
202508,9호선2~3단계,송파나루,0,0,2175,260,4913,1546,13483,5202,21675,13710,13849,9574,7950,6817,7244,8204,8255,9938,8978,9502,8589,9474,9073,10601,9688,12486,11835,17899,15175,26208,8613,19249,7928,10786,8079,7952,6717,7420,2652,4135,502,1313,0,0,0,0,0,0,20250903
202508,9호선2~3단계,언주,0,0,1382,996,3006,7881,7353,24720,10118,69874,9905,52188,10564,22003,12210,13810,14090,12529,14504,16179,16677,13634,19656,12025,25385,12186,46275,14159,60428,15722,29585,10329,16764,7195,12377,7478,9378,5822,3311,3617,644,1302,0,74,0,0,0,0,20250903
202508,9호선2~3단계,올림픽공원(한국체대),1,0,2224,739,7753,4314,16867,6066,19439,16172,12737,10209,9439,9185,9224,10349,10648,12478,10965,18953,10135,20447,12476,29383,15596,29159,17006,25109,21307,26357,12504,20020,30580,11511,30196,11359,19571,10897,10541,6659,746,1765,0,14,0,0,0,0,20250903
202508,9호선2~3단계,종합운동장,5,0,1509,218,3924,2179,9722,6383,12652,12433,8772,10425,6780,6221,6922,6286,7485,6921,8268,8471,7755,8361,8410,9564,10330,12139,13571,15539,13723,18639,7922,11775,6716,7189,8708,7133,8822,5994,4720,3261,595,974,1,18,0,0,0,0,20250903
202508,9호선2~3단계,중앙보훈병원,10,0,5062,680,22899,6088,49609,13167,51540,23336,32013,15432,22619,14917,21339,10232,19503,12980,15699,14937,18570,13901,20057,13736,20277,15057,22825,24761,17554,40318,8037,30578,5586,18830,4641,16898,3239,19434,992,8177,176,2445,0,187,0,0,0,0,20250903
202508,9호선2~3단계,한성백제,4,0,1190,398,3826,1113,8329,2639,12048,8705,6937,5132,4487,3604,4195,3361,4736,3319,4714,4317,4711,3707,4880,4046,5552,5210,6917,6643,9241,10116,4382,8049,3600,4296,3201,4606,2296,3923,762,2495,169,816,0,0,0,0,0,0,20250903
202508,경강선,경기광주,0,0,3388,313,16697,2866,39826,5596,39498,8237,18863,5099,13939,4702,11612,5404,10880,6556,9870,7023,9066,8248,8723,10037,10344,14128,10001,19939,8475,33469,4473,29811,3647,18279,2597,14489,1744,11672,595,5664,69,93,0,0,0,0,0,0,20250903
202508,경강선,곤지암,3,0,1064,335,2931,2458,7050,4729,5828,5426,4583,1931,3625,2038,3827,2619,3517,2168,3713,3216,2908,2947,3569,3160,4199,4194,6442,5072,5318,6207,2346,4764,1677,3947,1043,3161,469,3006,138,1677,8,460,0,0,0,0,0,0,20250903
202508,경강선,부발,2,0,1349,54,3805,2047,7367,6492,5663,4832,5237,2403,4188,2251,4571,2381,3938,2631,3764,2828,3416,2665,4424,3307,4501,4309,7187,5289,5096,6391,3121,4958,2142,4787,1541,4756,719,3868,416,3675,20,1434,0,0,0,0,0,0,20250903
202508,경강선,삼동,0,0,1665,67,5083,1222,11108,1919,11531,2037,6752,1090,3837,1180,3552,1288,2831,1764,2644,1750,2218,2359,2152,3276,2315,4284,3202,7567,2585,8847,1339,7551,948,5045,587,4404,367,3131,131,1736,12,49,0,0,0,0,0,0,20250903
202508,경강선,성남,0,0,255,21,1708,784,5017,1568,5031,1918,2897,1058,2213,940,1887,1294,2026,1433,1699,1407,1567,1532,1879,2059,2128,2249,2661,3585,2072,4635,1305,2592,1161,2001,1001,1496,849,1156,341,565,29,118,0,0,0,0,0,0,20250903
202508,경강선,세종대왕릉,0,0,255,4,651,189,924,644,1079,671,821,456,869,367,681,614,698,587,689,380,612,683,608,628,633,780,772,775,616,988,364,765,180,577,124,526,51,458,9,247,0,85,0,0,0,0,0,0,20250903
202508,경강선,신둔도예촌,2,0,871,38,2730,559,5831,2361,4577,2907,3543,1401,2960,1058,2352,1371,2425,1308,2191,1392,2073,1688,2228,1997,2373,2577,3644,4148,3018,4067,1240,4611,901,2949,603,2430,227,2400,94,1297,2,384,0,0,0,0,0,0,20250903
202508,경강선,여주,11,0,2345,10,4907,996,9608,3004,7793,3433,7089,3759,6817,3058,5975,4966,5885,4390,5658,3527,6236,5345,5711,5263,5672,6139,5246,7769,4697,9102,2759,8078,2302,6918,1550,3622,712,6301,209,3755,1,1421,0,0,0,0,0,0,20250903
202508,경강선,이매,5,1,689,28,1733,1111,3285,1993,2819,2838,1600,1543,1454,1173,1313,1058,1698,1208,1223,1373,1330,1259,1556,1452,1804,1650,1972,2200,2015,2793,1229,1653,1260,1098,1185,887,1188,731,330,365,9,59,0,0,0,0,0,0,20250903
202508,경강선,이천,10,0,1093,66,3668,1714,8407,5649,6939,7470,6096,4430,5869,3774,5612,3801,5156,4612,4939,4481,5101,4690,5103,4963,6240,6041,6961,7136,7171,9221,3492,7896,3038,6365,2637,4873,1134,3759,722,2641,17,1090,0,0,0,0,0,0,20250903
202508,경강선,초월,0,0,1874,152,7697,1863,16870,3912,18336,4287,8161,1922,5996,2053,5311,2029,5198,2931,4352,2981,4024,3851,3826,4305,4592,6211,5415,7916,4488,14397,2334,10968,1763,7998,1312,6768,629,6739,287,4314,32,45,0,0,0,0,0,0,20250903
202508,경강선,판교,5,0,753,9,2603,7992,5634,18452,3308,37284,2308,19110,2644,13525,4890,10603,5846,8102,5372,6251,7194,6094,10161,5625,14755,7060,21576,6960,24962,6669,18683,3823,18883,2827,11295,1956,7018,1113,2006,771,2,261,0,0,0,0,0,0,20250903
202508,경부선,가산디지털단지,1249,15,6408,1997,7039,11606,15547,57537,16557,151005,11435,67337,10314,22380,11444,15549,13188,15759,13940,15358,14903,15494,18123,15384,27389,18507,76164,23913,104661,27944,40516,20387,24331,13904,20097,12912,12323,11498,5284,6980,186,1190,0,0,0,0,0,0,20250903
202508,경부선,관악,213,1,7592,1461,12803,3554,28949,7066,24718,11248,14095,9684,10301,9106,9233,7249,10617,6920,10207,6832,8951,7399,9004,9019,10068,11438,10767,16495,10372,26214,6291,18987,4851,11726,4067,10924,2385,9365,1044,6651,68,596,0,0,0,0,0,0,20250903
202508,경부선,광명,2,2,23,1560,3171,2837,10856,6191,9609,7903,6843,6119,3555,4147,7818,2629,5650,8270,5017,185,3515,8276,6615,3614,7479,4841,9217,6808,9868,11551,8117,6326,2852,4181,7395,2939,2663,4336,1136,40,3,1,0,0,0,0,0,0,20250903
202508,경부선,구로,11315,86,17737,4064,16815,14051,32974,30483,32666,60589,23302,34016,19211,26508,20314,24258,22045,22967,23278,23478,23625,22616,27837,24057,34807,27859,48852,35393,50170,38109,22942,25851,19164,18013,17234,17884,10245,15234,3806,11714,38,10141,0,3,0,0,0,0,20250903
202508,경부선,군포,98,4,5154,2264,8142,10379,16194,29663,14675,32566,9055,7410,7085,4275,7102,4233,6947,4739,6182,4942,5924,4974,7128,6216,10207,6965,22892,9982,28212,12833,9629,10385,7279,6636,3989,6282,2307,5461,1031,3316,50,537,0,0,0,0,0,0,20250903
202508,경부선,금정,798,10,23486,5542,37426,19724,85364,44008,80648,83574,50396,32847,36927,22035,33593,24883,35450,25200,33554,27996,31124,28263,33247,36549,39733,44809,65161,62377,70383,89903,33288,70074,26106,44381,21267,42991,15382,35967,7015,24011,565,9813,0,0,0,0,0,0,20250903
202508,경부선,금천구청,512,3,10325,1201,16654,5964,37384,14446,35538,25948,21222,11347,15738,8760,14069,9641,13650,10761,12957,11520,11712,11586,12225,14783,14079,18643,15526,27041,23773,38825,10033,27546,7354,15785,6071,15367,3864,12281,1302,7699,44,536,0,0,0,0,0,0,20250903
202508,경부선,남영,167,2,2455,1633,4810,7356,12469,17896,18692,40202,11305,23646,9566,12392,10343,11377,11632,11460,11783,12646,11789,12048,14730,12842,19687,14345,27202,18234,33509,24853,15489,15796,13840,11069,13482,9679,11164,9020,4919,4907,275,1100,0,0,0,0,0,0,20250903
202508,경부선,노량진,452,22,4734,2023,6948,6187,16269,7722,21214,13354,12008,10265,9801,8185,10994,9257,11616,10317,12731,10670,12283,10112,13093,11612,15009,16089,17171,23654,16735,34864,14147,19305,13872,12594,14423,11036,12955,10003,4731,6272,339,1406,0,1,0,0,0,0,20250903
202508,경부선,당정,38,1,4693,894,11039,3558,21923,8387,19163,13037,10601,5755,8073,4066,8105,4357,8771,4516,7409,5045,6704,4892,7330,6518,7650,8581,10519,12295,11658,19636,5030,14532,3929,10247,2932,8861,2459,9015,917,5871,80,1025,0,0,0,0,0,0,20250903
202508,경부선,대방,646,6,4486,2338,9243,10125,21910,32241,27126,40530,16083,19628,12833,10357,12358,9974,13473,10866,13089,12270,13317,10873,14454,12516,15512,15252,29497,21106,33780,30194,12698,18632,9447,13839,7455,13310,4965,11973,1963,7096,126,1743,0,1,0,0,0,0,20250903
202508,경부선,독산,668,3,7936,2163,18244,11472,44972,41061,44301,81643,22968,35905,17663,13064,17386,11381,18260,12158,17224,13263,16288,12512,17693,15786,28187,18594,50405,27095,59691,42859,24348,33452,15396,19692,10567,20383,6579,19545,2459,11113,119,726,0,0,0,0,0,0,20250903
202508,경부선,두정,939,5,4665,1499,10523,3524,15537,6876,14363,10331,12506,11185,11132,8900,10729,9014,10851,10523,10458,9653,11277,9924,12413,9657,13196,13001,14719,15378,14956,20211,8884,15318,7523,12631,6538,10029,4343,11551,2463,9184,42,2785,0,0,0,0,0,0,20250903
202508,경부선,명학,194,3,6372,1898,10129,7458,23243,22770,20051,41396,10918,11222,8073,6082,7856,5084,9019,5875,7838,6679,7703,6097,8734,6536,11838,8175,22021,11658,30617,18336,9113,15676,7757,9005,4994,7527,3317,7552,1318,5623,97,1098,0,0,0,0,0,0,20250903
202508,경부선,병점,3016,37,7640,3060,28524,11338,47126,19410,36438,24836,26747,14876,24287,11980,23392,13850,23937,13972,20803,15522,20021,18368,21930,21492,24577,27106,30243,36906,28407,46566,15896,39695,13229,29965,11270,23025,7460,22904,2691,15716,47,6906,0,0,0,0,0,0,20250903
202508,경부선,서동탄,0,0,1595,8,5666,650,9543,1270,3604,1014,2540,823,1676,665,2003,989,1541,865,1498,1025,1401,1315,1717,1727,1689,2115,1788,2725,1780,5011,810,5186,747,2480,490,1782,348,2364,140,1397,7,972,0,0,0,0,0,0,20250903
202508,경부선,서울역,13,3,57,789,128,5274,11517,9106,22533,10247,20967,8911,15188,7500,22751,5222,22768,7398,20528,6222,8625,6089,23367,7247,19963,7723,27331,10325,28262,10642,27221,8189,17777,5680,24551,4686,18464,3968,11831,870,1917,104,0,0,0,0,0,0,20250903
202508,경부선,서정리,69,4,4952,2404,12786,7104,16552,13183,15227,17261,13226,8621,12687,7557,12976,8072,13797,10486,12183,10493,12887,10440,14358,11605,17371,16734,26498,19374,17597,18880,9814,17800,8117,14702,6354,10404,4639,11236,2421,8216,100,705,0,0,0,0,0,0,20250903
202508,경부선,석수,449,0,7376,2486,14648,5694,31129,10450,28685,12077,15755,8210,11989,6327,10884,5335,10674,6066,10118,6653,9079,7848,10598,10174,11731,11622,14781,18197,12733,27482,7439,20909,5351,12873,4100,12820,3018,11005,1104,6581,66,478,0,0,0,0,0,0,20250903
202508,경부선,성균관대,274,7,9042,2437,27316,7160,63917,9623,49507,21265,25401,16992,20287,12689,18693,12988,20148,13051,18217,16715,17174,15496,18841,19238,23746,24117,24718,35822,22841,57005,14987,43315,11970,28153,10514,25089,8702,21873,4071,15639,222,2299,0,0,0,0,0,0,20250903
202508,경부선,성환,24,0,1968,847,3747,2946,6240,9715,6858,9119,7426,4445,6804,4011,5815,4422,5951,5494,6750,5074,7178,5096,8326,5816,8609,6606,12301,7409,8842,7836,4594,5920,3679,5545,2141,5483,1069,5365,588,4818,79,1060,0,0,0,0,0,0,20250903
202508,경부선,세류,613,4,3871,646,8942,2867,15824,3832,10729,3972,5797,3209,4818,2667,4227,2978,4512,3046,4139,3497,3546,3475,4128,3997,5335,5501,6519,7069,5046,12172,3210,9397,2677,7175,2394,6802,1429,4997,504,3100,14,916,0,0,0,0,0,0,20250903
202508,경부선,세마,236,3,2177,1114,6440,2632,10414,4741,9121,8720,6241,2712,4915,2100,4417,2683,4577,2501,4743,3187,4246,3237,4607,3149,5544,6156,7102,8040,7904,8847,3083,8055,2383,5512,1858,5560,1224,5204,550,2591,85,238,0,0,0,0,0,0,20250903
202508,경부선,송탄,93,2,5246,969,7734,3211,11890,5389,10379,7682,8604,4335,7931,3713,7891,4621,7724,4571,7300,4973,6340,5836,7540,6941,8623,8168,8388,10530,9120,11741,5649,11781,3877,9632,3200,8246,1959,6682,1015,6359,58,483,0,0,0,0,0,0,20250903
202508,경부선,수원,2306,69,19454,4748,36130,30157,68145,50554,60016,70597,45200,65459,44740,70992,50035,71467,55851,83917,58578,77223,60885,77223,75081,77324,90929,86801,92005,96519,97365,121558,78792,84194,88910,52845,68679,41282,60831,33311,23233,22292,697,7048,0,0,0,0,0,0,20250903
202508,경부선,신길,951,7,8168,1343,10245,4868,21998,17120,29210,25856,16463,11244,11233,7237,9849,6565,11600,7603,10664,8747,9476,8428,10401,10080,12262,11800,18731,15482,25995,21217,10029,14465,7718,11055,5913,11090,4936,9879,1781,5924,112,1663,0,3,0,0,0,0,20250903
202508,경부선,신도림,504,5,1968,888,3389,3120,7914,7099,9658,13340,5779,7306,4418,4466,3894,4194,4373,4508,4223,5448,4330,5096,4707,5851,5894,6629,9544,9070,12165,12710,5939,7317,4367,4836,3749,4513,3081,3638,1524,2478,72,1691,1,11,0,0,0,0,20250903
202508,경부선,안양,399,10,15253,2945,35849,11226,82471,16974,69254,31858,39095,26275,31647,23755,30226,27320,32991,26300,31886,31746,31525,27891,35155,35690,39272,40169,37465,56498,33046,82071,22170,59814,18875,36859,17057,30458,13099,24497,5985,18125,311,2309,0,0,0,0,0,0,20250903
202508,경부선,영등포,4081,95,13491,6690,15438,23165,37445,58305,56860,122602,37362,91391,40646,78224,48043,87586,56029,92069,62166,96208,63667,83342,89894,79493,107825,81274,125530,90563,162378,102867,96581,65710,96991,39947,71965,32665,56967,26838,23975,15208,861,4244,0,9,0,0,0,0,20250903
202508,경부선,오산,548,5,6998,1903,16200,10384,23674,25197,23679,19412,18394,12723,18107,11600,17675,10535,18173,13143,16258,13512,16504,14032,16945,18181,20916,20737,23510,25295,24191,30442,15964,22960,12011,18664,8433,14999,4797,11046,2078,8434,114,724,0,0,0,0,0,0,20250903
202508,경부선,오산대,181,0,2777,958,7456,2701,11797,4075,9576,7991,6144,3205,5280,3404,4722,3231,4808,3068,5450,4017,4742,3936,5018,3608,6156,6005,7097,7709,8555,12202,3696,9598,3247,6016,3256,5457,1888,4686,1052,2842,112,204,0,0,0,0,0,0,20250903
202508,경부선,용산,536,10,4448,5552,6199,35332,21067,82238,33052,139666,49153,117980,34227,99407,59409,97028,60061,107957,78495,106522,69635,101058,118215,100860,134224,102634,145073,106665,170367,105407,122367,68772,124338,45404,122500,30784,83373,17163,28000,7714,1282,2326,0,0,0,0,0,0,20250903
202508,경부선,의왕,179,2,6254,2495,12684,8708,24652,31009,24429,25225,13070,10138,10187,6214,9867,6518,10497,6218,9349,7779,8691,7069,9772,9376,14594,12280,27222,16626,23034,24550,10860,18031,8719,12355,5838,11055,3568,9456,1491,6294,94,1117,0,0,0,0,0,0,20250903
202508,경부선,직산,40,0,758,379,1622,1255,2412,3075,2197,3255,1871,1227,1673,1064,1531,934,1391,1015,1373,1093,1208,1173,1679,1194,1499,1614,3641,2091,3147,2167,1210,2162,1027,1582,689,1252,403,1234,195,1012,27,168,0,0,0,0,0,0,20250903
202508,경부선,진위,37,0,956,295,1507,2823,2661,8004,2376,6849,1961,2447,1687,2031,1668,1080,1770,1024,1736,1151,1727,1146,3603,1530,3605,1637,7287,2199,6733,2758,2841,2123,1653,1668,936,1333,559,1143,226,911,14,56,0,0,0,0,0,0,20250903
202508,경부선,천안,1467,6,2849,842,5837,3692,11289,6393,10140,11399,13805,12201,11596,11060,12897,12795,11744,13557,12194,13536,15366,12426,13969,14163,14957,13407,14096,18229,12894,15909,9731,11328,8440,9218,6064,6896,3610,5469,2307,3313,24,2611,0,0,0,0,0,0,20250903
202508,경부선,평택,206,5,7984,3293,13665,9515,23458,15127,24194,21499,22339,19725,22863,17609,21956,21680,21106,21866,23321,20775,22531,23674,24765,25027,26763,30316,29619,33461,26732,34078,20104,22580,21185,21330,14612,15902,12571,12838,6974,7111,104,2219,0,0,0,0,0,0,20250903
202508,경부선,평택지제,21,0,2390,3095,5114,6837,10391,11066,9222,6833,6402,4976,5694,3883,5626,4436,6393,4536,4839,4012,5220,4655,7263,5467,7292,7108,12198,8178,8942,9979,6543,8691,5194,6409,4317,5828,4848,5451,2782,3323,35,315,0,0,0,0,0,0,20250903
202508,경부선,화서,468,26,9294,1167,23166,4119,42537,6344,31583,12239,14552,11102,12110,12836,11219,18050,12056,19733,12362,21920,14063,18784,18309,19672,22217,21141,23017,26883,22182,43822,17343,30547,14481,18428,13372,13541,11122,11691,1938,8180,82,1374,0,0,0,0,0,0,20250903
202508,경원선,가능,559,7,8180,1568,10665,3698,22348,7056,19447,11982,12328,7605,11836,6019,10799,7737,10521,7610,9059,7840,8187,7203,8819,9813,9627,11377,11684,13975,8607,18199,5544,17669,4663,11743,3696,8691,2603,7892,1051,4985,205,1964,0,5,0,0,0,0,20250903
202508,경원선,광운대,2426,10,6889,1349,14111,2844,29839,5731,27273,9613,15348,8195,12353,7655,11747,7552,11707,9388,11143,9635,10150,9450,10876,11453,12072,13786,11666,17289,10257,24820,6548,19687,5135,13300,4586,11631,3510,11026,1809,9225,134,4898,0,0,0,0,0,0,20250903
202508,경원선,녹양,592,4,5226,1039,7440,2279,14729,4741,13112,7390,8569,4517,8005,3448,7242,4720,7541,4951,6125,5147,5378,4643,6022,6212,6580,7059,6810,9380,6734,12451,3415,11747,2828,8161,2114,5944,1213,6106,557,3533,83,1437,0,2,0,0,0,0,20250903
202508,경원선,녹천,1474,37,4330,773,7923,1676,19215,4050,17174,4358,9328,2565,8162,3245,6477,3165,7216,4051,5634,4182,4718,4740,5368,5268,6208,6978,5725,8738,4691,14076,2965,10760,1971,6935,1608,6416,1217,6012,426,3143,32,930,0,0,0,0,0,0,20250903
202508,경원선,덕계,43,1,6342,712,15683,3237,27196,4099,25531,6688,12739,4836,10365,3379,8603,3843,7699,5008,7480,5532,6169,5613,6368,8178,7077,10651,7215,15416,7560,22312,4365,18177,3243,12428,2724,11547,2131,7500,1218,6492,242,2208,0,2,0,0,0,0,20250903
202508,경원선,덕정,28,1,5285,1086,10416,4912,19974,7499,19107,11936,11582,7056,10466,5605,9735,5795,9526,6502,10826,7220,7529,7073,8796,8884,8677,9636,10486,12802,10031,15959,5070,14115,3472,8914,2646,9325,1974,6796,1076,5101,276,1880,0,1,0,0,0,0,20250903
202508,경원선,도봉,379,6,6587,1170,9689,3431,18311,4555,17170,10928,12950,8007,11823,7299,10561,7272,9910,8327,9789,8015,9090,8516,9224,9987,9416,11831,9510,13749,10415,16203,4555,13118,3273,8613,2509,6841,1673,6415,759,3948,176,1368,0,0,0,0,0,0,20250903
202508,경원선,도봉산,396,7,6634,1253,9397,3330,20131,4985,20203,7380,14684,11012,13009,12559,12702,12164,14183,13244,15965,9952,17179,9035,18342,9212,18180,9621,16561,9378,13936,10184,8956,8113,5486,5375,3399,4731,2164,4073,1055,2612,214,1199,0,0,0,0,0,0,20250903
202508,경원선,동두천,28,0,1166,585,2483,2039,3998,4455,4813,3695,3937,2174,3275,1937,3375,2533,3010,2838,3132,2857,3055,3152,3977,2794,3710,2711,3565,3452,3517,3737,1684,2732,1078,2690,588,2150,379,1706,226,1646,25,580,1,3,0,0,0,0,20250903
202508,경원선,동두천중앙,54,1,2587,581,4418,1771,7630,4323,7620,9742,5626,4200,5727,4651,5406,4859,6239,4337,5277,4465,4973,5086,5443,4889,5989,5289,6014,5622,6147,6248,2934,5068,2160,4060,1551,3376,891,2904,501,1928,38,1191,0,0,0,0,0,0,20250903
202508,경원선,망월사,575,9,7903,1194,12312,3517,26250,5231,23250,11193,16762,9477,13983,9063,12612,9026,12725,9948,11932,9364,10449,9875,11025,11914,11269,14747,11492,17918,9498,23200,5742,20930,4543,13240,3558,11235,2596,10366,1133,6407,225,3201,0,1,0,0,0,0,20250903
202508,경원선,방학,627,7,11574,1753,14917,5707,30615,9220,27405,19715,19051,12194,16613,12261,15898,11049,18058,12045,15007,11847,13752,14349,14650,16929,15250,19591,16026,22917,17876,28144,10103,24441,7430,14864,6432,12591,4165,11358,2204,6670,297,2064,0,0,0,0,0,0,20250903
202508,경원선,보산,97,1,1332,448,2076,1367,3495,2029,3714,2882,3320,1616,3163,1589,2917,1766,2691,1631,2312,1664,2538,2364,2855,2438,4081,2933,4361,2963,2888,3899,1659,3986,1408,3385,958,2291,473,1821,245,1529,10,612,1,8,0,0,0,0,20250903
202508,경원선,서빙고,73,1,1055,734,2169,4935,3075,4207,3561,8928,3193,3677,3356,3242,2759,2501,3460,2595,3654,3564,3409,2688,4175,3983,6965,3155,8180,3192,7054,4245,2921,3627,2472,2137,2797,1852,1483,1512,396,900,14,270,0,0,0,0,0,0,20250903
202508,경원선,석계,1579,22,5635,2210,10430,5494,20545,4992,22007,7166,15371,6258,13199,6677,12597,8006,12019,9105,11310,10317,10286,10508,9942,14785,11112,18236,12184,21700,9533,32470,6857,21211,5785,15824,5389,13495,4327,11925,2190,7247,110,1844,0,1,0,0,0,0,20250903
202508,경원선,소요산,163,5,513,634,680,1047,1811,1512,2749,2681,2430,4801,2921,8274,3924,10429,5507,10083,7925,7775,9588,6695,10714,4724,9360,3636,6751,2591,3711,1973,1288,1546,966,1174,331,760,153,682,140,491,5,407,0,2,0,9,0,0,20250903
202508,경원선,신이문,1669,23,8291,1069,14009,2959,32245,4180,35122,7857,21591,6056,15360,6081,13519,7595,12609,8351,11534,9163,9995,9598,9963,13775,10289,16821,9768,20151,8835,29522,5569,21466,3951,15295,2781,13434,2146,12744,1005,8121,92,1960,0,0,0,0,0,0,20250903
202508,경원선,양주,2021,7,5769,1631,11045,5641,26914,10337,20957,8791,16661,7071,14820,5991,13824,7209,12576,8673,11377,8977,10081,9529,10131,11188,10567,11505,11421,17921,10999,20249,5850,19006,3800,14758,2712,9995,1688,9669,751,5627,114,2821,0,7,0,0,0,0,20250903
202508,경원선,연천,10,2,262,9,811,693,1465,1194,3969,2982,2627,2524,1988,3270,2144,4680,3262,4418,4297,3894,4610,3485,4786,2566,4103,2200,3071,2140,2190,2318,996,1777,669,1082,302,622,105,507,64,412,0,252,0,0,0,0,0,0,20250903
202508,경원선,옥수,0,0,1,9,7,52,37,24,103,255,31,13,28,162,25,201,19,86,16,45,18,15,29,33,366,46,379,32,53,42,322,26,27,20,57,6,27,4,12,2,3,0,0,0,0,0,0,0,20250903
202508,경원선,왕십리(성동구청),1051,10,5859,1538,9075,5948,26554,12827,40340,20152,27304,19429,17797,20199,19977,23497,24151,25498,26531,26195,27278,26847,30372,29849,34536,35328,37864,47422,35221,65155,28025,45083,28189,28575,30033,23546,25184,23159,10750,11285,1198,4175,0,0,0,0,0,0,20250903
202508,경원선,외대앞,482,24,4673,2273,9661,9398,25247,6214,27692,14158,16774,11738,13751,9438,13515,9811,14851,10857,15173,11513,14573,11545,18114,13795,21195,15622,20451,19781,14918,28943,10220,22620,8173,15526,7193,15327,5701,15476,3118,11404,176,2765,0,0,0,0,0,0,20250903
202508,경원선,월계,1095,9,5032,1409,9279,2554,22833,5560,21438,10757,14288,6015,11744,5537,9968,6004,9858,6888,9170,6930,8528,7644,9313,9069,10581,11540,8276,13130,8005,20994,4881,15091,3505,9735,2981,8879,2387,8068,905,4961,72,1178,0,0,0,0,0,0,20250903
202508,경원선,응봉,129,1,1345,233,2907,1040,6523,1310,6337,1968,4429,1858,3463,1587,3152,1501,2712,1861,2286,2022,2192,2604,2569,2575,2729,3770,2888,4326,2598,5394,1572,4198,1346,2858,1010,2253,654,1921,307,1115,22,374,0,0,0,0,0,0,20250903
202508,경원선,의정부,3541,23,10842,2493,28973,7932,45496,13192,43552,34867,28241,36989,25424,29410,27761,32025,29314,33572,30271,36618,32713,32239,36531,32169,38651,34994,42201,42744,43827,52999,27555,48038,26460,30009,18219,24243,14139,21417,7587,16407,1121,8571,0,2,0,0,0,0,20250903
202508,경원선,이촌(국립중앙박물관),58,2,1303,548,3715,2835,8550,4802,9534,8197,7891,5182,6684,4158,6495,4348,6497,4453,6671,5118,6305,4666,7342,5329,8876,5686,9707,6638,9289,8706,5109,6401,4795,4674,4208,4317,2724,3886,965,2299,89,642,0,0,0,0,0,0,20250903
202508,경원선,전곡,8,2,603,33,1462,840,2988,835,4922,2115,2991,1577,2901,1539,2592,1768,2830,2160,2447,2030,2367,1994,2294,1961,2483,2690,2091,3064,2015,3570,1306,3314,1257,1745,618,1352,393,1089,263,1010,12,704,0,0,0,0,0,0,20250903
202508,경원선,지행,80,0,5002,1108,10517,2876,18376,5221,20283,10803,14000,6780,12821,6703,10814,7075,10505,7142,9416,8093,9548,10375,9811,12053,9816,13525,10088,16775,10169,19444,7265,16642,5952,12546,5155,10010,3305,8543,1997,5936,234,3667,0,3,0,0,0,0,20250903
202508,경원선,창동,0,0,0,0,0,0,0,0,5,0,9,0,6,0,8,0,6,0,12,0,3,0,4,0,4,0,17,0,4,0,5,0,4,0,3,0,1,0,2,0,0,0,0,0,0,0,0,0,20250903
202508,경원선,청량리(서울시립대입구),1521,27,5256,2380,8013,14335,27914,16821,40338,22651,30310,33295,37136,30459,31781,40978,33302,34881,34416,35161,35138,40527,37649,37168,38838,41346,38499,41426,40050,52323,32271,36167,25919,21379,19443,19673,11005,13795,7447,7098,311,3020,0,0,0,0,0,0,20250903
202508,경원선,청산,1,0,135,2,226,200,573,222,567,254,264,306,375,278,301,312,355,226,280,236,319,222,240,184,357,253,359,271,317,309,160,372,115,176,40,141,12,69,11,100,0,55,0,0,0,0,0,0,20250903
202508,경원선,한남,145,2,878,731,1614,5037,2608,10678,2858,13827,2783,11329,3407,6179,4367,4454,4779,4630,4081,5202,5499,3858,6703,4222,8325,4567,13532,5497,12487,5761,7024,3958,5193,2242,4899,2145,4458,1289,1645,792,111,267,0,0,0,0,0,0,20250903
202508,경원선,회룡,1892,28,15018,2366,28130,6430,52911,9688,46095,14179,30078,11965,25840,12159,23393,14069,22847,16513,18878,16842,16865,17950,16596,21869,16508,26031,15545,33212,12653,43178,8025,38788,6795,24080,5552,19183,3429,16065,1518,10555,260,4842,0,2,0,0,0,0,20250903
202508,경의선,가좌,39,2,3176,344,7897,3477,21316,4033,23885,10253,12390,7236,9248,5729,8567,5281,9185,6872,7612,7654,7618,7681,8020,8063,8966,11579,9293,15530,9449,20185,5670,15942,4123,9732,3313,6996,2609,5822,1008,4579,22,522,0,0,0,0,0,0,20250903
202508,경의선,강매,0,0,2258,345,6971,1046,17658,1275,15661,3199,7820,1249,5273,1386,3987,1388,3740,1680,3210,2091,2709,2450,2650,3368,3092,4478,3093,6715,3232,10602,1216,9480,840,5949,758,5955,442,5329,221,3063,3,922,0,0,0,0,0,0,20250903
202508,경의선,검암,0,0,0,0,0,0,0,0,0,0,0,0,1,0,0,0,0,0,0,0,0,0,0,0,0,0,1,0,1,0,0,0,1,0,0,0,0,0,0,0,0,0,0,0,0,0,0,0,20250903
202508,경의선,계양,0,0,0,0,0,0,1,0,0,0,1,0,0,0,0,0,0,0,0,0,0,0,0,0,0,0,1,0,0,0,0,0,0,0,0,0,0,0,0,0,0,0,0,0,0,0,0,0,20250903
202508,경의선,곡산,19,0,323,174,971,843,1458,1541,1287,2510,1031,888,863,691,790,601,726,762,758,677,938,741,1037,844,1122,1010,1626,1270,1901,1782,735,1044,498,725,415,656,223,535,77,376,12,92,0,0,0,0,0,0,20250903
202508,경의선,공덕,16,0,769,98,1707,2192,4347,7438,5292,17881,5394,8782,5984,3559,6223,3673,6317,4211,5870,3740,6165,3827,6459,4204,7668,4920,12264,6592,17512,6958,8586,4807,7171,4261,6872,3750,5436,3119,2361,1832,168,265,0,0,0,0,0,0,20250903
202508,경의선,금릉,130,0,3418,286,9194,2589,16194,5230,13176,9399,9033,5231,7805,4374,7589,4297,6888,4760,7038,5856,6293,6185,6821,6672,7540,8812,9612,11067,9723,13089,4665,13675,4160,8201,3024,7449,2238,6880,517,5201,40,1525,0,0,0,0,0,0,20250903
202508,경의선,금촌,166,0,3694,331,9172,4402,17239,8770,16916,14845,12065,8633,10626,7734,11282,7016,11897,8963,10798,9056,9717,8504,10900,10169,12372,12516,13610,14822,15273,16619,7440,14609,5565,10639,3885,8798,2567,7586,604,5786,120,1551,0,0,0,0,0,0,20250903
202508,경의선,김포공항,0,0,0,0,0,0,0,0,0,0,0,0,0,0,0,0,0,0,0,0,0,0,0,0,0,0,0,0,1,0,0,0,0,0,0,0,0,0,0,0,0,0,0,0,0,0,0,0,20250903
202508,경의선,능곡,179,0,4022,758,8667,2110,19835,3182,16039,6800,9340,4532,7346,4202,6459,4887,6350,4805,6264,4584,5569,5355,5682,5907,6564,7768,7020,10269,6239,14748,3859,12121,2917,7351,2322,7388,1363,6771,706,4133,47,1992,0,0,0,0,0,0,20250903
202508,경의선,디지털미디어시티,4,1,1206,435,3111,1634,8151,2038,9523,3735,5334,2811,4434,2179,3763,2307,4052,2521,3596,3142,3751,3016,3735,3397,4642,4464,4992,7080,5239,9522,3058,7043,2062,4810,1702,4215,1376,3770,700,2507,47,361,0,0,0,0,0,0,20250903
202508,경의선,문산,1303,3,2865,34,7753,2571,16111,7513,17145,12315,11487,5692,9270,7137,9974,7783,10243,8472,10286,8999,10265,6791,10443,10918,11359,10448,12730,12459,11132,13777,5587,15212,4287,9558,2975,7519,1960,7166,137,5872,0,2706,0,0,0,0,0,0,20250903
202508,경의선,백마,321,1,5299,658,15944,4456,32365,6473,23536,10128,13357,5813,10659,5065,10187,4695,9598,5711,8957,6917,8218,7172,9159,8427,10779,10624,11171,14971,10677,27746,5149,23292,3913,13858,3356,13213,2895,11957,778,7889,86,1608,0,0,0,0,0,0,20250903
202508,경의선,서강대,2,0,505,133,1609,1575,2743,2321,3714,7640,2949,5316,2737,3064,2876,2722,3304,2981,3464,3214,3313,3257,3519,3552,4197,3687,6228,4184,6024,4500,3671,3024,3302,2618,3215,2352,2845,2099,1189,1210,13,154,0,0,0,0,0,0,20250903
202508,경의선,서울역,2,0,586,17,939,7012,2625,18458,2792,27980,1760,14349,1548,6042,1846,3837,2380,3652,3004,4887,3247,2650,4959,2498,7098,3072,12742,4217,19829,4649,7722,2484,4824,1391,4445,1167,700,153,1638,798,1,132,0,0,0,0,0,0,20250903
202508,경의선,수색,1,0,1606,286,3743,2523,7551,5398,9359,13988,5425,6922,3940,3494,3435,2746,3538,3311,3374,3729,3349,3068,3695,3314,4596,4113,8397,6926,10641,6987,4826,6329,2882,4429,2135,3579,1651,2817,622,2222,22,434,0,1,0,0,0,0,20250903
202508,경의선,신촌,0,0,314,5,220,1296,549,5005,509,6182,808,3842,705,1570,689,1078,906,1132,866,1740,850,1021,1326,858,1861,1050,4531,1246,4849,1702,2023,891,1076,678,1153,353,793,147,421,440,2,69,0,0,0,0,0,0,20250903
202508,경의선,야당,156,1,5713,412,14342,2628,26753,4655,22931,8653,13548,7687,10975,6502,10236,7111,10856,8476,10006,8709,9184,11711,9970,11117,10916,17420,11604,22659,10591,31854,8692,25829,8945,13419,9364,13877,9219,10273,4332,7997,903,2095,0,0,0,0,0,0,20250903
202508,경의선,운정,84,0,4344,629,15208,6942,24928,6679,24025,10036,12683,6477,9897,4984,9104,5501,8819,5775,8036,5191,7405,7852,8354,7477,10653,12834,12370,15162,10337,20690,5671,16905,4476,10550,3242,9794,2734,8194,823,5321,106,1373,0,0,0,0,0,0,20250903
202508,경의선,운천,0,0,0,0,0,0,0,0,0,0,75,30,24,9,5,0,0,1,0,0,0,0,3,9,15,1,47,67,0,0,0,0,0,0,0,0,0,0,0,0,0,0,0,0,0,0,0,0,20250903
202508,경의선,월롱,80,0,515,25,891,2454,1779,7458,2090,7969,1722,2600,1697,1709,1964,1495,2537,1701,2386,1444,2456,1242,3893,1730,4837,1676,7824,2478,8400,2349,3324,1961,2405,1975,1614,2211,764,1985,93,1498,7,692,0,0,0,0,0,0,20250903
202508,경의선,일산,1269,5,8416,836,25274,4003,45907,8310,32603,15252,20193,9912,16585,8299,16574,9939,14964,11236,14183,12011,13256,12449,14096,13882,18299,16488,14467,25187,13031,35551,7769,35983,6018,18874,4751,18466,4690,16545,1229,9843,162,3525,0,0,0,0,0,0,20250903
202508,경의선,임진강,0,0,0,0,0,0,0,0,0,0,64,405,86,225,0,0,0,0,2,1,2,2,185,180,120,23,654,43,0,0,0,0,0,0,0,0,0,0,0,0,0,0,0,0,0,0,0,0,20250903
202508,경의선,탄현,40,0,6306,446,18733,3104,33154,5540,24350,8229,15389,5579,11442,5089,10607,5177,10586,6232,9681,6622,8795,8677,9235,9233,10057,11779,10516,17565,10253,28055,5509,27153,4490,13359,3926,15083,2957,10550,992,7790,143,2203,0,0,0,0,0,0,20250903
202508,경의선,파주,197,1,693,5,1335,821,2506,2486,3048,3258,1764,869,1791,1084,1649,1012,1514,1001,1735,947,1570,899,1809,1385,2090,1405,3467,1515,3747,1954,1236,1829,825,1398,675,1192,192,1060,37,770,4,402,0,0,0,0,0,0,20250903
202508,경의선,풍산,586,5,4251,379,11174,2688,23183,4516,19433,7715,12589,6909,9730,5731,9303,7692,8952,7047,8796,7870,8833,6422,9403,8406,10135,10522,10347,14085,9228,21246,5310,15345,4968,12755,4750,9960,2768,9472,1039,6293,106,1535,0,0,0,0,0,0,20250903
202508,경의선,한국항공대,1,0,679,638,1446,1684,3870,2063,3447,5422,2803,3844,2072,2586,1927,2297,2168,1944,2346,2027,2482,2056,2537,1979,4183,2079,4805,2911,4692,3125,2550,2821,1751,1942,1382,1532,1055,1691,661,1256,57,317,0,0,0,0,0,0,20250903
202508,경의선,행신,4,0,4058,1563,13212,3998,33257,5209,28052,9841,14521,6543,11088,5688,10749,7115,10024,7532,8405,8476,7551,8163,7674,9191,10657,13447,12355,19367,9897,33940,6113,24250,6616,13384,6292,12559,5180,10574,2256,6247,93,2035,0,0,0,0,0,0,20250903
202508,경의선,홍대입구,10,1,461,118,843,496,1237,1947,1734,6257,1571,5329,1671,4846,1835,4911,2519,6770,2897,6138,3527,6516,4358,6064,5524,7032,7266,6406,7468,7121,6646,4908,6135,3298,6654,2600,6776,2398,2623,1341,60,194,0,0,0,0,0,0,20250903
202508,경의선,효창공원앞,2,0,801,377,2240,2985,5271,5916,8555,16210,5614,8379,3818,4156,3871,3453,4221,3851,4058,4022,3685,3935,4430,4209,5348,5005,8823,6329,12971,8757,5013,6200,3464,4948,2598,4451,2083,3911,984,2705,43,281,0,0,0,0,0,0,20250903
202508,경인선,간석,531,7,6155,1143,10403,2577,20387,4398,18458,8474,11202,5138,9417,5330,9094,5407,9189,6047,8486,7222,8004,7500,8466,8044,8738,11231,8755,13661,9081,17747,4997,16125,4065,10245,3099,8147,2273,7535,1183,5348,157,1851,0,0,0,0,0,0,20250903
202508,경인선,개봉,1548,9,17714,5017,38862,11405,88818,14487,82701,21843,49194,21134,36818,17065,32785,21209,33614,24587,30553,25714,27145,27582,27919,34731,30434,45817,31226,61827,28790,89520,19131,62876,15913,41656,13703,35860,9746,31656,3745,17609,63,1881,0,0,0,0,0,0,20250903
202508,경인선,구일,386,3,4375,2432,10453,7297,23712,7925,21583,10039,12669,7125,10027,6469,8810,9005,8991,16049,8487,21281,8015,13965,10028,16104,14301,23210,26101,41737,11612,38098,7033,19766,16777,10775,42075,10244,12528,8121,2533,5807,39,639,0,0,0,0,0,0,20250903
202508,경인선,도원,744,23,2004,2154,3419,2970,6906,5034,6779,13723,4613,3332,4401,4280,4540,3406,4940,3509,4342,3698,4121,3723,6168,4065,9343,5113,7556,6139,6827,8014,2652,7178,1945,4008,3434,3276,3002,2769,450,2052,28,1177,0,0,0,0,0,0,20250903
202508,경인선,도화,408,1,4350,569,7182,1721,14490,3935,11761,6364,8436,4046,7488,4017,6796,4293,6485,4961,6256,4941,5674,5331,5796,6111,6242,8334,6221,9483,6414,10253,3133,9997,2561,6245,2158,5087,1412,4337,679,3606,44,1626,0,0,0,0,0,0,20250903
202508,경인선,동암,747,18,20335,3054,26645,6696,53382,11974,49634,15828,31159,14112,25349,14173,23371,16524,24211,17607,22614,18114,19766,18245,19731,22810,21323,31078,22863,41176,20618,52765,13794,46250,11052,30214,9566,27933,7070,23282,3694,14216,385,4226,0,0,0,0,0,0,20250903
202508,경인선,동인천,1653,16,6890,2406,16544,10429,37926,20279,29719,26745,20229,15228,19780,18151,20867,20012,22096,19399,22113,20850,21576,19605,25726,20726,28101,23933,32995,26748,33983,32800,16722,30767,12355,18534,9111,15006,5703,14384,2229,8446,8,3260,0,0,0,0,0,0,20250903
202508,경인선,백운,229,26,8363,1209,14561,2178,26268,3943,25035,8946,14968,6433,12488,5650,11567,6990,10698,7517,9943,8070,9090,8702,8545,10549,9378,13889,10027,17188,8567,24129,5132,21088,3823,12236,3869,11871,3233,9726,1122,5795,148,2114,0,0,0,0,0,0,20250903
202508,경인선,부개,2185,7,9858,1511,16481,3024,37058,5421,29367,9737,18296,6757,14611,7050,12846,7925,12825,8643,11998,9116,10125,10548,10250,12411,11389,16124,10751,22285,10912,27123,5995,23493,4678,14997,3589,13244,2417,11255,1209,8233,143,1981,0,0,0,0,0,0,20250903
202508,경인선,부천,3769,24,36303,4348,40251,11563,88758,18001,91739,39043,60020,41223,48164,41388,48974,40048,49427,49573,47826,50103,47367,47947,50285,56273,55232,62311,54163,84601,56080,102539,37996,82831,30123,52893,26064,48306,19758,40161,8895,27302,658,5205,0,0,0,0,0,0,20250903
202508,경인선,부평,10520,48,22482,3739,35033,9600,81622,18406,72475,33469,46191,38603,39326,37041,40867,43655,44098,49160,45378,55295,46086,54636,51133,56419,57269,67365,60244,83607,54682,111421,41418,87397,39347,53124,35770,45355,29737,35892,16089,23638,2400,7217,0,0,0,0,0,0,20250903
202508,경인선,소사,1396,7,12520,2148,12714,5036,25755,6402,24661,7832,16896,6906,13346,7031,11652,7103,12176,8122,10828,9270,9668,8953,9611,11153,10768,13573,10575,17554,9198,23702,6047,19016,4151,12835,3173,11792,2133,10681,1020,7187,74,1846,0,0,0,0,1,0,20250903
202508,경인선,송내,1708,12,15827,7301,37748,14149,94496,26307,76292,69291,46172,37413,34211,23689,35987,21477,35150,24458,32025,25443,29681,26073,32262,29730,36003,38553,44469,55389,67598,83810,26769,71803,20615,43579,17389,37687,13378,32848,6070,21510,558,3230,0,0,0,0,0,0,20250903
202508,경인선,역곡,1333,28,27442,2872,43650,8889,100489,12612,97021,26122,56608,23449,39347,20030,34953,20841,36160,25428,32806,27227,28705,28248,28721,36504,31724,50204,32576,67781,30103,103303,19871,78500,16094,45765,12588,45061,9819,36977,4384,24175,237,3945,0,0,0,0,0,0,20250903
202508,경인선,오류동,642,6,12058,1552,18417,3888,44486,5429,44788,10783,27405,10980,20839,9395,18625,9353,18856,12693,16918,13132,14361,13551,15309,16749,15872,19592,14635,27045,13332,39793,8076,33131,6428,22384,5514,19546,3381,17270,1613,11284,41,1255,1,0,0,0,0,0,20250903
202508,경인선,온수(성공회대입구),375,5,5422,1639,8096,3295,20525,7254,18728,10580,13313,6403,10293,5427,9984,5444,10869,6983,9700,6805,8995,7305,10015,9078,11518,10508,9740,13175,9405,20337,4891,15332,3957,10228,4245,9169,2497,8015,1360,4872,73,814,0,0,0,0,0,0,20250903
202508,경인선,인천,468,5,1569,986,3179,3141,5255,6753,4590,9385,4017,7160,4716,7767,5702,9714,7125,10207,8634,9037,10637,8706,12426,7295,13467,6277,14841,5713,13201,4659,7108,3774,6221,2803,4118,2284,2067,1803,639,1240,8,930,0,0,0,0,0,0,20250903
202508,경인선,제물포,1176,29,8491,1645,17379,4907,35539,12126,28769,25723,18480,12322,15711,9393,15366,8904,15469,10248,14330,11433,13085,10922,16070,12720,18565,17587,18907,21544,20359,30735,9095,26743,7139,15616,6069,14741,3417,14264,1378,9405,74,3127,0,0,0,0,0,0,20250903
202508,경인선,주안,1366,22,14289,2898,27167,7416,54226,15674,47775,23813,33392,18996,27342,15646,27855,16209,30410,18482,27722,19758,25608,20146,27873,22099,30225,30342,34661,37577,31436,52275,20460,50385,17789,29412,15780,27484,11539,24445,6045,17256,637,5410,0,0,0,0,0,0,20250903
202508,경인선,중동,1175,26,10507,1658,17544,4578,38006,5137,30573,10525,19406,8182,14368,8285,13896,8132,14267,9716,12840,10441,11499,10675,11651,12871,12018,16298,12931,22728,10882,30490,6645,24081,5157,15426,3945,13645,2882,11640,1190,7883,98,1644,0,0,0,0,0,0,20250903
202508,경춘선,가평,0,0,933,168,2009,1301,3758,2967,4532,6268,4198,7156,6439,5770,11529,7050,7119,7307,4937,7512,4750,6168,4495,5101,5570,3036,6585,3889,6081,3506,3387,4209,2283,2920,1266,1864,732,1825,338,1444,14,557,0,0,0,0,0,0,20250903
202508,경춘선,갈매,7,0,1976,429,4255,967,13320,2741,8756,4591,5713,2313,3939,2870,3024,1776,3087,2167,3243,2793,2987,2256,2902,3618,3545,3505,3696,5647,4759,9533,2112,8332,1662,3779,2168,2925,1531,3054,597,1494,28,486,0,0,0,0,0,0,20250903
202508,경춘선,강촌,15,0,148,59,282,204,464,400,595,1335,666,1411,1005,1214,2740,1945,1643,1184,1124,1011,1357,1226,1524,831,1617,890,1225,629,813,616,588,454,424,400,295,365,95,406,40,194,10,43,0,0,0,0,0,0,20250903
202508,경춘선,굴봉산,0,0,55,5,86,128,116,195,270,311,220,501,330,688,1408,726,367,469,386,481,435,371,465,328,453,200,340,193,177,155,140,135,95,85,49,63,15,64,5,58,0,10,0,0,0,0,0,0,20250903
202508,경춘선,금곡,70,1,2102,306,2390,1104,5083,2821,4875,5045,3783,2275,2755,1626,2975,1659,2878,2124,2483,1717,1875,2161,2649,2052,2375,2442,3143,3795,3426,4414,1428,3606,932,2170,717,2086,462,1726,220,1035,11,341,0,0,0,0,0,0,20250903
202508,경춘선,김유정,7,0,145,30,293,163,605,625,712,1237,613,915,763,1048,746,1351,922,1591,1128,992,1217,943,1431,780,1341,893,1278,755,1381,722,460,627,521,503,196,290,93,234,22,133,7,79,0,0,0,0,0,0,20250903
202508,경춘선,남춘천,561,1,1843,28,3604,806,4982,1706,6144,3787,6595,4703,6308,4159,5879,8443,6025,8408,7588,6292,7387,5312,7609,6208,6114,6207,5370,5466,4154,7592,3920,8403,3230,4494,2809,4084,1669,4794,535,2776,19,2412,0,0,0,0,0,0,20250903
202508,경춘선,대성리,12,0,1282,144,1785,612,1762,1099,1677,1148,1927,809,3239,1532,5415,1310,2087,1471,1461,3001,1202,7754,1257,2996,1462,1821,1489,1641,1062,924,684,842,544,756,367,533,270,410,112,360,3,4,0,0,0,0,0,0,20250903
202508,경춘선,마석,22,0,1475,554,8413,3024,13887,5697,11279,6787,8467,6197,7846,4123,6539,5085,7094,4938,6503,5828,5991,5939,6235,6679,6659,6295,6757,9378,6760,12187,3627,9385,2929,7391,2171,5360,1616,4835,608,2214,46,787,0,0,0,0,0,0,20250903
202508,경춘선,백양리,0,0,14,20,40,469,106,764,145,273,246,191,480,332,785,510,319,296,318,252,257,265,472,252,397,213,500,144,278,122,85,54,78,61,84,28,64,26,34,34,3,6,0,0,0,0,0,0,20250903
202508,경춘선,별내,35,0,1205,475,2595,1663,7652,3902,6677,5764,4795,3213,3731,3548,3284,2726,3842,2692,3903,3033,3648,2639,3908,3631,4562,3368,5441,5103,5715,7756,3132,5601,2486,2956,2041,2000,1807,2094,987,1119,33,300,0,0,0,0,0,0,20250903
202508,경춘선,사릉,141,9,1893,859,3711,1531,8604,4181,6534,3363,4345,1873,3357,1893,3102,2235,3007,2022,2796,1724,2199,2141,2462,2523,2564,2752,3466,4809,4221,7117,1782,6705,1266,3120,899,2422,574,2392,286,1523,10,438,0,0,0,0,0,0,20250903
202508,경춘선,상천,2,0,173,54,229,246,572,352,602,773,588,753,610,828,857,633,689,593,633,498,739,641,714,562,929,468,644,320,388,485,251,359,151,239,58,198,28,100,11,99,2,25,0,0,0,0,0,0,20250903
202508,경춘선,신내,33,0,1525,658,4654,2502,12159,5737,9407,8601,4756,2576,3881,2121,3504,2564,3688,2802,3533,3180,3291,2388,3961,4315,4365,3375,5466,5989,6657,9116,2823,6439,1801,3397,1566,2947,1115,2660,737,1968,68,665,0,2,0,0,0,0,20250903
202508,경춘선,천마산,9,0,1149,224,3622,740,6501,1657,6766,1781,4482,1445,3411,1278,2491,1669,2425,1669,2003,1914,1924,2259,1635,2756,1913,2536,1938,4137,1794,3768,928,5415,640,2582,524,2545,271,1788,101,1160,8,249,0,0,0,0,0,0,20250903
202508,경춘선,청평,10,0,910,237,2820,1106,4344,2164,4965,4085,4151,4102,4990,4427,7448,3342,4842,4546,3961,4372,4058,4275,3671,4281,3939,4265,4317,4477,3319,4340,1833,4175,1739,2268,952,1888,658,1683,113,1063,13,247,0,0,0,0,0,0,20250903
202508,경춘선,춘천,286,2,699,5,1387,418,2048,867,2667,2544,2985,2762,2386,2554,2954,4614,2987,3724,4151,4010,4373,2519,5297,3780,4724,2453,4687,2277,3121,2581,2484,2615,1634,1475,1156,1529,476,1171,123,1145,1,754,0,0,0,0,0,0,20250903
202508,경춘선,퇴계원,60,3,3049,634,5751,2134,14895,3187,11543,4547,8514,3077,6273,3451,5172,3031,6123,3018,5010,3515,3469,3595,3842,5181,4199,5862,4823,8255,5227,10947,2453,9653,1798,5240,1302,4134,862,4494,484,2376,23,788,0,0,0,0,0,0,20250903
202508,경춘선,평내호평,726,6,5641,712,12919,2243,24102,4838,21393,9882,11551,7381,9979,5700,9228,6313,8987,8360,8481,7192,7578,9116,7872,8322,8362,9438,9059,17152,8917,22778,5921,18972,4720,9166,4234,8273,3836,7321,1670,5349,52,2170,0,0,0,0,0,0,20250903
202508,공항철도 1호선,검암,1740,4,8733,653,13461,2122,30961,7225,20957,14613,11419,4919,8566,3592,9160,3176,8375,4154,7138,4590,6164,5504,6469,6613,7560,9402,8705,12583,11884,23779,4257,21312,3503,13144,2694,12106,1904,12352,1177,9697,181,5119,0,0,0,0,0,0,20250903
202508,공항철도 1호선,계양,42,0,10819,582,26173,2562,47728,4046,34695,5264,24416,4809,17107,4407,15115,5033,13914,5504,12257,8142,9994,9726,9937,12273,10504,18023,9902,22651,7827,40348,5720,34995,3934,23125,3283,21300,2241,21180,1170,12686,211,4047,0,0,0,0,0,0,20250903
202508,공항철도 1호선,공덕,81,0,2109,186,3177,1957,6873,4404,7140,12126,4960,6244,4093,4101,4383,4231,4305,4824,4379,5058,4099,4817,4076,5719,5120,6988,7371,9912,10569,14118,5107,9168,4222,6444,3951,6484,2880,6214,1464,4426,107,2047,0,0,0,0,0,0,20250903
202508,공항철도 1호선,공항화물청사,7,0,575,859,1417,8354,2186,10529,2047,17799,1656,2571,806,1415,659,2608,980,2412,1137,1227,1563,914,2800,802,4660,1252,10288,1622,12575,1196,3435,1248,2196,1810,2522,953,2599,414,664,262,8,67,0,0,0,0,0,0,20250903
202508,공항철도 1호선,김포공항,20,0,1712,2164,2663,10627,6555,19214,12897,17404,17143,10132,18890,8862,16454,9947,15820,12304,18600,11603,19405,10267,20581,8943,18942,9425,21876,11408,27013,9685,18682,5687,13967,2666,15733,1578,16813,1303,7228,945,203,772,4,68,0,0,0,0,20250903
202508,공항철도 1호선,디지털미디어시티,143,17,4239,887,9172,7598,21233,30519,23125,77274,13352,36738,10534,14316,11038,11486,12546,11924,13279,12295,12953,10530,15571,11445,20462,14121,47837,21361,73293,28063,29439,18453,17194,11553,15770,10355,14511,9980,6229,6240,713,3757,0,3,0,0,0,0,20250903
202508,공항철도 1호선,마곡나루(서울식물원),42,2,2910,1474,5891,14536,13180,41318,15493,74680,7976,33727,6154,14428,7944,10364,9913,11752,9908,13610,10531,9856,15676,8514,30996,10550,72177,16403,58908,21208,24652,12990,17203,8314,15838,7749,13818,7840,3175,5012,586,3208,0,0,0,0,0,0,20250903
202508,공항철도 1호선,서울역,434,5,3556,1770,5176,15616,12930,22582,17031,32447,17876,29500,19856,23500,27068,25935,30337,25390,30608,24091,23163,20613,30733,23134,32684,23788,40789,25836,39090,25437,31371,22355,22860,14770,25829,13410,18677,10824,12260,5383,204,3835,0,0,0,0,0,0,20250903
202508,공항철도 1호선,영종,18,0,4197,241,11635,1920,17686,3162,13524,3542,9779,3174,9148,3120,9580,4475,8346,4568,7004,4459,6438,6117,6532,8730,6656,8711,6531,9597,4496,17139,3171,15207,2737,9512,2499,10275,1878,10146,907,8461,184,2800,0,0,0,0,0,0,20250903
202508,공항철도 1호선,운서,176,4,17650,1100,23412,8181,33583,11826,27082,13606,15780,11415,16716,7158,20343,8066,19779,10193,14841,11175,12928,13910,14423,15821,16228,17582,17874,22552,13564,34706,8418,28355,7406,24266,6969,23435,5872,25818,2685,19073,315,6107,0,0,0,0,0,0,20250903
202508,공항철도 1호선,인천공항1터미널,0,0,11217,10792,14466,19372,19766,38407,20440,35853,17786,28721,15446,29035,20172,34977,28320,43788,30279,32456,34908,28557,43224,24373,38430,24247,35845,28267,40351,22339,28261,21765,27008,13950,30197,12527,35122,9314,16243,9587,221,6503,0,0,0,0,0,0,20250903
202508,공항철도 1호선,인천공항2터미널,0,0,6377,8307,7428,13742,9608,21397,11350,19192,9704,11528,5851,13002,7265,19696,11273,23298,14522,19695,19342,16058,28175,12403,24931,11608,25464,13196,25892,8361,14813,4371,15286,3666,16994,3010,14479,2273,6191,2487,4,2898,0,0,0,0,0,0,20250903
202508,공항철도 1호선,청라국제도시,136,0,7206,289,16952,5666,31214,7365,19608,15921,12459,5190,9977,3610,11304,3268,10746,4206,8911,5805,8252,6581,8949,7326,11254,10164,14498,14280,17415,24316,5686,22379,3961,15096,3376,14226,2378,15703,1247,9335,144,3898,0,0,0,0,0,0,20250903
202508,공항철도 1호선,홍대입구,231,25,5773,597,6503,4403,11053,10467,14129,26194,13570,28370,14701,27144,17292,32500,20149,39093,23101,37998,26046,33666,31806,33358,38893,35033,45527,37209,49648,41874,42897,28486,40869,17421,43310,14134,36808,12820,16335,10623,1497,3499,0,0,0,0,0,0,20250903
202508,과천선,경마공원,3,1,560,489,1120,2914,1921,4376,2339,12602,2420,36900,2405,35467,2906,22125,3250,21979,4775,17318,7288,10945,11851,6130,19827,4300,34703,2949,65748,2589,10611,1764,7776,1227,4235,968,1616,882,200,521,22,58,0,0,0,0,0,0,20250903
202508,과천선,과천,6,0,2177,261,8427,2267,19923,5433,19323,8190,13219,5519,10254,4928,9778,4673,9617,5700,9431,6103,8245,7125,9121,8222,9565,9597,8701,12251,8161,17576,4427,13975,2969,8758,2135,8942,1802,8680,579,4671,83,1158,0,0,0,0,0,0,20250903
202508,과천선,대공원,0,0,109,353,443,4223,1067,4727,1221,11939,1624,15621,2030,14885,3514,9595,5865,9841,6294,10296,7054,10211,7923,8921,11781,8098,13961,6181,12155,3579,6623,1888,4838,968,11068,624,18873,681,852,261,38,34,0,0,0,0,0,0,20250903
202508,과천선,범계,104,4,9925,3108,41192,11333,96140,25221,79155,55792,43713,41997,35413,32285,35496,30670,39897,32735,38936,38440,38073,37565,41603,42572,48033,49148,52013,67884,58302,104380,36791,80663,38820,43028,29285,37220,24736,32536,9985,18999,1094,5816,0,0,0,0,0,0,20250903
202508,과천선,선바위,0,0,776,1380,5659,8886,13993,19843,16577,24109,12895,14342,9735,7080,9183,6850,10428,7316,10495,6961,10039,6553,11537,7270,14789,9608,24143,11706,28128,14850,12227,10828,8584,8190,6447,7389,3839,7079,1205,3901,90,750,0,0,0,0,0,0,20250903
202508,과천선,인덕원,80,1,9175,3280,31007,15374,74867,42857,67177,98591,43270,35587,33994,21541,31745,21086,33622,21854,32931,24211,29663,25770,32372,29176,38799,37898,61880,52297,80186,82120,30939,64999,24672,37990,23480,34956,13721,34461,5728,20199,598,5585,0,0,0,0,0,0,20250903
202508,과천선,정부과천청사,4,0,2132,1844,9170,15087,22384,40718,19256,95330,15117,27290,12472,13247,13289,11384,14578,12623,15926,13312,16025,13051,19149,12869,27211,15011,45449,19020,67102,25558,19430,20275,14674,11363,12754,10271,6983,9627,2334,5066,179,1225,0,1,0,0,0,0,20250903
202508,과천선,평촌,54,0,4822,2532,23528,9412,56861,33288,47192,76753,25694,26283,20624,15320,19395,13376,20155,14473,18572,17538,18511,15520,22296,17391,25101,22021,44148,31944,54505,48667,21594,40854,16653,22867,15503,18792,11012,16687,4229,9789,538,3398,0,0,0,0,0,0,20250903
202508,분당선,가천대,33,1,4582,818,7569,3760,18349,5452,23808,16305,16431,10981,10885,8355,10129,8092,11562,8052,11180,10147,10670,8601,12552,10253,17131,11438,17357,14386,13180,20650,7228,17123,5048,13974,4180,14853,3690,16072,2037,11755,112,1274,0,0,0,0,0,0,20250903
202508,분당선,강남구청,19,0,1376,803,2808,5789,6664,17905,9595,51669,8524,40979,7996,19467,9047,14271,11242,14526,12025,15874,13195,13986,15629,13515,18901,13930,31813,16851,45907,20695,23552,12454,13883,7476,11779,5908,7788,5721,2555,3118,101,646,0,0,0,0,0,0,20250903
202508,분당선,개포동,11,0,1238,611,3980,3494,11532,6317,12154,9897,8804,7440,7029,5777,6315,4414,8912,5564,6903,6629,6649,5804,7912,6717,9393,7787,8623,10248,8668,13259,5200,10545,3875,6826,3574,6381,3381,5716,1142,3067,23,101,0,0,0,0,0,0,20250903
202508,분당선,구룡,1,0,1069,446,3132,4059,7573,7533,10321,7750,7807,4429,5488,2926,5460,2627,5282,3475,5192,4118,4242,4006,7098,4604,7789,5310,6254,7144,5885,9424,3510,7180,2208,4499,1891,4228,1316,3838,313,2299,27,93,0,0,0,0,0,0,20250903
202508,분당선,구성,181,1,2957,795,9846,4407,23304,8732,25898,11756,14841,7241,11696,5883,10021,6371,9951,7126,8659,7490,8320,7600,8476,10189,9988,12040,14036,18981,12967,26362,7311,18635,6467,13682,5034,10702,4132,12719,1811,6593,93,597,0,0,0,0,0,0,20250903
202508,분당선,기흥,240,11,5551,732,15028,4656,34069,12564,33397,18556,19646,10181,13759,8060,13920,9525,13996,9609,13452,11549,12280,10998,13532,12897,15806,15006,21213,21776,22268,34164,11851,27025,9206,16892,8226,13674,6042,14602,2218,8346,48,754,0,0,0,0,0,0,20250903
202508,분당선,대모산입구,7,0,2603,738,6897,3397,20384,6194,21602,10693,13842,6381,9686,4719,8488,5166,8990,5970,8167,6717,7068,6598,7333,8590,9290,10038,10810,13419,10622,17448,5484,14390,3633,8930,2923,8624,1953,8879,577,4667,15,254,0,0,0,0,0,0,20250903
202508,분당선,도곡,37,0,1662,1292,4720,6629,10758,15013,14453,23696,11967,19095,10390,8934,10386,8749,10896,9283,11466,9601,11703,9795,14574,10753,15280,11878,21214,14402,22402,16831,11296,13210,8149,9082,6340,7958,5291,7103,1193,3852,58,326,0,0,0,0,0,0,20250903
202508,분당선,망포,71,2,6794,2591,21629,8425,51297,26427,45134,40590,23453,16243,16379,9879,15608,10963,16288,11797,16519,12897,14808,12698,16705,16964,21294,22172,34995,29476,41071,46978,20753,41675,16224,26789,13346,21688,10366,19873,3733,11790,129,940,0,0,0,0,0,0,20250903
202508,분당선,매교,566,5,4733,867,10662,4078,20385,5701,19007,11591,9647,5304,6660,4121,6328,4705,6744,5317,5718,5387,5265,5897,7244,6236,10511,8993,8596,13720,7582,19197,4446,13641,3503,9115,3371,7721,2578,6979,689,3829,23,589,1,1,0,0,0,0,20250903
202508,분당선,매탄권선,52,3,4042,755,10605,3256,20495,5447,19139,12624,10394,5525,7986,3788,6979,3606,7561,4583,6268,5137,5680,4522,6379,6918,9329,9112,10330,12594,8888,20079,4843,14592,3597,9852,3224,8369,2528,8394,768,4960,14,486,0,0,0,0,0,0,20250903
202508,분당선,모란,457,12,15437,2606,21804,11105,49790,21624,62571,34697,45070,28082,33089,28557,31772,31104,34471,31137,33302,31254,31778,32775,32920,39684,36017,43046,38243,47593,38575,61235,22428,44405,16560,32692,13777,29228,10661,25200,5753,15407,272,1387,0,0,0,0,0,0,20250903
202508,분당선,미금,554,10,3653,1011,11922,11594,24701,21912,28924,45775,22287,34322,22639,22520,25711,21767,25479,22940,24793,25040,26260,23764,30987,23546,31000,27224,36427,31242,37862,38087,21024,27764,17648,19415,16987,16559,12236,14983,3990,8725,171,1822,0,0,0,0,0,0,20250903
202508,분당선,보정,42,1,1103,93,3353,1100,8077,2473,9260,4844,5919,2253,4629,1589,4127,2046,3809,2042,3429,2375,3098,2844,3783,3603,4400,4424,4141,5300,3324,6636,1584,5499,1130,3876,1045,3597,974,3927,297,2404,5,132,0,0,0,0,0,0,20250903
202508,분당선,복정,0,0,0,0,0,0,1,0,4,0,3,0,6,0,5,0,2,0,7,0,8,0,3,0,3,0,2,0,5,0,2,0,6,0,0,0,2,0,1,0,2,0,0,0,0,0,0,0,20250903
202508,분당선,상갈,44,2,3415,721,8136,2506,17251,5946,17989,7439,12011,4874,8382,3878,7724,4397,7119,4520,6639,6211,5991,5777,5996,6949,7172,9744,9134,12513,9290,15248,5166,12614,3575,10028,3216,8780,2138,8402,683,4761,3,642,0,0,0,0,0,0,20250903
202508,분당선,서울숲,152,2,2613,600,5407,6288,12677,22832,21280,43940,14192,34089,9391,23681,10590,20171,12888,20299,15335,21425,17216,20279,20810,20528,26180,21057,43097,23788,50588,29408,31583,19007,22689,10373,17088,7946,11073,7292,2985,3552,119,808,0,0,0,0,0,0,20250903
202508,분당선,서현,258,16,4201,3070,12121,12717,30817,34132,35605,80644,27005,64669,26018,39794,28353,35399,31788,38120,34399,38906,37627,38233,43547,36352,48442,42715,66050,48916,80145,58067,46904,40783,44735,25758,37109,20318,27985,17868,10217,10024,459,1318,0,0,0,0,0,0,20250903
202508,분당선,선릉,68,6,1063,1537,2433,12688,5019,47841,7311,122995,6292,80290,7427,37908,9771,25200,11477,24467,12985,24862,14447,18712,19000,16744,27623,18446,51840,21639,74150,23867,32174,14474,21251,7764,18600,6626,16798,5606,4383,3121,215,734,2,2,0,0,0,0,20250903
202508,분당선,선정릉,12,0,933,961,2110,4336,4447,12813,6813,42307,7154,39023,5608,13948,7110,9249,9626,9171,9556,9079,10579,8043,11606,7311,14108,7611,25438,8469,37745,9589,18983,6201,9961,4187,8022,3633,5212,3397,1706,1942,121,437,0,0,0,0,0,0,20250903
202508,분당선,수내,164,0,2969,2060,7356,7952,17281,22369,21375,49684,15537,39644,13417,21633,14721,17718,17280,18522,19002,17847,20643,17750,22202,17647,25472,20549,36999,23976,47733,27381,26818,19986,23471,12722,17212,11088,13070,10878,3448,5237,161,981,0,0,0,0,0,0,20250903
202508,분당선,수서,40,1,4254,4779,11052,14651,38092,28383,56527,43703,35468,27146,33190,21021,23197,19539,31181,23223,25296,21447,20102,21937,28543,26215,29709,32619,40874,46335,40578,62035,19675,38119,18278,28271,14644,25421,14857,24211,8259,8900,291,1861,0,0,0,0,0,0,20250903
202508,분당선,수원,647,9,5422,662,8936,4487,19932,8691,20320,13575,11144,12817,8343,10031,8783,12159,9602,13260,10319,13027,10336,13290,12368,12384,14252,15217,16598,20990,18319,26490,13981,18180,15105,10814,12913,8570,11792,6400,4520,3940,169,689,0,0,0,0,0,0,20250903
202508,분당선,수원시청,226,3,6744,2066,12472,8354,30438,19134,28068,51347,15011,34421,13742,18780,16184,16967,19112,19653,17999,21290,18317,17035,22793,18956,29433,21441,32798,33858,43379,47175,22976,33042,19522,22131,21673,15423,18259,14914,6831,9398,188,1058,0,0,0,0,0,0,20250903
202508,분당선,신갈,134,2,2804,262,9048,1316,17775,2458,17754,6709,10908,4802,8351,4003,8090,4507,6939,5130,6424,5477,6208,5807,7097,6940,7781,7667,6221,11099,5270,16889,2381,12927,1787,9222,1718,7202,1169,8783,415,4662,8,246,0,0,0,0,0,0,20250903
202508,분당선,압구정로데오,153,5,2285,1117,3500,13200,5475,25088,7815,67207,7833,101810,9845,55334,15285,40252,20330,34859,23976,33924,30118,32147,38222,30480,47563,32456,63602,38462,83833,41587,64408,23469,53329,11618,36003,7779,25050,6599,8579,3882,464,866,0,0,0,0,0,0,20250903
202508,분당선,야탑,188,1,7422,3429,19283,16203,48857,41026,54731,88947,39025,52289,33874,38122,34717,33844,36709,36358,36119,39392,38166,35936,43507,38449,50814,43166,66085,53652,76055,68791,37307,50378,28179,32734,25472,25795,17974,26010,6700,14121,288,1907,0,0,0,0,0,0,20250903
202508,분당선,영통,94,15,2984,1766,8148,4636,17044,10692,17264,23093,10877,17149,9866,11200,10318,10361,11854,12081,12405,13246,12130,11853,14568,13423,17525,14996,23696,21230,24650,25981,13390,18758,12715,11963,12558,11457,13748,11466,4456,6490,180,438,0,0,0,0,0,0,20250903
202508,분당선,오리,684,4,3375,429,14837,8154,27139,14873,27192,31644,19315,15728,16293,10667,15585,12023,16136,12437,15783,11525,15388,11665,16909,13432,18770,15355,25762,18494,30948,23039,12514,19371,10612,13539,8717,11463,5807,10810,2149,6557,82,1619,0,0,0,0,0,0,20250903
202508,분당선,이매,63,1,2573,860,5864,2975,12117,9122,13899,13585,10064,6442,9530,6208,8004,6137,9837,6587,7816,7692,7493,6810,9075,7627,12797,9063,11580,11419,12351,13872,5206,11160,4567,7669,5751,6838,3459,6989,1013,4013,45,768,0,1,0,0,0,0,20250903
202508,분당선,정자,309,13,3437,1277,10448,15017,25542,41575,29003,82022,21964,52135,17736,25123,19002,18754,20685,18508,20815,20468,20658,18630,27132,19892,32120,25640,57226,37199,66870,45521,35617,33354,29087,21449,28994,18886,25772,17397,9814,9953,953,2589,0,0,0,0,0,0,20250903
202508,분당선,죽전,1460,10,5321,911,16717,6983,37364,14255,31795,21092,20884,21791,15993,17816,16105,17814,16652,17817,17041,18694,17381,19597,19422,21720,21309,25806,25670,30998,26628,44976,18033,36049,22271,23105,11503,19853,8525,20018,2613,12344,1,6197,0,0,0,0,0,0,20250903
202508,분당선,청명,38,1,3070,832,7936,2601,18106,5905,17100,8398,9547,3770,6594,3679,5691,3657,5568,4124,5843,4704,4890,5361,5977,6218,7131,7776,7808,10942,9502,16089,4445,11899,2784,7979,2135,7489,2152,6975,737,4121,4,241,0,0,0,0,0,0,20250903
202508,분당선,태평,392,8,15703,1564,19566,5141,39192,8156,55840,16819,38527,12099,23739,12196,19910,13117,19980,14400,19386,15386,17850,17556,17617,23375,19194,28214,19613,33835,18286,42254,10614,30681,8241,23311,5845,26788,4073,21455,1714,12029,56,1101,0,0,0,0,0,0,20250903
202508,분당선,한티,4,1,2399,1717,8848,10897,21147,31060,24426,52310,17046,46318,14501,27224,16521,22160,21937,28524,25666,35337,23130,22316,26456,25090,33669,31533,54773,42556,47742,38756,29522,24572,31376,15324,28643,13521,39234,11036,4532,5576,167,385,0,0,0,0,0,0,20250903
202508,서해선,김포공항,11,6,262,2455,629,7897,1817,10399,2959,13952,3441,9543,3548,9463,3460,11202,3961,11997,5628,10907,6623,9576,8075,8178,8330,8443,10054,9735,12413,8667,8367,4870,6756,2427,6811,1634,6133,1026,2298,1219,69,419,0,0,0,0,0,0,20250903
202508,서해선,부천종합운동장,23,0,2680,536,4909,1521,12404,2937,12381,4166,6330,2266,3784,1566,3560,1450,3388,1963,3304,2177,2958,2354,3095,2880,3693,4125,4396,5963,5447,10589,2381,7771,1842,4635,1526,4131,1067,3901,426,2171,31,352,0,0,0,0,0,0,20250903
202508,서해선,원종,38,0,5307,1291,8677,3647,16739,6018,15431,9539,9809,5245,7774,4401,7265,4977,7872,6895,7002,5989,6382,6120,7297,7420,9197,10033,9252,13277,10027,17736,5246,13527,3915,7944,2944,7533,2365,6400,1087,4297,31,627,0,0,0,0,0,0,20250903
202508,수인선,고색,684,1,3580,587,8967,4108,18636,17250,15126,19061,8020,4331,5433,3303,5236,3776,6052,4205,5446,4357,4855,4317,5688,5282,7384,7531,15860,9637,18602,13106,6321,13459,5973,9257,3791,6830,2096,6398,908,4046,4,2151,0,0,0,0,0,0,20250903
202508,수인선,남동인더스파크,1,0,468,885,1048,3966,1341,16441,1884,20694,1389,2837,1521,1354,1643,1525,1858,1699,2074,1586,2362,1163,2733,1164,3743,1204,14775,1669,11089,1862,3375,1955,3774,1500,1869,904,414,642,258,426,0,52,0,0,0,0,0,0,20250903
202508,수인선,달월,0,0,5,26,39,103,147,100,117,229,86,81,86,89,82,77,93,92,88,99,162,121,97,99,167,101,340,170,673,108,67,72,88,73,31,58,20,86,12,35,13,15,0,0,0,0,0,0,20250903
202508,수인선,사리,4,0,5264,393,10906,1769,22269,3547,18611,4891,10716,2891,8021,2748,6753,2843,6649,3604,6791,4252,5831,4180,5674,5816,6678,8286,6816,9777,6547,18878,4110,12695,2487,8866,2122,9301,2018,7800,817,5830,9,491,0,0,0,0,0,0,20250903
202508,수인선,소래포구,27,0,2941,456,7416,2426,15145,3744,12504,7158,7251,6196,6477,6383,8353,9581,8712,10728,9065,9040,10601,7822,10710,7707,10150,9279,9492,10913,8442,14361,5084,9285,4469,6443,4179,6706,2817,5566,1498,3819,21,686,0,0,0,0,0,0,20250903
202508,수인선,송도,5,0,2139,495,4347,2326,7464,2315,7382,3969,4066,2682,3727,2421,3834,2777,4020,2908,4047,2844,3645,2928,4027,3889,4622,4205,4691,6093,3539,6923,2244,4972,1829,3340,1570,3000,856,2302,341,1509,9,460,0,0,0,0,0,0,20250903
202508,수인선,숭의,23,1,3975,924,6626,3737,13515,7777,11062,10513,6839,4914,6868,4096,6751,4106,6588,4655,6181,5245,5640,4893,6747,5263,7509,7408,9852,8769,8930,12399,4549,7344,3225,5342,2547,5124,2151,4026,899,2693,15,589,0,0,0,0,0,0,20250903
202508,수인선,신포,5,0,995,261,1684,1153,2906,3385,2735,6454,1668,3065,1859,2552,2113,2746,2533,2691,2699,2909,3062,2848,3807,2778,4691,3153,5218,3636,5319,4336,2558,2323,2276,1613,1761,1490,1135,1220,462,755,2,219,0,0,0,0,0,0,20250903
202508,수인선,야목,3,0,616,37,1406,517,2702,619,2113,702,1464,415,1089,588,880,506,840,661,853,731,767,590,995,847,972,1123,1160,1352,1087,2390,574,1540,399,765,255,936,190,638,62,423,2,69,0,0,0,0,0,0,20250903
202508,수인선,어천,2,0,318,116,2046,2048,4092,3794,3959,3147,3339,1592,2501,1285,2632,1550,2509,1752,2406,2157,1868,2063,2907,2132,4339,3203,2811,3143,4031,4873,1608,3158,1247,1908,730,1948,467,1664,227,745,3,154,0,0,0,0,0,0,20250903
202508,수인선,연수,29,1,3083,948,6523,2362,13407,4586,12376,9181,6335,7090,5773,6597,5906,5923,6751,6876,6879,6984,6668,6194,7154,6975,7768,9234,8963,12985,10959,14003,5989,9229,5763,6869,5016,6401,4268,4222,2373,2965,27,612,0,0,0,0,0,0,20250903
202508,수인선,오목천,4,0,1257,421,5923,1718,12379,4825,12784,10052,7988,4453,6270,3479,6140,3455,6988,3884,5952,4914,5195,4072,6164,5140,8107,7186,8783,6839,8338,12732,4416,8168,2805,4768,2488,4653,1819,5799,672,3296,8,299,0,0,0,0,0,0,20250903
202508,수인선,원인재,67,0,3501,776,6771,2490,13016,5388,14155,7071,8006,4595,6645,4784,6664,4828,6897,5782,6464,6260,5758,5825,6324,7513,7050,9040,8069,11326,7784,14416,5312,10348,3883,7729,3395,7191,2952,6565,1458,4579,77,729,0,0,0,0,0,0,20250903
202508,수인선,월곶,1,0,1943,391,4878,1549,10735,1893,9812,3095,5045,3543,4161,5140,4153,4721,4004,4547,3980,3776,4024,3946,4447,4245,5263,5704,5582,6899,6929,9550,3574,5355,2374,3973,2097,4329,1377,3637,609,2032,5,344,0,0,0,0,0,0,20250903
202508,수인선,인천,60,2,452,297,1041,1109,1830,2299,1678,3867,1747,2209,1788,2931,2038,4415,2255,4547,2565,4009,2859,4106,3812,3964,2941,3332,2794,3273,2445,3420,1627,2460,1341,1705,1066,1338,653,1270,155,664,2,247,0,0,0,0,0,0,20250903
202508,수인선,인천논현,5,0,2826,888,5791,4905,12812,8446,11726,12112,7849,9203,7440,6987,7999,7398,8712,7580,8118,8204,7901,8169,9083,8583,9807,11488,11704,14085,11563,17366,7133,10319,6841,7241,6187,6608,5056,5058,2418,3659,11,532,0,0,0,0,0,0,20250903
202508,수인선,인하대,35,0,4255,601,11534,2586,23716,5252,18765,12462,9010,7695,8226,6175,8093,5412,9048,7378,9140,7541,8690,7559,10230,9023,12964,11341,12766,16318,10278,23354,6530,12564,5689,9483,5300,9038,3779,7172,2246,5432,106,1371,0,0,0,0,0,0,20250903
202508,수인선,호구포,8,0,1682,987,2920,6546,6436,17411,7276,18985,4867,4335,4327,3151,4425,3648,4858,3940,4517,3613,4567,3820,4939,3729,5989,5189,15902,6069,14709,7536,5184,5537,5273,4466,3808,3709,1836,3105,865,2442,4,442,0,0,0,0,0,0,20250903
202508,신림선,관악산(서울대),2,1,994,1037,2123,2630,6877,4741,6877,10466,4593,14000,4771,11816,5350,6643,6016,5556,7027,5787,8324,5685,10204,4721,12375,4052,10857,4038,8858,4963,3681,4035,2295,2739,2008,2330,1240,2311,540,1647,137,701,0,36,0,0,0,0,20250903
202508,신림선,당곡,0,0,2254,234,4767,1382,13486,5053,19256,8862,13348,6510,8707,5922,8018,5525,8687,6151,8243,6307,7325,7076,7792,8538,8110,9371,9801,12082,10338,17287,5819,13143,4983,8149,3180,7497,2189,6537,953,4076,237,1293,1,1,0,0,0,0,20250903
202508,신림선,대방,31,0,1778,446,2752,1712,7212,3502,10380,5427,6608,3293,4783,3028,4914,3053,5022,3216,5177,3693,4820,3320,5076,3672,5702,4497,6812,5786,5980,8139,3604,5258,2991,3805,2290,3538,2082,3342,1005,2393,227,765,0,51,0,0,0,0,20250903
202508,신림선,보라매,0,0,2069,433,3485,2264,10038,6144,14088,12729,8492,5796,5860,4400,5772,4722,6555,4907,6696,5051,6677,4869,7337,5983,8042,6037,10050,8926,13031,12981,5337,9637,4395,5902,4001,4963,3022,4750,1330,2900,310,928,0,3,0,0,0,0,20250903
202508,신림선,보라매공원,0,0,759,583,1859,1527,6121,5353,7009,8734,4540,3830,3895,3142,3749,3206,4044,3719,4102,4141,4134,4178,4537,4265,5082,4566,5672,5446,6605,7877,2899,5729,2550,3486,1933,3074,1621,2752,506,1392,115,443,0,0,0,0,0,0,20250903
202508,신림선,보라매병원,6,0,982,689,2181,5814,8221,27796,9507,50655,10754,23670,10976,14282,12506,11165,12589,11908,12201,13889,14103,12543,17129,10098,18097,8812,31632,10015,34134,12244,11504,8969,9350,5203,6689,4615,4489,3374,1446,1655,189,462,0,0,0,0,0,0,20250903
202508,신림선,샛강,0,0,511,891,777,3108,1815,13156,2672,25778,2146,9399,2030,4212,2220,3291,2289,3038,2522,3728,3410,2841,4255,2912,4824,3294,11855,3862,18463,4394,6393,2673,4648,1808,4110,1276,2964,935,1472,554,392,272,0,44,0,0,0,0,20250903
202508,신림선,서울대벤처타운,9,0,6799,390,11005,3103,31641,6992,42361,9841,27008,9447,17304,7701,16515,9104,16760,10507,15709,10659,13993,11410,14282,13901,15309,18715,15302,22681,14949,32564,9016,27768,6703,17235,5213,17138,4631,16499,1804,12710,429,4778,0,24,0,0,0,0,20250903
202508,신림선,서울지방병무청,0,0,1481,464,3666,1483,9427,5246,12847,6173,7803,3445,7611,3423,6389,3605,5692,5553,4811,4936,4523,5109,5918,6211,5867,7283,5160,9258,4981,12248,2718,8383,1815,5970,1853,5460,1185,4996,356,3177,89,856,1,1,0,0,0,0,20250903
202508,신림선,서원,1,0,2903,571,5065,831,13849,1481,19627,2327,12919,2350,7410,2386,6062,2828,6319,3403,5689,3540,4629,4010,4378,5520,4275,6357,4340,8724,3886,12638,2817,11018,1734,7304,1352,7128,1061,6906,488,4660,71,1383,0,8,0,0,0,0,20250903
202508,신림선,신림,1,0,1270,379,1613,955,4842,1673,7153,3084,4871,3595,3900,3814,3658,3867,4254,4213,4017,4305,4110,4817,4169,5899,4348,6144,4588,7640,4830,11377,4009,7676,2852,4625,2402,3878,2066,3504,1132,1918,418,719,0,4,0,0,0,0,20250903
202508,안산선,고잔,328,3,5571,871,15145,5497,25417,13557,19359,24947,14300,14243,12708,10395,12690,9200,11972,9752,11510,10938,11672,10009,14205,10510,14926,11506,20488,16090,20019,22277,8491,18083,6785,11566,6612,10522,5554,9128,1940,7826,146,3041,0,0,0,0,0,0,20250903
202508,안산선,대야미,80,4,2874,1271,8009,3369,17263,5161,18838,7235,11026,3835,8415,3920,7243,4330,7593,4751,7045,4838,6286,5568,6782,7515,7413,9475,8257,10316,9606,15130,5081,10921,4032,8338,2331,6698,1542,7392,961,4008,164,1071,0,0,0,0,0,0,20250903
202508,안산선,반월,25,0,4171,1006,8355,2810,17394,4149,15806,6138,9485,3677,7688,3793,7305,4180,7414,4948,6339,4908,5331,5222,5837,6441,6408,8524,6351,10739,6181,15267,3404,11762,3009,8508,1932,7133,1302,7196,690,3854,117,945,0,0,0,0,0,0,20250903
202508,안산선,산본,746,3,10008,1827,23481,6938,51961,14553,46841,27980,25872,22483,22275,21049,22588,21285,24158,25049,23613,24428,23533,23948,26171,27209,27979,32362,27425,38051,31096,62828,20062,49538,17770,28361,16089,23694,12043,19026,4716,12474,515,4125,0,0,0,0,0,0,20250903
202508,안산선,상록수,566,17,13617,2237,28643,7956,58820,10682,53562,17459,32323,13759,24757,11946,22014,11818,22379,13537,19521,14760,17335,17111,17989,20481,20911,25168,21065,37887,19080,55054,13279,45564,10172,34220,7653,29079,5512,24465,2334,17227,371,4902,0,0,0,0,0,0,20250903
202508,안산선,수리산,4,2,3547,616,9373,1622,16498,4692,16314,6578,9917,3098,7158,3055,7054,2662,5900,3112,5211,3409,4412,4054,5652,4994,5159,6668,5003,7399,4547,11936,2670,9149,2050,6801,1365,5128,916,5190,428,2993,88,814,0,0,0,0,0,0,20250903
202508,안산선,신길온천,58,1,3005,164,4867,1925,7809,3299,6311,2497,4462,1552,3658,1469,2992,1682,2876,2092,2809,1787,2671,2198,2918,2968,3530,3368,4213,4739,3676,6350,2011,5408,1320,3855,851,3579,565,2784,196,2152,17,621,0,0,0,0,0,0,20250903
202508,안산선,안산,2160,15,10045,1574,13476,14493,22037,34720,22594,26340,19868,14465,16483,12983,16537,15445,17207,16036,17897,15569,18309,16871,19839,17756,24306,18795,39054,25498,38868,25836,20355,21580,17140,17515,10296,15689,4483,12525,1669,7647,141,3277,0,0,0,0,0,0,20250903
202508,안산선,오이도,272,1,5849,591,12898,6365,27726,10708,21161,10600,13395,7536,11314,8338,11169,10825,12106,11650,11414,11125,11165,12373,12325,13061,14742,15673,16654,17583,16103,23030,9261,19561,8517,12822,7321,11677,4649,10827,1404,7985,17,3156,0,0,0,0,0,0,20250903
202508,안산선,정왕,447,16,8637,999,11981,12161,20294,21610,19554,23162,15196,13049,12592,9908,12500,10028,12570,10797,12571,10778,11843,11232,15348,12260,17328,13122,22737,17629,25990,22436,12213,17445,9657,14390,6152,13152,4220,11608,1556,8501,78,2290,0,0,0,0,0,0,20250903
202508,안산선,중앙,326,43,10824,1435,29115,10014,50920,16034,40552,35377,25495,32628,22716,21226,26315,20507,30116,25037,26523,28397,26266,26767,28238,28045,33156,33719,35822,44598,36067,62650,24623,51250,24583,33256,25367,28298,21408,24058,8830,19572,821,6127,0,0,0,0,0,0,20250903
202508,안산선,초지,324,0,4170,424,10774,4233,19937,8764,14444,9234,8974,4381,7169,3475,6721,3705,7727,4268,5850,4372,5342,4900,5578,6010,6521,6902,8482,10908,9378,14759,4577,14070,3170,9399,2683,8315,1547,7254,635,5772,44,2206,0,0,0,0,0,0,20250903
202508,안산선,한대앞,187,1,8362,1222,16754,4129,28252,8168,24319,15297,17589,11586,13913,9165,13598,8887,13827,9417,12731,10321,12268,10985,12536,12421,14101,16337,16112,21655,14598,28778,8785,23869,7528,16795,6940,15309,4911,12851,1877,9533,182,2828,0,0,0,0,0,0,20250903
202508,우이신설선,4.19민주묘지,3,0,1506,630,3409,1354,8834,2306,9983,4672,6875,4636,5714,4589,5729,4776,6172,5083,6171,4684,5282,4589,5920,5357,5964,5630,5534,6118,4860,7963,3320,7265,2416,4527,1808,3894,1320,3441,613,2505,182,552,0,0,0,0,0,0,20250903
202508,우이신설선,가오리,7,1,2603,531,6279,1639,15802,3416,16539,6529,11102,4937,8834,4973,8028,5256,7908,6092,7546,6356,5866,6486,6472,7904,6722,9798,6321,10383,4889,13712,3970,12409,2459,7497,1643,6644,1302,5614,561,3158,147,875,0,0,0,0,0,0,20250903
202508,우이신설선,보문,4,0,590,144,955,1200,2357,2915,4225,4530,3540,3868,3112,2697,3174,2893,3564,3038,3416,2980,3323,2609,3787,2921,3957,3407,3754,3663,3737,4127,2478,2952,2157,2139,1750,1908,1312,1521,514,1012,112,277,0,0,0,1,0,0,20250903
202508,우이신설선,북한산보국문,3,0,2337,559,6835,2006,16918,5594,20016,8995,14250,6749,11457,5301,10364,5155,10177,6496,9482,6885,8783,7392,9067,8909,10271,10825,10222,13409,9624,18121,5634,14969,4299,10754,3766,9752,2428,9134,1407,5731,431,1273,0,0,0,0,0,0,20250903
202508,우이신설선,북한산우이,6,3,1778,779,3562,2522,8719,3822,9053,7216,5855,9413,4845,9842,5415,8861,7391,7033,7816,5481,8034,4991,8249,5200,7570,5222,6288,5352,5254,6122,3666,5105,2781,3298,2045,2975,1028,2489,533,1547,137,440,0,38,0,0,0,0,20250903
202508,우이신설선,삼양,0,0,1568,478,3373,952,7872,1824,8923,3691,6013,2890,5061,3356,4825,3139,4514,3916,4065,4089,3875,3893,3817,5348,3840,6045,3557,6375,3523,7766,2420,6569,1557,4558,1165,3842,643,3226,328,1999,82,558,0,0,0,0,0,0,20250903
202508,우이신설선,삼양사거리,0,0,1711,411,3368,1933,6969,2236,8580,4437,6110,3516,5205,3420,5003,3679,5410,4151,5029,4131,4207,4165,4279,5436,4807,6219,4155,6300,4027,7170,3013,6385,1916,3986,1378,3150,970,2349,407,1463,115,352,0,0,0,0,0,0,20250903
202508,우이신설선,성신여대입구(돈암),0,0,698,498,1287,1419,3286,4527,5583,8997,4815,7844,4686,6593,5582,6597,6561,7511,6491,7781,6236,7129,7072,7638,8044,8259,8258,9498,9223,11018,6902,7089,6256,4575,6956,3484,6293,2807,2552,1759,636,475,0,0,0,0,0,0,20250903
202508,우이신설선,솔밭공원,20,0,1821,398,4320,1235,10347,1601,11015,3087,7179,3200,5399,2943,4785,2982,4552,3479,4029,3956,3502,4181,4110,4930,4032,5429,3579,6091,3110,7941,1815,7232,1328,4609,840,4364,619,3381,266,2189,61,551,0,7,0,0,0,0,20250903
202508,우이신설선,솔샘,0,0,3138,338,10410,1580,27561,3096,26135,4713,15912,3171,11257,3719,9830,4156,9372,5437,8405,5906,6923,6453,7062,8926,6847,11223,6369,13493,5163,22761,3377,19698,2238,11675,1628,10656,1279,9732,546,5410,130,1634,0,0,0,0,0,0,20250903
202508,우이신설선,신설동,123,3,949,1166,1077,3099,1814,6237,2475,11423,2045,8265,2385,4727,2912,4026,3189,3926,3482,3853,3848,2838,6042,2379,6200,2581,7721,2181,10194,2102,5297,1331,3648,1261,2902,1010,2170,975,813,543,175,443,3,136,0,0,0,0,20250903
202508,우이신설선,정릉,4,0,2028,458,5328,1762,12574,3195,15727,6163,12970,4393,9835,3965,8690,4609,8918,5491,8060,5869,7288,6153,7218,7423,7883,9148,7855,10616,7261,14747,4379,11889,3132,7719,2452,6513,1859,5567,905,2846,250,745,0,0,0,0,0,0,20250903
202508,우이신설선,화계,7,2,2153,565,4560,1786,11543,3247,13371,6354,9087,5941,8019,4991,7131,5086,8496,5417,6577,5060,5768,4914,5773,6108,6280,6783,5307,7563,4742,9636,3290,9041,2097,5910,1442,4714,929,4354,537,2813,172,792,0,0,0,0,0,0,20250903
202508,일산선,대곡,260,10,2857,2481,8626,9213,22592,23463,24127,29907,13857,18294,9758,11574,9334,11458,11166,12311,11506,11022,11073,11104,13271,11940,16560,13264,23304,16271,34015,23011,23414,16386,14893,9856,13000,9720,11588,9629,6750,6543,1139,2241,2,2,0,0,0,0,20250903
202508,일산선,대화,119,1,7482,1538,21666,4651,45021,11851,32521,15502,23360,12149,19290,13167,18183,12623,17616,14202,16889,14671,16887,14856,16704,19343,17567,19135,18094,25270,15984,25609,8888,23300,7218,15832,10124,14579,13334,12568,1604,7411,119,2673,0,10,0,0,0,0,20250903
202508,일산선,마두,49,1,3658,1894,10095,4721,17223,8302,16689,21172,13269,15273,13700,11754,14051,10807,14485,10004,12111,12746,13029,12291,14639,12263,15274,13880,17299,15337,16669,18295,7293,16148,5469,10202,4724,8678,3816,8094,1099,5468,159,1038,0,4,0,0,0,0,20250903
202508,일산선,백석,85,1,4917,2092,10330,6330,21058,11572,24044,25820,16732,15492,15893,14036,16301,14307,16740,16075,16158,16469,16772,16614,18936,17338,19786,18868,23352,22905,23277,27440,12725,23847,11124,14006,10343,12184,7319,10916,2960,6843,387,1435,0,5,0,0,0,0,20250903
202508,일산선,삼송,725,4,8365,1372,30591,6812,76146,14419,73750,24482,40270,18189,30033,16791,25514,19219,25573,23004,23985,23203,21817,24038,23181,28778,27337,33536,30223,44472,30186,69913,19570,56914,16333,35465,14126,32936,14387,26361,3771,14603,592,3034,0,0,0,0,0,0,20250903
202508,일산선,원당,270,3,9458,830,20950,5822,43530,7513,44783,12819,26622,9636,20149,9515,18284,11274,18003,11868,16978,12439,14373,13722,14483,16029,15314,20780,15841,27511,15246,38932,8518,33519,6320,22882,4669,19970,3009,17779,937,11034,119,1730,2,1,0,0,0,0,20250903
202508,일산선,원흥,302,9,7031,539,16580,3744,43509,7006,45511,13405,25049,9817,18326,8818,16207,9445,16740,10823,14995,12006,13022,12508,13576,15594,13862,18699,15777,26876,16866,36365,8359,34647,6689,21103,5992,19432,4032,17803,2155,10497,298,2051,0,0,0,0,0,0,20250903
202508,일산선,정발산,40,3,2346,1161,4876,3082,8440,6198,9651,20423,7954,20466,8381,15380,10716,14410,11539,13976,13358,16182,14030,13174,15879,12533,17481,13645,21526,14926,24030,17230,12391,13165,13454,7439,10170,6086,7209,4854,2244,3429,273,781,1,6,0,0,0,0,20250903
202508,일산선,주엽,161,1,5999,1406,15537,3595,25129,7400,24310,13950,17559,11376,16808,11603,16992,11748,16289,13067,15222,14856,14149,13264,15134,16304,15400,17186,14605,20187,13162,24478,7251,22064,6255,14122,5896,11912,4601,10175,1151,6874,133,1655,0,8,0,0,0,0,20250903
202508,일산선,지축,0,0,0,0,0,0,1,0,5,0,5,0,3,0,2,0,1,0,1,0,3,0,0,0,0,0,3,0,0,0,3,0,0,0,2,0,2,0,2,0,1,0,0,0,0,0,0,0,20250903
202508,일산선,화정,156,1,11885,1389,23742,6293,50515,13285,49221,32140,31362,23577,27753,21411,26453,22496,27763,23655,27146,24467,26180,26234,27372,30062,29980,33639,30890,41600,28550,55782,17192,46441,16037,29921,15784,25774,12372,24876,4760,13545,587,2768,0,0,0,0,0,0,20250903
202508,장항선,배방,150,0,933,415,1774,685,2903,1283,2833,2213,2454,1322,2184,1252,1947,1573,1970,1515,2139,1666,2185,1440,1987,1672,1865,2589,2482,3308,2605,3430,1771,2656,1195,2298,1111,2187,972,1848,656,1526,24,259,0,0,0,0,0,0,20250903
202508,장항선,봉명,26,0,1088,394,1628,821,2273,4239,2848,4190,2291,3225,2807,2295,2537,1357,2309,1718,2013,2263,2128,1771,2744,1764,3093,1612,3344,2485,1957,2050,1152,1638,841,1329,666,1080,551,1218,615,752,6,230,0,0,0,0,0,0,20250903
202508,장항선,신창(순천향대),277,2,604,92,1598,501,2373,1834,2102,3521,1938,1559,2501,1884,2203,1998,2135,2152,2622,2123,2928,1807,2248,1843,2784,2340,3230,1457,2838,3105,1169,2075,1140,1987,696,2006,511,2091,342,1460,2,618,0,0,0,0,0,0,20250903
202508,장항선,쌍용(나사렛대),147,2,2538,338,4178,602,6463,1388,7171,3329,4053,2980,3985,2658,3685,2264,3490,2794,3927,3142,2955,2310,3008,3310,3532,4146,3698,5797,3230,6374,2202,4744,1658,3612,1341,3310,1078,3153,626,2673,48,635,0,0,0,0,0,0,20250903
202508,장항선,아산,69,2,1054,1291,2563,4094,5682,5862,7082,7516,4119,6653,4752,6645,5185,5525,5588,6573,5700,6469,6345,4957,8303,5625,7655,5136,7328,7973,10117,7974,9132,4729,5470,4590,6612,3364,6263,2238,3813,1794,116,365,0,0,0,0,0,0,20250903
202508,장항선,온양온천,834,3,1956,521,4655,2708,9007,5552,8956,7773,8744,8729,9380,9078,9401,11953,10773,11314,12270,9938,12326,6801,10463,8160,9404,9648,7703,10328,9076,8991,4186,7972,3143,6444,2655,6079,1838,4286,1181,3254,30,911,0,0,0,0,0,0,20250903
202508,장항선,탕정,69,0,1102,235,2130,1094,3860,1860,3801,3985,2635,2442,2776,2214,2578,2109,2707,2401,2919,2788,3172,2004,3392,2351,3116,3699,3709,4820,4193,4895,3218,3362,2388,3161,2386,2404,2364,2189,1170,1904,61,266,0,0,0,0,0,0,20250903
202508,중앙선,구리,744,9,5397,1153,11578,3688,25630,6126,24389,13168,13344,11894,12233,10868,11757,10019,12464,11060,12014,12083,11432,11030,12346,13751,13081,16416,13724,19061,13246,30077,9130,22526,8347,13686,4997,11165,4552,10343,1300,6909,45,1470,0,0,0,0,0,0,20250903
202508,중앙선,국수,11,1,859,90,1265,547,2025,603,1964,1300,1895,1084,1573,848,1370,1214,1249,1089,1440,1074,1023,985,1698,1309,1660,1557,1027,1860,862,2028,581,1520,507,1317,403,1219,425,1128,82,608,2,135,0,0,0,0,0,0,20250903
202508,중앙선,덕소,1516,3,3209,803,9180,2042,21847,3878,18178,5613,11680,5677,10380,4899,9839,4421,8497,5927,8513,7077,7091,6398,7477,9780,8009,10136,7401,12457,6172,19005,4036,17784,3416,9017,2426,10043,2090,8322,769,6238,5,1538,0,0,0,0,0,0,20250903
202508,중앙선,도농,1066,8,8136,908,18186,2672,43810,6803,35567,11911,19109,7216,16032,7656,14444,7395,12870,7689,12088,9124,10281,10033,10790,13476,13107,15796,13572,19027,11472,34856,6285,30164,5011,16051,4090,15437,2899,12941,975,10297,16,1831,0,0,0,0,0,0,20250903
202508,중앙선,도심,2,1,2061,297,5993,976,13509,2276,9228,3944,6062,2068,4603,1699,3626,1613,3976,2076,3337,2170,2990,1790,2830,3837,3621,2689,3408,5043,2876,7914,1617,6765,1261,3747,1069,3760,713,4290,321,2186,0,0,0,0,0,0,0,0,20250903
202508,중앙선,망우,334,5,8525,767,11158,2910,29287,5107,24395,11510,15504,8796,12510,8722,11477,10037,13236,10430,12218,9984,11144,11875,11089,13252,11805,15099,12079,19488,12146,25918,8137,20715,5538,12695,4686,10120,3066,8887,1294,6155,29,573,0,0,0,0,0,0,20250903
202508,중앙선,상봉,881,19,6656,785,8662,2771,20436,4226,21689,7261,12800,5712,8742,6109,8187,6312,10187,8684,8304,7571,7720,8012,8940,8902,8269,10299,8985,14347,9107,22582,6329,17738,5223,10771,4947,9061,3129,9393,1645,5613,151,1139,0,0,0,0,0,0,20250903
202508,중앙선,신원,2,0,130,19,181,168,450,251,348,490,389,367,311,360,306,322,286,261,418,323,274,322,376,304,377,218,492,273,610,343,209,206,125,198,56,179,39,101,2,55,1,11,0,0,0,0,0,0,20250903
202508,중앙선,아신,11,1,510,22,790,222,1756,523,1437,789,1453,1041,1368,911,1086,1053,967,667,1049,893,912,894,1343,757,1232,1394,1013,1437,725,1562,496,931,335,923,206,1112,110,1002,18,485,10,178,0,0,0,0,0,0,20250903
202508,중앙선,양수,4,0,1044,226,2136,1068,5596,2219,4496,3112,4392,3423,3497,4071,3556,3739,3425,3531,4145,3855,4031,3279,5071,3548,4492,3540,4095,4369,3298,3855,1884,4182,1647,2909,924,2754,311,1859,132,1637,0,331,0,0,0,0,0,0,20250903
202508,중앙선,양원,170,5,2727,450,4979,1854,11932,7528,10657,5931,6075,2873,4991,2913,4167,3083,4834,3049,4468,3434,3866,3192,5821,4076,6787,4978,4927,7193,3782,9404,2441,9090,1733,5189,1244,4202,994,3947,279,2526,3,192,0,0,0,0,0,0,20250903
202508,중앙선,양정,147,0,192,212,553,1054,1164,1421,1077,1620,804,734,776,667,755,484,694,524,873,561,950,464,1070,709,1427,682,1525,731,1752,955,638,693,316,304,300,414,100,265,36,248,1,39,0,0,0,0,0,0,20250903
202508,중앙선,양평,213,7,2142,156,4210,1518,9467,5043,6980,6608,5890,4538,7839,4726,6673,6880,6857,6310,7194,4388,6806,7109,6520,5745,7682,6545,6752,9863,5646,9477,3401,5003,3366,6763,2817,4041,1987,4505,270,4269,81,1218,0,0,0,0,0,0,20250903
202508,중앙선,오빈,8,0,285,53,511,392,1022,411,874,528,792,396,854,403,582,519,586,408,582,340,414,529,531,419,538,600,464,901,456,1143,270,480,186,435,94,562,68,443,3,230,1,73,0,0,0,0,0,0,20250903
202508,중앙선,용문,490,4,1106,27,2540,686,4318,2297,4731,4335,3817,2855,4633,5869,4478,10326,6025,6060,7162,8073,8435,5804,8450,2788,8594,7063,6482,5433,3699,4118,2345,3344,1143,3331,850,2421,321,2162,2,1744,0,728,0,0,0,0,0,0,20250903
202508,중앙선,운길산,1,0,270,114,480,594,1341,812,1357,1110,1196,1753,1235,1829,1052,1908,1343,1423,1555,1139,1711,1065,2094,1187,1528,1057,1622,1155,1114,953,923,1209,611,586,234,615,110,488,24,361,1,10,1,1,0,0,0,0,20250903
202508,중앙선,원덕,135,2,336,20,639,326,991,466,1106,581,1113,522,1014,642,760,600,645,594,693,552,679,654,716,666,834,910,619,1050,450,1016,361,631,222,542,131,566,27,445,2,254,0,115,0,0,0,0,0,0,20250903
202508,중앙선,중랑,238,3,5961,661,9158,1969,19704,3301,22028,6138,15102,5353,9455,5071,9222,5276,9137,6036,8342,7294,7492,7022,7399,9924,7557,11486,7485,14989,7917,20073,5278,15671,3484,10097,2902,8891,1924,8277,761,5049,17,385,0,0,0,0,0,0,20250903
202508,중앙선,지평,0,0,0,0,1,0,307,204,39,142,55,13,404,361,0,4,5,0,85,2,506,500,0,0,1,0,87,291,34,45,198,262,1,1,24,166,1,8,0,0,0,0,0,0,0,0,0,0,20250903
202508,중앙선,팔당,4,0,311,163,548,644,1109,1652,1211,3100,1071,2718,1080,2557,1127,2148,1194,2231,1299,1627,1632,1351,2061,1662,2198,1313,2511,1438,2419,1426,1817,1005,1974,659,1485,399,913,402,192,160,0,0,0,0,0,0,0,0,20250903
202508,중앙선,회기,1135,7,12332,3539,21593,12433,56120,27140,70911,48014,50065,30649,38221,27588,39307,25859,41319,28349,41077,33949,40206,29751,45543,33731,49471,39333,57478,49824,46018,68894,27082,57183,22469,39727,21641,39813,19420,44548,9154,28327,542,5696,0,0,0,0,0,0,20250903
